# Blender 5.2.0 LTS
# www.blender.org
mtllib Untitled.mtl
o Object_2
v 0.025439 0.340448 0.013299
v 0.024349 0.342031 0.017200
v 0.026700 0.334702 0.014633
v 0.026700 0.334702 0.014633
v 0.024349 0.342031 0.017200
v 0.025439 0.336531 0.019134
v 0.024349 0.342031 0.017200
v 0.021377 0.343188 0.020054
v 0.025439 0.336531 0.019134
v 0.025439 0.336531 0.019134
v 0.021377 0.343188 0.020054
v 0.022004 0.337869 0.022432
v 0.021377 0.343188 0.020054
v 0.017308 0.343615 0.021099
v 0.022004 0.337869 0.022432
v 0.022004 0.337869 0.022432
v 0.017308 0.343615 0.021099
v 0.017308 0.338360 0.023638
v 0.017308 0.343615 0.021099
v 0.013246 0.343188 0.020054
v 0.017308 0.338360 0.023638
v 0.017308 0.338360 0.023638
v 0.013246 0.343188 0.020054
v 0.012618 0.337869 0.022432
v 0.013246 0.343188 0.020054
v 0.009177 0.336531 0.019134
v 0.012618 0.337869 0.022432
v 0.025439 0.340448 0.013299
v 0.021377 0.345568 0.014574
v 0.024349 0.342031 0.017200
v 0.021377 0.345568 0.014574
v 0.019659 0.346234 0.016222
v 0.024349 0.342031 0.017200
v 0.024349 0.342031 0.017200
v 0.019659 0.346234 0.016222
v 0.021377 0.343188 0.020054
v 0.019659 0.346234 0.016222
v 0.017308 0.346479 0.016826
v 0.021377 0.343188 0.020054
v 0.021377 0.343188 0.020054
v 0.017308 0.346479 0.016826
v 0.017308 0.343615 0.021099
v 0.017308 0.346479 0.016826
v 0.013246 0.343188 0.020054
v 0.017308 0.343615 0.021099
v 0.010267 0.327170 0.016560
v 0.013246 0.325760 0.019304
v 0.009177 0.332474 0.018960
v 0.009177 0.332474 0.018960
v 0.013246 0.325760 0.019304
v 0.012618 0.330848 0.022130
v 0.013246 0.325760 0.019304
v 0.017308 0.325240 0.020308
v 0.012618 0.330848 0.022130
v 0.012618 0.330848 0.022130
v 0.017308 0.325240 0.020308
v 0.017308 0.330251 0.023289
v 0.017308 0.325240 0.020308
v 0.021377 0.325760 0.019304
v 0.017308 0.330251 0.023289
v 0.017308 0.330251 0.023289
v 0.021377 0.325760 0.019304
v 0.022004 0.330848 0.022130
v 0.021377 0.325760 0.019304
v 0.024349 0.327170 0.016560
v 0.022004 0.330848 0.022130
v 0.022004 0.330848 0.022130
v 0.024349 0.327170 0.016560
v 0.025439 0.332474 0.018960
v 0.024349 0.327170 0.016560
v 0.026700 0.334702 0.014633
v 0.025439 0.332474 0.018960
v 0.024349 0.327170 0.016560
v 0.021377 0.325760 0.019304
v 0.019659 0.323066 0.015224
v 0.021377 0.325760 0.019304
v 0.017308 0.325240 0.020308
v 0.019659 0.323066 0.015224
v 0.019659 0.323066 0.015224
v 0.017308 0.325240 0.020308
v 0.017308 0.322767 0.015805
v 0.017308 0.325240 0.020308
v 0.013246 0.325760 0.019304
v 0.017308 0.322767 0.015805
v 0.017308 0.322767 0.015805
v 0.013246 0.325760 0.019304
v 0.014963 0.323066 0.015224
v 0.013246 0.325760 0.019304
v 0.010267 0.327170 0.016560
v 0.014963 0.323066 0.015224
v -0.010477 0.334702 0.014633
v -0.008126 0.327170 0.016560
v -0.009216 0.332474 0.018960
v -0.009216 0.332474 0.018960
v -0.008126 0.327170 0.016560
v -0.005781 0.330848 0.022130
v -0.008126 0.327170 0.016560
v -0.005154 0.325760 0.019304
v -0.005781 0.330848 0.022130
v -0.005781 0.330848 0.022130
v -0.005154 0.325760 0.019304
v -0.001085 0.330251 0.023289
v -0.005154 0.325760 0.019304
v -0.001085 0.325240 0.020308
v -0.001085 0.330251 0.023289
v -0.001085 0.330251 0.023289
v -0.001085 0.325240 0.020308
v 0.003605 0.330848 0.022130
v -0.001085 0.325240 0.020308
v 0.002977 0.325760 0.019304
v 0.003605 0.330848 0.022130
v 0.003605 0.330848 0.022130
v 0.002977 0.325760 0.019304
v 0.007046 0.332474 0.018960
v 0.002977 0.325760 0.019304
v 0.005956 0.327170 0.016560
v 0.007046 0.332474 0.018960
v -0.008126 0.327170 0.016560
v -0.003436 0.323066 0.015224
v -0.005154 0.325760 0.019304
v -0.005154 0.325760 0.019304
v -0.003436 0.323066 0.015224
v -0.001085 0.325240 0.020308
v -0.003436 0.323066 0.015224
v -0.001085 0.322767 0.015805
v -0.001085 0.325240 0.020308
v -0.001085 0.325240 0.020308
v -0.001085 0.322767 0.015805
v 0.002977 0.325760 0.019304
v -0.001085 0.322767 0.015805
v 0.001260 0.323066 0.015224
v 0.002977 0.325760 0.019304
v 0.002977 0.325760 0.019304
v 0.001260 0.323066 0.015224
v 0.005956 0.327170 0.016560
v 0.007046 0.336230 0.019197
v 0.002977 0.342823 0.020382
v 0.003605 0.337349 0.022541
v 0.003605 0.337349 0.022541
v 0.002977 0.342823 0.020382
v -0.001085 0.337757 0.023765
v 0.002977 0.342823 0.020382
v -0.001085 0.343179 0.021442
v -0.001085 0.337757 0.023765
v -0.001085 0.337757 0.023765
v -0.001085 0.343179 0.021442
v -0.005781 0.337349 0.022541
v -0.001085 0.343179 0.021442
v -0.005154 0.342823 0.020382
v -0.005781 0.337349 0.022541
v -0.005781 0.337349 0.022541
v -0.005154 0.342823 0.020382
v -0.009216 0.336230 0.019197
v -0.005154 0.342823 0.020382
v -0.008126 0.341856 0.017487
v -0.009216 0.336230 0.019197
v -0.009216 0.336230 0.019197
v -0.008126 0.341856 0.017487
v -0.010477 0.334702 0.014633
v -0.008126 0.341856 0.017487
v -0.009216 0.340532 0.013532
v -0.010477 0.334702 0.014633
v 0.002977 0.342823 0.020382
v -0.001085 0.346332 0.017295
v -0.001085 0.343179 0.021442
v -0.001085 0.343179 0.021442
v -0.001085 0.346332 0.017295
v -0.005154 0.342823 0.020382
v -0.001085 0.346332 0.017295
v -0.003436 0.346128 0.016684
v -0.005154 0.342823 0.020382
v -0.005154 0.342823 0.020382
v -0.003436 0.346128 0.016684
v -0.008126 0.341856 0.017487
v -0.003436 0.346128 0.016684
v -0.005154 0.345568 0.015012
v -0.008126 0.341856 0.017487
v -0.008126 0.341856 0.017487
v -0.005154 0.345568 0.015012
v -0.009216 0.340532 0.013532
v 0.042032 0.049234 -0.006502
v 0.043809 0.059181 -0.005844
v 0.041766 0.048831 0.000069
v 0.041766 0.048831 0.000069
v 0.043809 0.059181 -0.005844
v 0.043542 0.058772 0.000726
v 0.043809 0.059181 -0.005844
v 0.041304 0.062487 -0.005627
v 0.043542 0.058772 0.000726
v 0.043542 0.058772 0.000726
v 0.041304 0.062487 -0.005627
v 0.041037 0.062084 0.000944
v 0.041304 0.062487 -0.005627
v 0.038627 0.059178 -0.005759
v 0.041037 0.062084 0.000944
v 0.041037 0.062084 0.000944
v 0.038627 0.059178 -0.005759
v 0.038367 0.058769 0.000811
v 0.038627 0.059178 -0.005759
v 0.038793 0.055413 0.000677
v 0.038367 0.058769 0.000811
v 0.039059 0.055816 -0.005893
v 0.038793 0.055413 0.000677
v 0.038627 0.059178 -0.005759
v 0.011102 0.048949 0.000636
v 0.009326 0.058917 0.000774
v 0.011369 0.049071 -0.005946
v 0.011369 0.049071 -0.005946
v 0.009326 0.058917 0.000774
v 0.009592 0.059033 -0.005807
v 0.009326 0.058917 0.000774
v 0.011836 0.062229 0.000821
v 0.009592 0.059033 -0.005807
v 0.009592 0.059033 -0.005807
v 0.011836 0.062229 0.000821
v 0.012097 0.062352 -0.005762
v 0.011836 0.062229 0.000821
v 0.014507 0.058920 0.000689
v 0.012097 0.062352 -0.005762
v 0.012097 0.062352 -0.005762
v 0.014507 0.058920 0.000689
v 0.014774 0.059037 -0.005894
v 0.014507 0.058920 0.000689
v 0.014341 0.055681 -0.006029
v 0.014774 0.059037 -0.005894
v 0.014075 0.055558 0.000555
v 0.014341 0.055681 -0.006029
v 0.014507 0.058920 0.000689
v 0.034494 0.053154 -0.003324
v 0.026760 0.084285 0.008998
v 0.026931 0.047517 0.005543
v 0.026931 0.047517 0.005543
v 0.026760 0.084285 0.008998
v 0.017012 0.054440 -0.003273
v 0.026760 0.084285 0.008998
v 0.016840 0.084648 -0.000076
v 0.017012 0.054440 -0.003273
v 0.017012 0.054440 -0.003273
v 0.016840 0.084648 -0.000076
v 0.026760 0.085011 -0.009149
v 0.016840 0.084648 -0.000076
v 0.026594 0.091623 -0.006385
v 0.026760 0.085011 -0.009149
v 0.026760 0.085011 -0.009149
v 0.026594 0.091623 -0.006385
v 0.034423 0.084648 -0.000074
v 0.026594 0.091623 -0.006385
v 0.035879 0.091352 0.000389
v 0.034423 0.084648 -0.000074
v 0.034423 0.084648 -0.000074
v 0.035879 0.091352 0.000389
v 0.026594 0.091082 0.007158
v 0.017012 0.054440 -0.003273
v 0.026760 0.085011 -0.009149
v 0.026931 0.048243 -0.012615
v 0.026931 0.048243 -0.012615
v 0.026760 0.085011 -0.009149
v 0.034494 0.053154 -0.003324
v 0.026760 0.085011 -0.009149
v 0.034423 0.084648 -0.000074
v 0.034494 0.053154 -0.003324
v 0.034494 0.053154 -0.003324
v 0.034423 0.084648 -0.000074
v 0.026760 0.084285 0.008998
v 0.034423 0.084648 -0.000074
v 0.026594 0.091082 0.007158
v 0.026760 0.084285 0.008998
v 0.026760 0.084285 0.008998
v 0.026594 0.091082 0.007158
v 0.016840 0.084648 -0.000076
v 0.026594 0.091082 0.007158
v 0.015342 0.091352 0.000385
v 0.016840 0.084648 -0.000076
v 0.016840 0.084648 -0.000076
v 0.015342 0.091352 0.000385
v 0.026594 0.091623 -0.006385
v 0.042678 0.060141 -0.003045
v 0.026908 0.049235 -0.017503
v 0.026908 0.047970 0.014132
v 0.026908 0.047970 0.014132
v 0.026908 0.049235 -0.017503
v 0.010421 0.059223 -0.003082
v -0.022570 0.055413 0.000677
v -0.022404 0.059178 -0.005759
v -0.022143 0.058769 0.000811
v -0.022143 0.058769 0.000811
v -0.022404 0.059178 -0.005759
v -0.024814 0.062084 0.000944
v -0.022404 0.059178 -0.005759
v -0.025081 0.062487 -0.005627
v -0.024814 0.062084 0.000944
v -0.024814 0.062084 0.000944
v -0.025081 0.062487 -0.005627
v -0.027319 0.058772 0.000726
v -0.025081 0.062487 -0.005627
v -0.027586 0.059181 -0.005844
v -0.027319 0.058772 0.000726
v -0.027319 0.058772 0.000726
v -0.027586 0.059181 -0.005844
v -0.025543 0.048831 0.000069
v -0.027586 0.059181 -0.005844
v -0.025809 0.049234 -0.006502
v -0.025543 0.048831 0.000069
v -0.022836 0.055816 -0.005893
v -0.022404 0.059178 -0.005759
v -0.022570 0.055413 0.000677
v 0.001882 0.055681 -0.006029
v 0.001716 0.058920 0.000689
v 0.001449 0.059037 -0.005894
v 0.001449 0.059037 -0.005894
v 0.001716 0.058920 0.000689
v 0.004126 0.062352 -0.005762
v 0.001716 0.058920 0.000689
v 0.004387 0.062229 0.000821
v 0.004126 0.062352 -0.005762
v 0.004126 0.062352 -0.005762
v 0.004387 0.062229 0.000821
v 0.006631 0.059033 -0.005807
v 0.004387 0.062229 0.000821
v 0.006898 0.058917 0.000774
v 0.006631 0.059033 -0.005807
v 0.006631 0.059033 -0.005807
v 0.006898 0.058917 0.000774
v 0.004854 0.049071 -0.005946
v 0.006898 0.058917 0.000774
v 0.005121 0.048949 0.000636
v 0.004854 0.049071 -0.005946
v 0.002148 0.055558 0.000555
v 0.001716 0.058920 0.000689
v 0.001882 0.055681 -0.006029
v -0.018271 0.053154 -0.003324
v -0.010537 0.085011 -0.009149
v -0.010708 0.048243 -0.012615
v -0.010708 0.048243 -0.012615
v -0.010537 0.085011 -0.009149
v -0.000789 0.054440 -0.003273
v -0.010537 0.085011 -0.009149
v -0.000617 0.084648 -0.000076
v -0.000789 0.054440 -0.003273
v -0.000789 0.054440 -0.003273
v -0.000617 0.084648 -0.000076
v -0.010537 0.084285 0.008998
v -0.000617 0.084648 -0.000076
v -0.010371 0.091082 0.007158
v -0.010537 0.084285 0.008998
v -0.010537 0.084285 0.008998
v -0.010371 0.091082 0.007158
v -0.018199 0.084648 -0.000074
v -0.010371 0.091082 0.007158
v -0.019656 0.091352 0.000389
v -0.018199 0.084648 -0.000074
v -0.018199 0.084648 -0.000074
v -0.019656 0.091352 0.000389
v -0.010371 0.091623 -0.006385
v -0.000789 0.054440 -0.003273
v -0.010537 0.084285 0.008998
v -0.010708 0.047517 0.005543
v -0.010708 0.047517 0.005543
v -0.010537 0.084285 0.008998
v -0.018271 0.053154 -0.003324
v -0.010537 0.084285 0.008998
v -0.018199 0.084648 -0.000074
v -0.018271 0.053154 -0.003324
v -0.018271 0.053154 -0.003324
v -0.018199 0.084648 -0.000074
v -0.010537 0.085011 -0.009149
v -0.018199 0.084648 -0.000074
v -0.010371 0.091623 -0.006385
v -0.010537 0.085011 -0.009149
v -0.010537 0.085011 -0.009149
v -0.010371 0.091623 -0.006385
v -0.000617 0.084648 -0.000076
v -0.010371 0.091623 -0.006385
v 0.000881 0.091352 0.000385
v -0.000617 0.084648 -0.000076
v -0.000617 0.084648 -0.000076
v 0.000881 0.091352 0.000385
v -0.010371 0.091082 0.007158
v -0.026455 0.060141 -0.003045
v -0.010685 0.047970 0.014132
v -0.010685 0.049235 -0.017503
v -0.010685 0.049235 -0.017503
v -0.010685 0.047970 0.014132
v 0.005802 0.059223 -0.003082
v 0.033315 0.236509 0.003386
v 0.042832 0.247330 -0.004208
v 0.042832 0.237971 0.003444
v 0.042832 0.237971 0.003444
v 0.042832 0.247330 -0.004208
v 0.078730 0.247330 -0.004208
v 0.042832 0.247330 -0.004208
v 0.039361 0.256049 0.004167
v 0.078730 0.247330 -0.004208
v 0.078730 0.256049 0.004167
v 0.039361 0.256049 0.004167
v 0.078730 0.246689 0.011821
v 0.078730 0.256049 0.004167
v 0.078730 0.256049 0.004167
v 0.078730 0.246689 0.011821
v 0.087880 0.258142 0.004250
v 0.078730 0.246689 0.011821
v 0.087880 0.247004 0.003805
v 0.087880 0.258142 0.004250
v 0.087880 0.258142 0.004250
v 0.087880 0.247004 0.003805
v 0.078730 0.247330 -0.004208
v 0.087880 0.247004 0.003805
v 0.087880 0.235714 0.003354
v 0.078730 0.247330 -0.004208
v 0.078730 0.247330 -0.004208
v 0.087880 0.235714 0.003354
v 0.078730 0.237971 0.003444
v 0.087880 0.235714 0.003354
v 0.078730 0.246689 0.011821
v 0.078730 0.237971 0.003444
v 0.078730 0.237971 0.003444
v 0.078730 0.246689 0.011821
v 0.042832 0.237971 0.003444
v 0.078730 0.246689 0.011821
v 0.042832 0.246690 0.011821
v 0.042832 0.237971 0.003444
v 0.042832 0.237971 0.003444
v 0.042832 0.246690 0.011821
v 0.033315 0.236509 0.003386
v 0.042832 0.246690 0.011821
v 0.031533 0.247010 0.003806
v 0.033315 0.236509 0.003386
v 0.033315 0.236509 0.003386
v 0.031533 0.247010 0.003806
v 0.042832 0.247330 -0.004208
v 0.031533 0.247010 0.003806
v 0.029768 0.258634 0.004270
v 0.042832 0.247330 -0.004208
v 0.042832 0.247330 -0.004208
v 0.029768 0.258634 0.004270
v 0.039361 0.256049 0.004167
v 0.029768 0.258634 0.004270
v 0.042832 0.246690 0.011821
v 0.039361 0.256049 0.004167
v 0.039361 0.256049 0.004167
v 0.042832 0.246690 0.011821
v 0.078730 0.246689 0.011821
v 0.042832 0.246690 0.011821
v 0.029768 0.258634 0.004270
v 0.031533 0.247010 0.003806
v 0.078730 0.246689 0.011821
v 0.087880 0.235714 0.003354
v 0.087880 0.247004 0.003805
v 0.087880 0.258142 0.004250
v 0.078730 0.247330 -0.004208
v 0.078730 0.256049 0.004167
v 0.078730 0.237971 0.003444
v -0.013545 0.258634 0.004270
v -0.026609 0.247330 -0.004208
v -0.023138 0.256049 0.004167
v -0.023138 0.256049 0.004167
v -0.026609 0.247330 -0.004208
v -0.062507 0.247330 -0.004208
v -0.026609 0.247330 -0.004208
v -0.026609 0.237971 0.003444
v -0.062507 0.247330 -0.004208
v -0.062507 0.237971 0.003444
v -0.026609 0.237971 0.003444
v -0.062507 0.246690 0.011821
v -0.062507 0.237971 0.003444
v -0.062507 0.237971 0.003444
v -0.062507 0.246690 0.011821
v -0.071656 0.235714 0.003354
v -0.062507 0.246690 0.011821
v -0.071656 0.247004 0.003805
v -0.071656 0.235714 0.003354
v -0.071656 0.235714 0.003354
v -0.071656 0.247004 0.003805
v -0.062507 0.247330 -0.004208
v -0.071656 0.247004 0.003805
v -0.071656 0.258142 0.004250
v -0.062507 0.247330 -0.004208
v -0.062507 0.247330 -0.004208
v -0.071656 0.258142 0.004250
v -0.062507 0.256049 0.004167
v -0.071656 0.258142 0.004250
v -0.062507 0.246690 0.011821
v -0.062507 0.256049 0.004167
v -0.062507 0.256049 0.004167
v -0.062507 0.246690 0.011821
v -0.023138 0.256049 0.004167
v -0.026609 0.246690 0.011821
v -0.023138 0.256049 0.004167
v -0.026609 0.246690 0.011821
v -0.013545 0.258634 0.004270
v -0.026609 0.246690 0.011821
v -0.015310 0.247010 0.003806
v -0.013545 0.258634 0.004270
v -0.013545 0.258634 0.004270
v -0.015310 0.247010 0.003806
v -0.026609 0.247330 -0.004208
v -0.015310 0.247010 0.003806
v -0.017092 0.236509 0.003386
v -0.026609 0.247330 -0.004208
v -0.026609 0.247330 -0.004208
v -0.017092 0.236509 0.003386
v -0.026609 0.237971 0.003444
v -0.017092 0.236509 0.003386
v -0.026609 0.246690 0.011821
v -0.026609 0.237971 0.003444
v -0.026609 0.237971 0.003444
v -0.026609 0.246690 0.011821
v -0.062507 0.246690 0.011821
v -0.015310 0.247010 0.003806
v -0.026609 0.246690 0.011821
v -0.017092 0.236509 0.003386
v -0.062507 0.247330 -0.004208
v -0.062507 0.256049 0.004167
v -0.023138 0.256049 0.004167
v -0.062507 0.247330 -0.004208
v -0.062507 0.237971 0.003444
v -0.071656 0.235714 0.003354
v -0.071656 0.247004 0.003805
v -0.062507 0.246690 0.011821
v -0.071656 0.258142 0.004250
v -0.008790 0.339527 0.018717
v -0.008343 0.339374 0.022578
v -0.005606 0.344030 0.019369
v -0.005606 0.344030 0.019369
v -0.008343 0.339374 0.022578
v -0.005347 0.343943 0.021567
v -0.008343 0.339374 0.022578
v -0.006023 0.339256 0.025699
v -0.005347 0.343943 0.021567
v -0.005347 0.343943 0.021567
v -0.006023 0.339256 0.025699
v -0.004027 0.343876 0.023345
v -0.006023 0.339256 0.025699
v -0.002455 0.339204 0.027243
v -0.004027 0.343876 0.023345
v -0.004027 0.343876 0.023345
v -0.002455 0.339204 0.027243
v -0.001992 0.343847 0.024225
v -0.002455 0.339204 0.027243
v 0.001411 0.339232 0.026796
v -0.001992 0.343847 0.024225
v -0.001992 0.343847 0.024225
v 0.001411 0.339232 0.026796
v 0.000204 0.343863 0.023971
v 0.001411 0.339232 0.026796
v 0.004532 0.339333 0.024480
v 0.000204 0.343863 0.023971
v 0.000204 0.343863 0.023971
v 0.004532 0.339333 0.024480
v 0.001986 0.343920 0.022650
v 0.004532 0.339333 0.024480
v 0.006077 0.339480 0.020912
v 0.001986 0.343920 0.022650
v 0.001986 0.343920 0.022650
v 0.006077 0.339480 0.020912
v 0.002862 0.344004 0.020620
v 0.006087 0.329371 0.020504
v 0.004542 0.329224 0.024063
v 0.002914 0.324972 0.019861
v 0.002914 0.324972 0.019861
v 0.004542 0.329224 0.024063
v 0.002038 0.324889 0.021891
v 0.004542 0.329224 0.024063
v 0.001428 0.329124 0.026373
v 0.002038 0.324889 0.021891
v 0.002038 0.324889 0.021891
v 0.001428 0.329124 0.026373
v 0.000256 0.324831 0.023212
v 0.001428 0.329124 0.026373
v -0.002425 0.329095 0.026819
v 0.000256 0.324831 0.023212
v 0.000256 0.324831 0.023212
v -0.002425 0.329095 0.026819
v -0.001940 0.324815 0.023466
v -0.002425 0.329095 0.026819
v -0.005982 0.329147 0.025278
v -0.001940 0.324815 0.023466
v -0.001940 0.324815 0.023466
v -0.005982 0.329147 0.025278
v -0.003975 0.324844 0.022586
v -0.005982 0.329147 0.025278
v -0.008297 0.329265 0.022167
v -0.003975 0.324844 0.022586
v -0.003975 0.324844 0.022586
v -0.008297 0.329265 0.022167
v -0.005295 0.324912 0.020809
v -0.008297 0.329265 0.022167
v -0.008745 0.329417 0.018317
v -0.005295 0.324912 0.020809
v -0.005295 0.324912 0.020809
v -0.008745 0.329417 0.018317
v -0.005554 0.324999 0.018610
v -0.006023 0.339256 0.025699
v -0.008343 0.339374 0.022578
v -0.006659 0.334222 0.026317
v -0.006659 0.334222 0.026317
v -0.008343 0.339374 0.022578
v -0.009300 0.334357 0.022763
v -0.008343 0.339374 0.022578
v -0.008790 0.339527 0.018717
v -0.009300 0.334357 0.022763
v -0.009300 0.334357 0.022763
v -0.008790 0.339527 0.018717
v -0.009811 0.334531 0.018364
v -0.006659 0.334222 0.026317
v -0.009300 0.334357 0.022763
v -0.005982 0.329147 0.025278
v -0.005982 0.329147 0.025278
v -0.009300 0.334357 0.022763
v -0.008297 0.329265 0.022167
v -0.009300 0.334357 0.022763
v -0.009811 0.334531 0.018364
v -0.008297 0.329265 0.022167
v -0.008297 0.329265 0.022167
v -0.009811 0.334531 0.018364
v -0.008745 0.329417 0.018317
v 0.007125 0.334477 0.020864
v 0.005368 0.334311 0.024928
v 0.006087 0.329371 0.020504
v 0.006087 0.329371 0.020504
v 0.005368 0.334311 0.024928
v 0.004542 0.329224 0.024063
v 0.005368 0.334311 0.024928
v 0.001809 0.334196 0.027568
v 0.004542 0.329224 0.024063
v 0.004542 0.329224 0.024063
v 0.001809 0.334196 0.027568
v 0.001428 0.329124 0.026373
v 0.001809 0.334196 0.027568
v 0.005368 0.334311 0.024928
v 0.001411 0.339232 0.026796
v 0.001411 0.339232 0.026796
v 0.005368 0.334311 0.024928
v 0.004532 0.339333 0.024480
v 0.005368 0.334311 0.024928
v 0.007125 0.334477 0.020864
v 0.004532 0.339333 0.024480
v 0.004532 0.339333 0.024480
v 0.007125 0.334477 0.020864
v 0.006077 0.339480 0.020912
v -0.001373 0.345490 0.020053
v -0.005606 0.344030 0.019369
v -0.005347 0.343943 0.021567
v -0.001373 0.345490 0.020053
v -0.005347 0.343943 0.021567
v -0.004027 0.343876 0.023345
v -0.001373 0.345490 0.020053
v -0.004027 0.343876 0.023345
v -0.001992 0.343847 0.024225
v -0.001373 0.345490 0.020053
v -0.001992 0.343847 0.024225
v 0.000204 0.343863 0.023971
v -0.001313 0.323512 0.019177
v -0.005295 0.324912 0.020809
v -0.005554 0.324999 0.018610
v -0.001373 0.345490 0.020053
v 0.000204 0.343863 0.023971
v 0.001986 0.343920 0.022650
v -0.001313 0.323512 0.019177
v -0.003975 0.324844 0.022586
v -0.005295 0.324912 0.020809
v -0.001313 0.323512 0.019177
v -0.001940 0.324815 0.023466
v -0.003975 0.324844 0.022586
v -0.001313 0.323512 0.019177
v 0.000256 0.324831 0.023212
v -0.001940 0.324815 0.023466
v -0.001373 0.345490 0.020053
v 0.001986 0.343920 0.022650
v 0.002862 0.344004 0.020620
v -0.001313 0.323512 0.019177
v 0.002038 0.324889 0.021891
v 0.000256 0.324831 0.023212
v -0.001313 0.323512 0.019177
v 0.002914 0.324972 0.019861
v 0.002038 0.324889 0.021891
v 0.001411 0.339232 0.026796
v -0.002455 0.339204 0.027243
v 0.001809 0.334196 0.027568
v 0.001809 0.334196 0.027568
v -0.002455 0.339204 0.027243
v -0.002595 0.334163 0.028075
v -0.002455 0.339204 0.027243
v -0.006023 0.339256 0.025699
v -0.002595 0.334163 0.028075
v -0.002595 0.334163 0.028075
v -0.006023 0.339256 0.025699
v -0.006659 0.334222 0.026317
v 0.001809 0.334196 0.027568
v -0.002595 0.334163 0.028075
v 0.001428 0.329124 0.026373
v 0.001428 0.329124 0.026373
v -0.002595 0.334163 0.028075
v -0.002425 0.329095 0.026819
v -0.002595 0.334163 0.028075
v -0.006659 0.334222 0.026317
v -0.002425 0.329095 0.026819
v -0.002425 0.329095 0.026819
v -0.006659 0.334222 0.026317
v -0.005982 0.329147 0.025278
v 0.010565 0.339480 0.020341
v 0.011846 0.339333 0.024012
v 0.013792 0.344004 0.020284
v 0.013792 0.344004 0.020284
v 0.011846 0.339333 0.024012
v 0.014518 0.343920 0.022373
v 0.011846 0.339333 0.024012
v 0.014790 0.339232 0.026550
v 0.014518 0.343920 0.022373
v 0.014518 0.343920 0.022373
v 0.014790 0.339232 0.026550
v 0.016199 0.343863 0.023820
v 0.014790 0.339232 0.026550
v 0.018612 0.339204 0.027277
v 0.016199 0.343863 0.023820
v 0.016199 0.343863 0.023820
v 0.018612 0.339204 0.027277
v 0.018377 0.343847 0.024233
v 0.018612 0.339204 0.027277
v 0.022289 0.339256 0.025997
v 0.018377 0.343847 0.024233
v 0.018377 0.343847 0.024233
v 0.022289 0.339256 0.025997
v 0.020464 0.343876 0.023504
v 0.022289 0.339256 0.025997
v 0.024825 0.339374 0.023053
v 0.020464 0.343876 0.023504
v 0.020464 0.343876 0.023504
v 0.024825 0.339374 0.023053
v 0.021917 0.343943 0.021827
v 0.024825 0.339374 0.023053
v 0.025558 0.339527 0.019236
v 0.021917 0.343943 0.021827
v 0.021917 0.343943 0.021827
v 0.025558 0.339527 0.019236
v 0.022329 0.344030 0.019653
v 0.025536 0.329417 0.018833
v 0.024809 0.329265 0.022640
v 0.022332 0.324999 0.018893
v 0.022332 0.324999 0.018893
v 0.024809 0.329265 0.022640
v 0.021920 0.324912 0.021067
v 0.024809 0.329265 0.022640
v 0.022279 0.329147 0.025575
v 0.021920 0.324912 0.021067
v 0.021920 0.324912 0.021067
v 0.022279 0.329147 0.025575
v 0.020468 0.324844 0.022744
v 0.022279 0.329147 0.025575
v 0.018614 0.329095 0.026852
v 0.020468 0.324844 0.022744
v 0.020468 0.324844 0.022744
v 0.018614 0.329095 0.026852
v 0.018380 0.324815 0.023473
v 0.018614 0.329095 0.026852
v 0.014803 0.329124 0.026126
v 0.018380 0.324815 0.023473
v 0.018380 0.324815 0.023473
v 0.014803 0.329124 0.026126
v 0.016202 0.324831 0.023059
v 0.014803 0.329124 0.026126
v 0.011865 0.329224 0.023596
v 0.016202 0.324831 0.023059
v 0.016202 0.324831 0.023059
v 0.011865 0.329224 0.023596
v 0.014521 0.324889 0.021612
v 0.011865 0.329224 0.023596
v 0.010590 0.329371 0.019934
v 0.014521 0.324889 0.021612
v 0.014521 0.324889 0.021612
v 0.010590 0.329371 0.019934
v 0.013796 0.324972 0.019523
v 0.014790 0.339232 0.026550
v 0.011846 0.339333 0.024012
v 0.014336 0.334196 0.027290
v 0.014336 0.334196 0.027290
v 0.011846 0.339333 0.024012
v 0.010985 0.334311 0.024399
v 0.011846 0.339333 0.024012
v 0.010565 0.339480 0.020341
v 0.010985 0.334311 0.024399
v 0.010985 0.334311 0.024399
v 0.010565 0.339480 0.020341
v 0.009523 0.334477 0.020218
v 0.014336 0.334196 0.027290
v 0.010985 0.334311 0.024399
v 0.014803 0.329124 0.026126
v 0.014803 0.329124 0.026126
v 0.010985 0.334311 0.024399
v 0.011865 0.329224 0.023596
v 0.010985 0.334311 0.024399
v 0.009523 0.334477 0.020218
v 0.011865 0.329224 0.023596
v 0.011865 0.329224 0.023596
v 0.009523 0.334477 0.020218
v 0.010590 0.329371 0.019934
v 0.026596 0.334531 0.018958
v 0.025771 0.334357 0.023307
v 0.025536 0.329417 0.018833
v 0.025536 0.329417 0.018833
v 0.025771 0.334357 0.023307
v 0.024809 0.329265 0.022640
v 0.025771 0.334357 0.023307
v 0.022873 0.334222 0.026660
v 0.024809 0.329265 0.022640
v 0.024809 0.329265 0.022640
v 0.022873 0.334222 0.026660
v 0.022279 0.329147 0.025575
v 0.022873 0.334222 0.026660
v 0.025771 0.334357 0.023307
v 0.022289 0.339256 0.025997
v 0.022289 0.339256 0.025997
v 0.025771 0.334357 0.023307
v 0.024825 0.339374 0.023053
v 0.025771 0.334357 0.023307
v 0.026596 0.334531 0.018958
v 0.024825 0.339374 0.023053
v 0.024825 0.339374 0.023053
v 0.026596 0.334531 0.018958
v 0.025558 0.339527 0.019236
v 0.018057 0.345490 0.020028
v 0.013792 0.344004 0.020284
v 0.014518 0.343920 0.022373
v 0.018057 0.345490 0.020028
v 0.014518 0.343920 0.022373
v 0.016199 0.343863 0.023820
v 0.018057 0.345490 0.020028
v 0.016199 0.343863 0.023820
v 0.018377 0.343847 0.024233
v 0.018057 0.345490 0.020028
v 0.018377 0.343847 0.024233
v 0.020464 0.343876 0.023504
v 0.018061 0.323512 0.019149
v 0.014521 0.324889 0.021612
v 0.013796 0.324972 0.019523
v 0.018057 0.345490 0.020028
v 0.020464 0.343876 0.023504
v 0.021917 0.343943 0.021827
v 0.018061 0.323512 0.019149
v 0.016202 0.324831 0.023059
v 0.014521 0.324889 0.021612
v 0.018061 0.323512 0.019149
v 0.018380 0.324815 0.023473
v 0.016202 0.324831 0.023059
v 0.018061 0.323512 0.019149
v 0.020468 0.324844 0.022744
v 0.018380 0.324815 0.023473
v 0.018057 0.345490 0.020028
v 0.021917 0.343943 0.021827
v 0.022329 0.344030 0.019653
v 0.018061 0.323512 0.019149
v 0.021920 0.324912 0.021067
v 0.020468 0.324844 0.022744
v 0.018061 0.323512 0.019149
v 0.022332 0.324999 0.018893
v 0.021920 0.324912 0.021067
v 0.022289 0.339256 0.025997
v 0.018612 0.339204 0.027277
v 0.022873 0.334222 0.026660
v 0.022873 0.334222 0.026660
v 0.018612 0.339204 0.027277
v 0.018691 0.334163 0.028117
v 0.018612 0.339204 0.027277
v 0.014790 0.339232 0.026550
v 0.018691 0.334163 0.028117
v 0.018691 0.334163 0.028117
v 0.014790 0.339232 0.026550
v 0.014336 0.334196 0.027290
v 0.022873 0.334222 0.026660
v 0.018691 0.334163 0.028117
v 0.022279 0.329147 0.025575
v 0.022279 0.329147 0.025575
v 0.018691 0.334163 0.028117
v 0.018614 0.329095 0.026852
v 0.018691 0.334163 0.028117
v 0.014336 0.334196 0.027290
v 0.018614 0.329095 0.026852
v 0.018614 0.329095 0.026852
v 0.014336 0.334196 0.027290
v 0.014803 0.329124 0.026126
v 0.034914 0.259672 0.005110
v 0.029762 0.232001 0.021817
v 0.036797 0.232783 0.002255
v 0.036797 0.232783 0.002255
v 0.029762 0.232001 0.021817
v 0.030556 0.212220 0.020756
v 0.029762 0.232001 0.021817
v 0.007999 0.212115 0.025877
v 0.030556 0.212220 0.020756
v 0.030556 0.212220 0.020756
v 0.007999 0.212115 0.025877
v 0.030265 0.194619 0.019936
v 0.007999 0.212115 0.025877
v 0.007993 0.194419 0.024944
v 0.030265 0.194619 0.019936
v 0.030265 0.194619 0.019936
v 0.007993 0.194419 0.024944
v 0.008076 0.181182 0.022512
v 0.007993 0.194419 0.024944
v -0.014048 0.194619 0.019938
v 0.008076 0.181182 0.022512
v 0.008076 0.181182 0.022512
v -0.014048 0.194619 0.019938
v -0.014078 0.181373 0.018022
v -0.014048 0.194619 0.019938
v -0.021279 0.195378 0.000951
v -0.014078 0.181373 0.018022
v -0.014078 0.181373 0.018022
v -0.021279 0.195378 0.000951
v -0.020746 0.182009 0.001066
v -0.021279 0.195378 0.000951
v -0.014427 0.196078 -0.016568
v -0.020746 0.182009 0.001066
v -0.020746 0.182009 0.001066
v -0.014427 0.196078 -0.016568
v -0.014327 0.182877 -0.015214
v -0.014427 0.196078 -0.016568
v 0.008112 0.196334 -0.022975
v -0.014327 0.182877 -0.015214
v -0.014327 0.182877 -0.015214
v 0.008112 0.196334 -0.022975
v 0.008112 0.182291 -0.021062
v 0.008112 0.196334 -0.022975
v 0.030550 0.182882 -0.015208
v 0.008112 0.182291 -0.021062
v 0.008112 0.182291 -0.021062
v 0.030550 0.182882 -0.015208
v 0.008112 0.170432 -0.012265
v 0.030550 0.182882 -0.015208
v 0.027784 0.172699 -0.009062
v 0.008112 0.170432 -0.012265
v 0.036969 0.182010 0.001064
v 0.030650 0.196078 -0.016568
v 0.037265 0.195378 0.000951
v 0.037265 0.195378 0.000951
v 0.030650 0.196078 -0.016568
v 0.030259 0.213698 -0.016240
v 0.030650 0.196078 -0.016568
v 0.008112 0.196334 -0.022975
v 0.030259 0.213698 -0.016240
v 0.030259 0.213698 -0.016240
v 0.008112 0.196334 -0.022975
v 0.008112 0.214052 -0.022598
v 0.008112 0.196334 -0.022975
v -0.014427 0.196078 -0.016568
v 0.008112 0.214052 -0.022598
v 0.008112 0.214052 -0.022598
v -0.014427 0.196078 -0.016568
v -0.014030 0.213886 -0.016237
v -0.014427 0.196078 -0.016568
v -0.021480 0.213224 0.001478
v -0.014030 0.213886 -0.016237
v -0.014030 0.213886 -0.016237
v -0.021480 0.213224 0.001478
v -0.020805 0.232783 0.002255
v -0.021480 0.213224 0.001478
v -0.014332 0.212413 0.020761
v -0.020805 0.232783 0.002255
v -0.020805 0.232783 0.002255
v -0.014332 0.212413 0.020761
v -0.013770 0.232001 0.021817
v -0.014332 0.212413 0.020761
v 0.007999 0.212115 0.025877
v -0.013770 0.232001 0.021817
v -0.013770 0.232001 0.021817
v 0.007999 0.212115 0.025877
v 0.007999 0.231811 0.026565
v 0.007999 0.212115 0.025877
v 0.029762 0.232001 0.021817
v 0.007999 0.231811 0.026565
v 0.007999 0.231811 0.026565
v 0.029762 0.232001 0.021817
v 0.028465 0.256679 0.020193
v 0.029762 0.232001 0.021817
v 0.034914 0.259672 0.005110
v 0.028465 0.256679 0.020193
v 0.036969 0.182010 0.001064
v 0.030301 0.181367 0.018017
v 0.033078 0.173427 0.000991
v 0.033078 0.173427 0.000991
v 0.030301 0.181367 0.018017
v 0.028661 0.173286 0.010672
v 0.030301 0.181367 0.018017
v 0.008076 0.181182 0.022512
v 0.028661 0.173286 0.010672
v 0.028661 0.173286 0.010672
v 0.008076 0.181182 0.022512
v 0.008112 0.171727 0.013337
v 0.008076 0.181182 0.022512
v -0.014078 0.181373 0.018022
v 0.008112 0.171727 0.013337
v 0.008112 0.171727 0.013337
v -0.014078 0.181373 0.018022
v -0.012437 0.173286 0.010672
v -0.014078 0.181373 0.018022
v -0.020746 0.182009 0.001066
v -0.012437 0.173286 0.010672
v -0.012437 0.173286 0.010672
v -0.020746 0.182009 0.001066
v -0.016855 0.173433 0.000992
v -0.020746 0.182009 0.001066
v -0.014327 0.182877 -0.015214
v -0.016855 0.173433 0.000992
v -0.016855 0.173433 0.000992
v -0.014327 0.182877 -0.015214
v -0.011567 0.172693 -0.009065
v -0.014327 0.182877 -0.015214
v 0.008112 0.182291 -0.021062
v -0.011567 0.172693 -0.009065
v -0.011567 0.172693 -0.009065
v 0.008112 0.182291 -0.021062
v 0.008112 0.170432 -0.012265
v 0.028465 0.256679 0.020193
v 0.007958 0.255658 0.024936
v 0.007999 0.231811 0.026565
v 0.007958 0.255658 0.024936
v -0.011093 0.256679 0.020195
v 0.007999 0.231811 0.026565
v 0.007999 0.231811 0.026565
v -0.011093 0.256679 0.020195
v -0.013770 0.232001 0.021817
v -0.011093 0.256679 0.020195
v -0.019088 0.259666 0.005116
v -0.013770 0.232001 0.021817
v -0.013770 0.232001 0.021817
v -0.019088 0.259666 0.005116
v -0.020805 0.232783 0.002255
v -0.019088 0.259666 0.005116
v -0.013006 0.233489 -0.015424
v -0.020805 0.232783 0.002255
v -0.020805 0.232783 0.002255
v -0.013006 0.233489 -0.015424
v -0.014030 0.213886 -0.016237
v -0.013006 0.233489 -0.015424
v 0.008112 0.214052 -0.022598
v -0.014030 0.213886 -0.016237
v 0.037484 0.212950 0.001467
v 0.030259 0.213698 -0.016240
v 0.036797 0.232783 0.002255
v 0.036797 0.232783 0.002255
v 0.030259 0.213698 -0.016240
v 0.029750 0.233437 -0.014116
v 0.030259 0.213698 -0.016240
v 0.008112 0.214052 -0.022598
v 0.029750 0.233437 -0.014116
v 0.029750 0.233437 -0.014116
v 0.008112 0.214052 -0.022598
v 0.008112 0.233723 -0.021287
v 0.008112 0.214052 -0.022598
v -0.013006 0.233489 -0.015424
v 0.008112 0.233723 -0.021287
v 0.008112 0.233723 -0.021287
v -0.013006 0.233489 -0.015424
v -0.010075 0.260800 -0.011687
v -0.013006 0.233489 -0.015424
v -0.019088 0.259666 0.005116
v -0.010075 0.260800 -0.011687
v 0.007999 0.212115 0.025877
v -0.014332 0.212413 0.020761
v 0.007993 0.194419 0.024944
v 0.007993 0.194419 0.024944
v -0.014332 0.212413 0.020761
v -0.014048 0.194619 0.019938
v -0.014332 0.212413 0.020761
v -0.021480 0.213224 0.001478
v -0.014048 0.194619 0.019938
v -0.014048 0.194619 0.019938
v -0.021480 0.213224 0.001478
v -0.021279 0.195378 0.000951
v -0.021480 0.213224 0.001478
v -0.014427 0.196078 -0.016568
v -0.021279 0.195378 0.000951
v 0.036797 0.232783 0.002255
v 0.030556 0.212220 0.020756
v 0.037484 0.212950 0.001467
v 0.037484 0.212950 0.001467
v 0.030556 0.212220 0.020756
v 0.037265 0.195378 0.000951
v 0.030556 0.212220 0.020756
v 0.030265 0.194619 0.019936
v 0.037265 0.195378 0.000951
v 0.037265 0.195378 0.000951
v 0.030265 0.194619 0.019936
v 0.030301 0.181367 0.018017
v 0.030265 0.194619 0.019936
v 0.008076 0.181182 0.022512
v 0.030301 0.181367 0.018017
v 0.036797 0.232783 0.002255
v 0.029750 0.233437 -0.014116
v 0.034914 0.259672 0.005110
v 0.034914 0.259672 0.005110
v 0.029750 0.233437 -0.014116
v 0.027358 0.260738 -0.010282
v 0.029750 0.233437 -0.014116
v 0.008112 0.233723 -0.021287
v 0.027358 0.260738 -0.010282
v 0.027358 0.260738 -0.010282
v 0.008112 0.233723 -0.021287
v 0.008112 0.260175 -0.018036
v 0.008112 0.233723 -0.021287
v -0.010075 0.260800 -0.011687
v 0.008112 0.260175 -0.018036
v 0.033078 0.173427 0.000991
v 0.027784 0.172699 -0.009062
v 0.036969 0.182010 0.001064
v 0.027784 0.172699 -0.009062
v 0.030550 0.182882 -0.015208
v 0.036969 0.182010 0.001064
v 0.036969 0.182010 0.001064
v 0.030550 0.182882 -0.015208
v 0.030650 0.196078 -0.016568
v 0.030550 0.182882 -0.015208
v 0.008112 0.196334 -0.022975
v 0.030650 0.196078 -0.016568
v 0.037484 0.212950 0.001467
v 0.037265 0.195378 0.000951
v 0.030259 0.213698 -0.016240
v 0.036969 0.182010 0.001064
v 0.037265 0.195378 0.000951
v 0.030301 0.181367 0.018017
v 0.014028 0.345019 0.030734
v 0.022182 0.346016 0.027897
v 0.014105 0.347342 0.030933
v 0.014105 0.347342 0.030933
v 0.022182 0.346016 0.027897
v 0.022259 0.348345 0.028097
v 0.022182 0.346016 0.027897
v 0.029543 0.343602 0.025159
v 0.022259 0.348345 0.028097
v -0.013361 0.343443 0.025159
v -0.006000 0.345577 0.027897
v -0.006083 0.347905 0.028097
v -0.006083 0.347905 0.028097
v -0.006000 0.345577 0.027897
v 0.002071 0.347182 0.030933
v -0.006000 0.345577 0.027897
v 0.002154 0.344860 0.030734
v 0.002071 0.347182 0.030933
v 0.014412 0.326709 0.026183
v 0.016746 0.332603 0.016467
v 0.011138 0.333132 0.025202
v 0.011138 0.333132 0.025202
v 0.016746 0.332603 0.016467
v 0.014691 0.341484 0.028549
v 0.016746 0.332603 0.016467
v 0.025451 0.341779 0.024105
v 0.014691 0.341484 0.028549
v 0.014691 0.341484 0.028549
v 0.025451 0.341779 0.024105
v 0.028501 0.345260 0.024180
v 0.025451 0.341779 0.024105
v 0.026221 0.331855 0.021257
v 0.028501 0.345260 0.024180
v 0.028501 0.345260 0.024180
v 0.026221 0.331855 0.021257
v 0.029886 0.331980 0.019156
v 0.026221 0.331855 0.021257
v 0.024385 0.326653 0.025678
v 0.029886 0.331980 0.019156
v 0.029886 0.331980 0.019156
v 0.024385 0.326653 0.025678
v 0.026475 0.322903 0.026331
v 0.024385 0.326653 0.025678
v 0.014412 0.326709 0.026183
v 0.026475 0.322903 0.026331
v 0.026475 0.322903 0.026331
v 0.014412 0.326709 0.026183
v 0.012026 0.323466 0.028793
v 0.014412 0.326709 0.026183
v 0.011138 0.333132 0.025202
v 0.012026 0.323466 0.028793
v 0.012026 0.323466 0.028793
v 0.011138 0.333132 0.025202
v 0.010765 0.333044 0.026518
v 0.011138 0.333132 0.025202
v 0.014691 0.341484 0.028549
v 0.010765 0.333044 0.026518
v 0.010765 0.333044 0.026518
v 0.014691 0.341484 0.028549
v 0.008112 0.341449 0.028992
v 0.014691 0.341484 0.028549
v 0.008112 0.347883 0.030631
v 0.008112 0.341449 0.028992
v 0.008112 0.313008 0.036076
v 0.012583 0.315236 0.036162
v 0.008112 0.315211 0.043250
v 0.008112 0.315211 0.043250
v 0.012583 0.315236 0.036162
v 0.008112 0.321144 0.035180
v 0.012583 0.315236 0.036162
v 0.012026 0.323466 0.028793
v 0.008112 0.321144 0.035180
v 0.008112 0.321144 0.035180
v 0.012026 0.323466 0.028793
v 0.008112 0.324899 0.030741
v 0.012026 0.323466 0.028793
v 0.010765 0.333044 0.026518
v 0.008112 0.324899 0.030741
v 0.008112 0.324899 0.030741
v 0.010765 0.333044 0.026518
v 0.008112 0.333202 0.027537
v 0.010765 0.333044 0.026518
v 0.008112 0.341449 0.028992
v 0.008112 0.333202 0.027537
v 0.025451 0.341779 0.024105
v 0.016746 0.332603 0.016467
v 0.026221 0.331855 0.021257
v 0.026221 0.331855 0.021257
v 0.016746 0.332603 0.016467
v 0.024385 0.326653 0.025678
v 0.016746 0.332603 0.016467
v 0.014412 0.326709 0.026183
v 0.024385 0.326653 0.025678
v 0.008112 0.347883 0.030631
v 0.014691 0.341484 0.028549
v 0.017610 0.347954 0.029461
v 0.017610 0.347954 0.029461
v 0.014691 0.341484 0.028549
v 0.028501 0.345260 0.024180
v 0.008112 0.312197 0.031775
v 0.012583 0.315236 0.036162
v 0.008112 0.313008 0.036076
v -0.013344 0.314911 -0.005956
v -0.014658 0.313373 -0.000155
v -0.018768 0.328797 -0.004371
v -0.014226 0.310458 0.004657
v -0.018963 0.311844 0.001331
v -0.014658 0.313373 -0.000155
v -0.014658 0.313373 -0.000155
v -0.018963 0.311844 0.001331
v -0.017844 0.313603 -0.001796
v -0.018963 0.311844 0.001331
v -0.021759 0.330839 -0.005790
v -0.017844 0.313603 -0.001796
v -0.017844 0.313603 -0.001796
v -0.021759 0.330839 -0.005790
v -0.014658 0.313373 -0.000155
v -0.021759 0.330839 -0.005790
v -0.018768 0.328797 -0.004371
v -0.014658 0.313373 -0.000155
v -0.021759 0.330839 -0.005790
v -0.018963 0.311844 0.001331
v -0.023411 0.333514 -0.003557
v -0.023411 0.333514 -0.003557
v -0.018963 0.311844 0.001331
v -0.018282 0.332731 0.004180
v -0.018963 0.311844 0.001331
v -0.014226 0.310458 0.004657
v -0.018282 0.332731 0.004180
v -0.023411 0.333514 -0.003557
v -0.018282 0.332731 0.004180
v -0.021759 0.330839 -0.005790
v -0.021759 0.330839 -0.005790
v -0.018282 0.332731 0.004180
v -0.018768 0.328797 -0.004371
v -0.012953 0.357938 0.015562
v -0.012580 0.359887 0.012361
v -0.014486 0.350961 0.017236
v -0.014486 0.350961 0.017236
v -0.012580 0.359887 0.012361
v -0.020077 0.355247 0.005816
v -0.012580 0.359887 0.012361
v -0.020473 0.354898 -0.004645
v -0.020077 0.355247 0.005816
v -0.020077 0.355247 0.005816
v -0.020473 0.354898 -0.004645
v -0.018768 0.328797 -0.004371
v -0.020473 0.354898 -0.004645
v -0.013610 0.347833 -0.020988
v -0.018768 0.328797 -0.004371
v -0.018768 0.328797 -0.004371
v -0.013610 0.347833 -0.020988
v -0.010146 0.319430 -0.021441
v -0.013610 0.347833 -0.020988
v 0.008112 0.350307 -0.026488
v -0.010146 0.319430 -0.021441
v -0.010146 0.319430 -0.021441
v 0.008112 0.350307 -0.026488
v 0.008112 0.320054 -0.025904
v -0.018768 0.328797 -0.004371
v -0.010146 0.319430 -0.021441
v -0.013344 0.314911 -0.005956
v -0.013344 0.314911 -0.005956
v -0.010146 0.319430 -0.021441
v -0.007108 0.304544 -0.006074
v -0.010146 0.319430 -0.021441
v -0.004502 0.305415 -0.017170
v -0.007108 0.304544 -0.006074
v -0.007108 0.304544 -0.006074
v -0.004502 0.305415 -0.017170
v -0.001855 0.298483 -0.006376
v -0.004502 0.305415 -0.017170
v 0.008112 0.297001 -0.014567
v -0.001855 0.298483 -0.006376
v -0.012580 0.359887 0.012361
v -0.011004 0.362040 -0.012355
v -0.020473 0.354898 -0.004645
v -0.020473 0.354898 -0.004645
v -0.011004 0.362040 -0.012355
v -0.013610 0.347833 -0.020988
v -0.011004 0.362040 -0.012355
v 0.008112 0.365059 -0.020764
v -0.013610 0.347833 -0.020988
v -0.013610 0.347833 -0.020988
v 0.008112 0.365059 -0.020764
v 0.008112 0.350307 -0.026488
v 0.008112 0.320054 -0.025904
v 0.008112 0.306008 -0.021446
v -0.010146 0.319430 -0.021441
v -0.010146 0.319430 -0.021441
v 0.008112 0.306008 -0.021446
v -0.004502 0.305415 -0.017170
v 0.008112 0.306008 -0.021446
v 0.008112 0.297001 -0.014567
v -0.004502 0.305415 -0.017170
v -0.014486 0.350961 0.017236
v -0.020077 0.355247 0.005816
v -0.015967 0.333434 0.011936
v -0.015967 0.333434 0.011936
v -0.020077 0.355247 0.005816
v -0.018282 0.332731 0.004180
v -0.020077 0.355247 0.005816
v -0.018768 0.328797 -0.004371
v -0.018282 0.332731 0.004180
v -0.012580 0.359887 0.012361
v 0.003635 0.367893 0.007527
v -0.011004 0.362040 -0.012355
v -0.011004 0.362040 -0.012355
v 0.003635 0.367893 0.007527
v 0.008112 0.365059 -0.020764
v 0.029170 0.354364 0.016636
v 0.032705 0.356389 0.013289
v 0.025954 0.357928 0.016678
v 0.025954 0.357928 0.016678
v 0.032705 0.356389 0.013289
v 0.025954 0.363343 0.013670
v 0.032705 0.356389 0.013289
v 0.036164 0.354945 -0.005961
v 0.025954 0.363343 0.013670
v 0.025954 0.363343 0.013670
v 0.036164 0.354945 -0.005961
v 0.028051 0.361930 -0.012241
v 0.036164 0.354945 -0.005961
v 0.029833 0.347833 -0.020988
v 0.028051 0.361930 -0.012241
v 0.028051 0.361930 -0.012241
v 0.029833 0.347833 -0.020988
v 0.008112 0.365059 -0.020764
v 0.029833 0.347833 -0.020988
v 0.008112 0.350307 -0.026488
v 0.008112 0.365059 -0.020764
v 0.032705 0.356389 0.013289
v 0.034991 0.328797 -0.004371
v 0.036164 0.354945 -0.005961
v 0.036164 0.354945 -0.005961
v 0.034991 0.328797 -0.004371
v 0.029833 0.347833 -0.020988
v 0.034991 0.328797 -0.004371
v 0.026369 0.319430 -0.021441
v 0.029833 0.347833 -0.020988
v 0.029833 0.347833 -0.020988
v 0.026369 0.319430 -0.021441
v 0.008112 0.350307 -0.026488
v 0.026369 0.319430 -0.021441
v 0.008112 0.320054 -0.025904
v 0.008112 0.350307 -0.026488
v 0.008112 0.297001 -0.014567
v 0.020725 0.305415 -0.017170
v 0.018078 0.298483 -0.006376
v 0.018078 0.298483 -0.006376
v 0.020725 0.305415 -0.017170
v 0.023331 0.304544 -0.006074
v 0.020725 0.305415 -0.017170
v 0.026369 0.319430 -0.021441
v 0.023331 0.304544 -0.006074
v 0.023331 0.304544 -0.006074
v 0.026369 0.319430 -0.021441
v 0.029567 0.314911 -0.005956
v 0.026369 0.319430 -0.021441
v 0.034991 0.328797 -0.004371
v 0.029567 0.314911 -0.005956
v 0.034991 0.328797 -0.004371
v 0.032705 0.356389 0.013289
v 0.034505 0.332731 0.004180
v 0.034505 0.332731 0.004180
v 0.032705 0.356389 0.013289
v 0.031136 0.332266 0.012131
v 0.032705 0.356389 0.013289
v 0.029170 0.354364 0.016636
v 0.031136 0.332266 0.012131
v 0.008112 0.297001 -0.014567
v 0.008112 0.306008 -0.021446
v 0.020725 0.305415 -0.017170
v 0.020725 0.305415 -0.017170
v 0.008112 0.306008 -0.021446
v 0.026369 0.319430 -0.021441
v 0.008112 0.306008 -0.021446
v 0.008112 0.320054 -0.025904
v 0.026369 0.319430 -0.021441
v 0.025954 0.363343 0.013670
v 0.028051 0.361930 -0.012241
v 0.003635 0.367893 0.007527
v 0.003635 0.367893 0.007527
v 0.028051 0.361930 -0.012241
v 0.008112 0.365059 -0.020764
v 0.030881 0.313373 -0.000155
v 0.029567 0.314911 -0.005956
v 0.034991 0.328797 -0.004371
v -0.013344 0.314911 -0.005956
v -0.007108 0.304544 -0.006074
v -0.014658 0.313373 -0.000155
v -0.014658 0.313373 -0.000155
v -0.007108 0.304544 -0.006074
v -0.013930 0.306666 0.001804
v -0.007108 0.304544 -0.006074
v -0.001855 0.298483 -0.006376
v -0.013930 0.306666 0.001804
v -0.013930 0.306666 0.001804
v -0.001855 0.298483 -0.006376
v -0.013231 0.299364 0.002810
v -0.001855 0.298483 -0.006376
v -0.010880 0.292076 0.004345
v -0.013231 0.299364 0.002810
v -0.013231 0.299364 0.002810
v -0.010880 0.292076 0.004345
v -0.015339 0.299436 0.011561
v -0.014658 0.313373 -0.000155
v -0.013930 0.306666 0.001804
v -0.014226 0.310458 0.004657
v -0.014226 0.310458 0.004657
v -0.013930 0.306666 0.001804
v -0.015446 0.307697 0.012040
v -0.013930 0.306666 0.001804
v -0.013231 0.299364 0.002810
v -0.015446 0.307697 0.012040
v -0.015446 0.307697 0.012040
v -0.013231 0.299364 0.002810
v -0.015339 0.299436 0.011561
v -0.015304 0.316022 0.012396
v -0.014226 0.310458 0.004657
v -0.015446 0.307697 0.012040
v -0.013663 0.331980 0.019156
v -0.015967 0.333434 0.011936
v -0.015304 0.316022 0.012396
v -0.015304 0.316022 0.012396
v -0.015967 0.333434 0.011936
v -0.014226 0.310458 0.004657
v -0.015967 0.333434 0.011936
v -0.018282 0.332731 0.004180
v -0.014226 0.310458 0.004657
v -0.014486 0.350961 0.017236
v -0.012278 0.345260 0.024180
v -0.012953 0.357938 0.015562
v -0.012953 0.357938 0.015562
v -0.012278 0.345260 0.024180
v -0.005681 0.353773 0.027168
v -0.012278 0.345260 0.024180
v -0.001387 0.347954 0.029461
v -0.005681 0.353773 0.027168
v -0.005681 0.353773 0.027168
v -0.001387 0.347954 0.029461
v 0.008112 0.351873 0.029412
v -0.001387 0.347954 0.029461
v 0.008112 0.347883 0.030631
v 0.008112 0.351873 0.029412
v -0.015967 0.333434 0.011936
v -0.013663 0.331980 0.019156
v -0.014486 0.350961 0.017236
v -0.014486 0.350961 0.017236
v -0.013663 0.331980 0.019156
v -0.012278 0.345260 0.024180
v 0.008112 0.347883 0.030631
v 0.001532 0.341484 0.028549
v 0.008112 0.341449 0.028992
v 0.008112 0.341449 0.028992
v 0.001532 0.341484 0.028549
v 0.005459 0.333044 0.026518
v 0.001532 0.341484 0.028549
v 0.005085 0.333132 0.025202
v 0.005459 0.333044 0.026518
v 0.005459 0.333044 0.026518
v 0.005085 0.333132 0.025202
v 0.004197 0.323466 0.028793
v 0.005085 0.333132 0.025202
v 0.001811 0.326709 0.026183
v 0.004197 0.323466 0.028793
v 0.004197 0.323466 0.028793
v 0.001811 0.326709 0.026183
v -0.010252 0.322903 0.026331
v 0.001811 0.326709 0.026183
v -0.008162 0.326653 0.025678
v -0.010252 0.322903 0.026331
v -0.010252 0.322903 0.026331
v -0.008162 0.326653 0.025678
v -0.013663 0.331980 0.019156
v -0.008162 0.326653 0.025678
v -0.009998 0.331855 0.021257
v -0.013663 0.331980 0.019156
v -0.013663 0.331980 0.019156
v -0.009998 0.331855 0.021257
v -0.012278 0.345260 0.024180
v -0.009998 0.331855 0.021257
v -0.009228 0.341779 0.024105
v -0.012278 0.345260 0.024180
v -0.012278 0.345260 0.024180
v -0.009228 0.341779 0.024105
v 0.001532 0.341484 0.028549
v -0.009228 0.341779 0.024105
v -0.000523 0.332603 0.016467
v 0.001532 0.341484 0.028549
v 0.001532 0.341484 0.028549
v -0.000523 0.332603 0.016467
v 0.005085 0.333132 0.025202
v -0.000523 0.332603 0.016467
v 0.001811 0.326709 0.026183
v 0.005085 0.333132 0.025202
v 0.008112 0.341449 0.028992
v 0.005459 0.333044 0.026518
v 0.008112 0.333202 0.027537
v 0.008112 0.333202 0.027537
v 0.005459 0.333044 0.026518
v 0.008112 0.324899 0.030741
v 0.005459 0.333044 0.026518
v 0.004197 0.323466 0.028793
v 0.008112 0.324899 0.030741
v 0.008112 0.324899 0.030741
v 0.004197 0.323466 0.028793
v 0.008112 0.321144 0.035180
v 0.004197 0.323466 0.028793
v 0.003641 0.315236 0.036165
v 0.008112 0.321144 0.035180
v 0.008112 0.321144 0.035180
v 0.003641 0.315236 0.036165
v 0.008112 0.315211 0.043250
v 0.003641 0.315236 0.036165
v 0.008112 0.313008 0.036076
v 0.008112 0.315211 0.043250
v 0.001811 0.326709 0.026183
v -0.000523 0.332603 0.016467
v -0.008162 0.326653 0.025678
v -0.008162 0.326653 0.025678
v -0.000523 0.332603 0.016467
v -0.009998 0.331855 0.021257
v -0.000523 0.332603 0.016467
v -0.009228 0.341779 0.024105
v -0.009998 0.331855 0.021257
v 0.008112 0.347883 0.030631
v -0.001387 0.347954 0.029461
v 0.001532 0.341484 0.028549
v 0.001532 0.341484 0.028549
v -0.001387 0.347954 0.029461
v -0.012278 0.345260 0.024180
v 0.008112 0.312197 0.031775
v 0.008112 0.313008 0.036076
v 0.003641 0.315236 0.036165
v 0.031562 0.299436 0.011561
v 0.027103 0.292076 0.004345
v 0.029454 0.299364 0.002810
v 0.027103 0.292076 0.004345
v 0.018078 0.298483 -0.006376
v 0.029454 0.299364 0.002810
v 0.029454 0.299364 0.002810
v 0.018078 0.298483 -0.006376
v 0.030153 0.306666 0.001804
v 0.018078 0.298483 -0.006376
v 0.023331 0.304544 -0.006074
v 0.030153 0.306666 0.001804
v 0.030153 0.306666 0.001804
v 0.023331 0.304544 -0.006074
v 0.030881 0.313373 -0.000155
v 0.023331 0.304544 -0.006074
v 0.029567 0.314911 -0.005956
v 0.030881 0.313373 -0.000155
v 0.031562 0.299436 0.011561
v 0.029454 0.299364 0.002810
v 0.031669 0.307697 0.012040
v 0.029454 0.299364 0.002810
v 0.030153 0.306666 0.001804
v 0.031669 0.307697 0.012040
v 0.031669 0.307697 0.012040
v 0.030153 0.306666 0.001804
v 0.030449 0.312493 0.004657
v 0.030153 0.306666 0.001804
v 0.030881 0.313373 -0.000155
v 0.030449 0.312493 0.004657
v 0.031527 0.316022 0.012396
v 0.031669 0.307697 0.012040
v 0.030449 0.312493 0.004657
v 0.034505 0.332731 0.004180
v 0.031136 0.332266 0.012131
v 0.030449 0.312493 0.004657
v 0.030449 0.312493 0.004657
v 0.031136 0.332266 0.012131
v 0.031527 0.316022 0.012396
v 0.031136 0.332266 0.012131
v 0.029886 0.331980 0.019156
v 0.031527 0.316022 0.012396
v 0.034991 0.328797 -0.004371
v 0.037982 0.330839 -0.005790
v 0.030881 0.313373 -0.000155
v 0.030881 0.313373 -0.000155
v 0.037982 0.330839 -0.005790
v 0.034067 0.313603 -0.001796
v 0.037982 0.330839 -0.005790
v 0.035186 0.311844 0.001331
v 0.034067 0.313603 -0.001796
v 0.034067 0.313603 -0.001796
v 0.035186 0.311844 0.001331
v 0.030881 0.313373 -0.000155
v 0.035186 0.311844 0.001331
v 0.030449 0.312493 0.004657
v 0.030881 0.313373 -0.000155
v 0.030449 0.312493 0.004657
v 0.035186 0.311844 0.001331
v 0.034505 0.332731 0.004180
v 0.034505 0.332731 0.004180
v 0.035186 0.311844 0.001331
v 0.039634 0.333514 -0.003557
v 0.035186 0.311844 0.001331
v 0.037982 0.330839 -0.005790
v 0.039634 0.333514 -0.003557
v 0.034991 0.328797 -0.004371
v 0.034505 0.332731 0.004180
v 0.037982 0.330839 -0.005790
v 0.037982 0.330839 -0.005790
v 0.034505 0.332731 0.004180
v 0.039634 0.333514 -0.003557
v 0.008112 0.347883 0.030631
v 0.017610 0.347954 0.029461
v 0.008112 0.351873 0.029412
v 0.008112 0.351873 0.029412
v 0.017610 0.347954 0.029461
v 0.020672 0.356447 0.023697
v 0.017610 0.347954 0.029461
v 0.028501 0.345260 0.024180
v 0.020672 0.356447 0.023697
v 0.020672 0.356447 0.023697
v 0.028501 0.345260 0.024180
v 0.029170 0.354364 0.016636
v 0.028501 0.345260 0.024180
v 0.029886 0.331980 0.019156
v 0.029170 0.354364 0.016636
v 0.029170 0.354364 0.016636
v 0.029886 0.331980 0.019156
v 0.031136 0.332266 0.012131
v 0.025954 0.357928 0.016678
v 0.020672 0.356447 0.023697
v 0.029170 0.354364 0.016636
v 0.020565 0.363287 0.025305
v 0.025954 0.363343 0.013670
v 0.003635 0.371152 0.012142
v 0.025954 0.363343 0.013670
v 0.003635 0.367893 0.007527
v 0.003635 0.371152 0.012142
v 0.003635 0.371152 0.012142
v 0.003635 0.367893 0.007527
v -0.010513 0.365326 0.015480
v 0.003635 0.367893 0.007527
v -0.012580 0.359887 0.012361
v -0.010513 0.365326 0.015480
v -0.010513 0.365326 0.015480
v -0.012580 0.359887 0.012361
v -0.012159 0.362212 0.021308
v -0.012580 0.359887 0.012361
v -0.012953 0.357938 0.015562
v -0.012159 0.362212 0.021308
v -0.012159 0.362212 0.021308
v -0.012953 0.357938 0.015562
v -0.006119 0.357211 0.030380
v -0.012953 0.357938 0.015562
v -0.005681 0.353773 0.027168
v -0.006119 0.357211 0.030380
v -0.006119 0.357211 0.030380
v -0.005681 0.353773 0.027168
v 0.008112 0.356014 0.033354
v -0.005681 0.353773 0.027168
v 0.008112 0.351873 0.029412
v 0.008112 0.356014 0.033354
v 0.008112 0.356014 0.033354
v 0.008112 0.351873 0.029412
v 0.020565 0.363287 0.025305
v 0.008112 0.351873 0.029412
v 0.020672 0.356447 0.023697
v 0.020565 0.363287 0.025305
v 0.020565 0.363287 0.025305
v 0.020672 0.356447 0.023697
v 0.025954 0.363343 0.013670
v 0.020672 0.356447 0.023697
v 0.025954 0.357928 0.016678
v 0.025954 0.363343 0.013670
v -0.010513 0.365326 0.015480
v -0.012159 0.362212 0.021308
v 0.003635 0.371152 0.012142
v 0.003635 0.371152 0.012142
v -0.012159 0.362212 0.021308
v 0.003635 0.366733 0.022920
v -0.012159 0.362212 0.021308
v -0.006119 0.357211 0.030380
v 0.003635 0.366733 0.022920
v 0.003635 0.366733 0.022920
v -0.006119 0.357211 0.030380
v 0.008112 0.356014 0.033354
v 0.003635 0.371152 0.012142
v 0.003635 0.366733 0.022920
v 0.020565 0.363287 0.025305
v 0.020565 0.363287 0.025305
v 0.003635 0.366733 0.022920
v 0.008112 0.356014 0.033354
v -0.030446 0.141216 0.005279
v -0.029220 0.146845 0.011104
v -0.030446 0.160884 0.006388
v -0.030446 0.160884 0.006388
v -0.029220 0.146845 0.011104
v -0.028444 0.160407 0.018313
v -0.029220 0.146845 0.011104
v -0.028142 0.142746 0.017402
v -0.028444 0.160407 0.018313
v -0.024542 0.138982 0.011361
v -0.033531 0.173203 -0.005122
v -0.025193 0.141085 0.006215
v -0.025193 0.141085 0.006215
v -0.033531 0.173203 -0.005122
v -0.019419 0.142067 0.004793
v -0.033531 0.173203 -0.005122
v -0.025821 0.174520 -0.007019
v -0.019419 0.142067 0.004793
v -0.019419 0.142067 0.004793
v -0.025821 0.174520 -0.007019
v -0.016980 0.140274 0.009499
v -0.025821 0.174520 -0.007019
v -0.018158 0.185680 0.010476
v -0.016980 0.140274 0.009499
v -0.016980 0.140274 0.009499
v -0.018158 0.185680 0.010476
v -0.018318 0.184628 0.023763
v -0.018318 0.184628 0.023763
v -0.031654 0.182353 0.027045
v -0.021759 0.137029 0.017300
v -0.031654 0.182353 0.027045
v -0.037339 0.182411 0.015197
v -0.021759 0.137029 0.017300
v -0.021759 0.137029 0.017300
v -0.037339 0.182411 0.015197
v -0.024542 0.138982 0.011361
v -0.037339 0.182411 0.015197
v -0.033531 0.173203 -0.005122
v -0.024542 0.138982 0.011361
v -0.016008 0.138011 0.015884
v -0.018318 0.184628 0.023763
v -0.021759 0.137029 0.017300
v -0.016008 0.138011 0.015884
v -0.016980 0.140274 0.009499
v -0.018318 0.184628 0.023763
v -0.031654 0.182353 0.027045
v -0.018158 0.185680 0.010476
v -0.037339 0.182411 0.015197
v -0.037339 0.182411 0.015197
v -0.018158 0.185680 0.010476
v -0.033531 0.173203 -0.005122
v -0.018158 0.185680 0.010476
v -0.025821 0.174520 -0.007019
v -0.033531 0.173203 -0.005122
v -0.018318 0.184628 0.023763
v -0.018158 0.185680 0.010476
v -0.031654 0.182353 0.027045
v -0.021759 0.137029 0.017300
v -0.024542 0.138982 0.011361
v -0.016008 0.138011 0.015884
v -0.016008 0.138011 0.015884
v -0.024542 0.138982 0.011361
v -0.016980 0.140274 0.009499
v -0.024542 0.138982 0.011361
v -0.025193 0.141085 0.006215
v -0.016980 0.140274 0.009499
v -0.016980 0.140274 0.009499
v -0.025193 0.141085 0.006215
v -0.019419 0.142067 0.004793
v -0.026721 0.161803 -0.000935
v -0.028213 0.167877 -0.002997
v -0.027248 0.158232 -0.011062
v -0.027248 0.158232 -0.011062
v -0.028213 0.167877 -0.002997
v -0.028746 0.164311 -0.013124
v -0.024844 0.154175 0.001653
v -0.026342 0.160254 -0.000409
v -0.025377 0.150609 -0.008474
v -0.025377 0.150609 -0.008474
v -0.026342 0.160254 -0.000409
v -0.026869 0.156682 -0.010536
v -0.022919 0.146320 0.004318
v -0.024412 0.152399 0.002257
v -0.023446 0.142754 -0.005809
v -0.023446 0.142754 -0.005809
v -0.024412 0.152399 0.002257
v -0.024939 0.148834 -0.007870
v 0.026843 0.017182 -0.032854
v 0.026843 0.003800 -0.033273
v 0.026843 0.016764 -0.019470
v 0.026843 0.003382 -0.019889
v 0.013145 -0.006987 -0.006334
v 0.014501 -0.011915 -0.005522
v 0.040250 -0.007044 -0.004904
v 0.038899 -0.011972 -0.004092
v 0.040250 -0.007044 -0.004904
v 0.014501 -0.011915 -0.005522
v 0.038899 -0.011972 -0.004092
v 0.014501 -0.011915 -0.005522
v 0.026860 -0.011457 -0.016988
v 0.026860 -0.006488 -0.018817
v 0.026860 -0.011457 -0.016988
v 0.013145 -0.006987 -0.006334
v 0.013145 -0.006987 -0.006334
v 0.026860 -0.011457 -0.016988
v 0.014501 -0.011915 -0.005522
v 0.040250 -0.007044 -0.004904
v 0.038899 -0.011972 -0.004092
v 0.026860 -0.006488 -0.018817
v 0.026860 -0.006488 -0.018817
v 0.038899 -0.011972 -0.004092
v 0.026860 -0.011457 -0.016988
v 0.013145 -0.006987 -0.006334
v 0.014187 0.008963 -0.005090
v 0.026860 -0.006488 -0.018817
v 0.014187 0.008963 -0.005090
v 0.026843 0.010904 -0.019820
v 0.026860 -0.006488 -0.018817
v 0.026860 -0.006488 -0.018817
v 0.026843 0.010904 -0.019820
v 0.040250 -0.007044 -0.004904
v 0.026843 0.010904 -0.019820
v 0.039065 0.008963 -0.005090
v 0.040250 -0.007044 -0.004904
v -0.010619 0.017182 -0.032854
v -0.010619 0.003800 -0.033273
v -0.010619 0.016764 -0.019470
v -0.010619 0.003382 -0.019889
v -0.024027 -0.007044 -0.004904
v -0.022676 -0.011972 -0.004092
v 0.003078 -0.006987 -0.006334
v 0.001722 -0.011915 -0.005522
v 0.003078 -0.006987 -0.006334
v -0.022676 -0.011972 -0.004092
v 0.001722 -0.011915 -0.005522
v -0.022676 -0.011972 -0.004092
v -0.010637 -0.011457 -0.016988
v 0.003078 -0.006987 -0.006334
v 0.001722 -0.011915 -0.005522
v -0.010637 -0.006488 -0.018817
v 0.001722 -0.011915 -0.005522
v -0.010637 -0.011457 -0.016988
v -0.010637 -0.006488 -0.018817
v -0.010637 -0.006488 -0.018817
v -0.010637 -0.011457 -0.016988
v -0.024027 -0.007044 -0.004904
v -0.010637 -0.011457 -0.016988
v -0.022676 -0.011972 -0.004092
v -0.024027 -0.007044 -0.004904
v -0.022842 0.008963 -0.005090
v -0.010619 0.010904 -0.019820
v -0.024027 -0.007044 -0.004904
v -0.024027 -0.007044 -0.004904
v -0.010619 0.010904 -0.019820
v -0.010637 -0.006488 -0.018817
v -0.010619 0.010904 -0.019820
v 0.002036 0.008963 -0.005090
v -0.010637 -0.006488 -0.018817
v -0.010637 -0.006488 -0.018817
v 0.002036 0.008963 -0.005090
v 0.003078 -0.006987 -0.006334
v 0.151463 0.247408 -0.004112
v 0.097325 0.256043 0.004167
v 0.151463 0.255627 0.004326
v 0.151463 0.255627 0.004326
v 0.097325 0.256043 0.004167
v 0.151463 0.246761 0.012082
v 0.097325 0.256043 0.004167
v 0.097325 0.246684 0.011821
v 0.151463 0.246761 0.012082
v 0.151463 0.246761 0.012082
v 0.097325 0.246684 0.011821
v 0.097325 0.237965 0.003444
v 0.097325 0.256043 0.004167
v 0.151463 0.247408 -0.004112
v 0.097325 0.247324 -0.004209
v 0.097325 0.247324 -0.004209
v 0.151463 0.247408 -0.004112
v 0.097325 0.237965 0.003444
v 0.151463 0.247408 -0.004112
v 0.151463 0.236730 0.003570
v 0.097325 0.237965 0.003444
v 0.097325 0.237965 0.003444
v 0.151463 0.236730 0.003570
v 0.151463 0.246761 0.012082
v 0.138855 0.242283 0.011443
v 0.146643 0.246749 0.012393
v 0.136256 0.246749 0.012393
v 0.136256 0.246749 0.012393
v 0.146643 0.246749 0.012393
v 0.138855 0.251270 0.011802
v 0.144049 0.251270 0.011802
v 0.144049 0.242283 0.011443
v 0.146643 0.246749 0.012393
v 0.138855 0.242283 0.011443
v 0.151463 0.236730 0.003570
v 0.151463 0.247408 -0.004112
v 0.151463 0.246761 0.012082
v 0.151463 0.255627 0.004326
v 0.097325 0.237965 0.003444
v 0.087880 0.235714 0.003354
v 0.097325 0.247324 -0.004209
v 0.097325 0.247324 -0.004209
v 0.087880 0.235714 0.003354
v 0.087880 0.247004 0.003805
v 0.087880 0.235714 0.003354
v 0.097325 0.246684 0.011821
v 0.087880 0.247004 0.003805
v 0.087880 0.247004 0.003805
v 0.097325 0.246684 0.011821
v 0.087880 0.258142 0.004250
v 0.097325 0.246684 0.011821
v 0.097325 0.256043 0.004167
v 0.087880 0.258142 0.004250
v 0.087880 0.258142 0.004250
v 0.097325 0.256043 0.004167
v 0.097325 0.247324 -0.004209
v 0.097325 0.247324 -0.004209
v 0.087880 0.247004 0.003805
v 0.087880 0.258142 0.004250
v 0.097325 0.237965 0.003444
v 0.097325 0.246684 0.011821
v 0.087880 0.235714 0.003354
v -0.135240 0.246761 0.012082
v -0.081102 0.256043 0.004167
v -0.135240 0.255627 0.004326
v -0.135240 0.255627 0.004326
v -0.081102 0.256043 0.004167
v -0.135240 0.247408 -0.004112
v -0.081102 0.256043 0.004167
v -0.081102 0.247324 -0.004209
v -0.135240 0.247408 -0.004112
v -0.135240 0.247408 -0.004112
v -0.081102 0.247324 -0.004209
v -0.081102 0.237965 0.003444
v -0.135240 0.247408 -0.004112
v -0.081102 0.237965 0.003444
v -0.135240 0.236730 0.003570
v -0.135240 0.236730 0.003570
v -0.081102 0.237965 0.003444
v -0.135240 0.246761 0.012082
v -0.081102 0.237965 0.003444
v -0.081102 0.246684 0.011821
v -0.135240 0.246761 0.012082
v -0.135240 0.246761 0.012082
v -0.081102 0.246684 0.011821
v -0.081102 0.256043 0.004167
v -0.127826 0.251270 0.011802
v -0.130420 0.246749 0.012393
v -0.122632 0.251270 0.011802
v -0.120032 0.246749 0.012393
v -0.130420 0.246749 0.012393
v -0.122632 0.242283 0.011443
v -0.120032 0.246749 0.012393
v -0.127826 0.242283 0.011443
v -0.122632 0.242283 0.011443
v -0.130420 0.246749 0.012393
v -0.135240 0.255627 0.004326
v -0.135240 0.247408 -0.004112
v -0.135240 0.246761 0.012082
v -0.135240 0.236730 0.003570
v -0.026455 0.060141 -0.003045
v -0.022842 0.008963 -0.005090
v -0.010685 0.047970 0.014132
v -0.010685 0.047970 0.014132
v -0.022842 0.008963 -0.005090
v -0.010608 0.009679 0.010113
v -0.022842 0.008963 -0.005090
v -0.022149 -0.004257 0.020613
v -0.010608 0.009679 0.010113
v -0.010608 0.009679 0.010113
v -0.022149 -0.004257 0.020613
v -0.010495 -0.000882 0.022467
v -0.022149 -0.004257 0.020613
v -0.013450 -0.005834 0.041458
v -0.010495 -0.000882 0.022467
v -0.010495 -0.000882 0.022467
v -0.013450 -0.005834 0.041458
v -0.009583 -0.005381 0.041693
v -0.013450 -0.005834 0.041458
v -0.009382 -0.011653 0.044489
v -0.009583 -0.005381 0.041693
v -0.009583 -0.005381 0.041693
v -0.009382 -0.011653 0.044489
v -0.005053 -0.005834 0.041458
v -0.009382 -0.011653 0.044489
v -0.005053 -0.012030 0.042470
v -0.005053 -0.005834 0.041458
v -0.005053 -0.005834 0.041458
v -0.005053 -0.012030 0.042470
v 0.004168 -0.012946 0.020266
v -0.009583 -0.005381 0.041693
v -0.005053 -0.005834 0.041458
v -0.010495 -0.000882 0.022467
v -0.005053 -0.005834 0.041458
v 0.003700 -0.004257 0.020613
v -0.010495 -0.000882 0.022467
v -0.010495 -0.000882 0.022467
v 0.003700 -0.004257 0.020613
v -0.010608 0.009679 0.010113
v 0.003700 -0.004257 0.020613
v 0.002036 0.008963 -0.005090
v -0.010608 0.009679 0.010113
v -0.010608 0.009679 0.010113
v 0.002036 0.008963 -0.005090
v 0.005802 0.059223 -0.003082
v 0.002036 0.008963 -0.005090
v -0.010685 0.049235 -0.017503
v 0.005802 0.059223 -0.003082
v -0.009382 -0.011653 0.044489
v -0.013450 -0.005834 0.041458
v -0.013450 -0.012030 0.042470
v -0.013450 -0.012030 0.042470
v -0.013450 -0.005834 0.041458
v -0.022706 -0.012946 0.020266
v -0.013450 -0.005834 0.041458
v -0.022149 -0.004257 0.020613
v -0.022706 -0.012946 0.020266
v -0.022706 -0.012946 0.020266
v -0.022149 -0.004257 0.020613
v -0.023251 -0.012529 0.009844
v -0.022149 -0.004257 0.020613
v -0.024027 -0.007044 -0.004904
v -0.023251 -0.012529 0.009844
v -0.026455 0.060141 -0.003045
v -0.010685 0.049235 -0.017503
v -0.022842 0.008963 -0.005090
v -0.022842 0.008963 -0.005090
v -0.010685 0.049235 -0.017503
v -0.010619 0.010904 -0.019820
v -0.010685 0.049235 -0.017503
v 0.002036 0.008963 -0.005090
v -0.010619 0.010904 -0.019820
v 0.003078 -0.006987 -0.006334
v 0.003700 -0.004257 0.020613
v 0.003712 -0.012501 0.009129
v 0.003712 -0.012501 0.009129
v 0.003700 -0.004257 0.020613
v 0.004168 -0.012946 0.020266
v 0.003700 -0.004257 0.020613
v -0.005053 -0.005834 0.041458
v 0.004168 -0.012946 0.020266
v 0.005802 0.059223 -0.003082
v -0.010685 0.047970 0.014132
v -0.010608 0.009679 0.010113
v 0.003078 -0.006987 -0.006334
v 0.002036 0.008963 -0.005090
v 0.003700 -0.004257 0.020613
v -0.022842 0.008963 -0.005090
v -0.024027 -0.007044 -0.004904
v -0.022149 -0.004257 0.020613
v -0.005053 -0.012030 0.042470
v -0.022706 -0.012946 0.020266
v 0.004168 -0.012946 0.020266
v 0.004168 -0.012946 0.020266
v -0.022706 -0.012946 0.020266
v 0.003712 -0.012501 0.009129
v -0.022706 -0.012946 0.020266
v -0.023251 -0.012529 0.009844
v 0.003712 -0.012501 0.009129
v 0.003712 -0.012501 0.009129
v -0.023251 -0.012529 0.009844
v 0.003078 -0.006987 -0.006334
v -0.023251 -0.012529 0.009844
v -0.024027 -0.007044 -0.004904
v 0.003078 -0.006987 -0.006334
v -0.022706 -0.012946 0.020266
v -0.005053 -0.012030 0.042470
v -0.013450 -0.012030 0.042470
v -0.013450 -0.012030 0.042470
v -0.005053 -0.012030 0.042470
v -0.009382 -0.011653 0.044489
v -0.010371 0.091082 0.007158
v -0.022167 0.101956 0.001175
v -0.019656 0.091352 0.000389
v -0.019656 0.091352 0.000389
v -0.022167 0.101956 0.001175
v -0.010371 0.091623 -0.006385
v -0.022167 0.101956 0.001175
v -0.010312 0.101880 0.001172
v -0.010371 0.091623 -0.006385
v -0.010371 0.091623 -0.006385
v -0.010312 0.101880 0.001172
v 0.003185 0.101810 0.001169
v -0.010312 0.101880 0.001172
v -0.010371 0.091082 0.007158
v 0.003185 0.101810 0.001169
v 0.003185 0.101810 0.001169
v -0.010371 0.091082 0.007158
v 0.000881 0.091352 0.000385
v -0.022167 0.101956 0.001175
v -0.010371 0.091082 0.007158
v -0.010312 0.101880 0.001172
v -0.010371 0.091623 -0.006385
v 0.003185 0.101810 0.001169
v 0.000881 0.091352 0.000385
v 0.026908 0.049235 -0.017503
v 0.014187 0.008963 -0.005090
v 0.010421 0.059223 -0.003082
v 0.010421 0.059223 -0.003082
v 0.014187 0.008963 -0.005090
v 0.026831 0.009679 0.010113
v 0.014187 0.008963 -0.005090
v 0.012523 -0.004257 0.020613
v 0.026831 0.009679 0.010113
v 0.026831 0.009679 0.010113
v 0.012523 -0.004257 0.020613
v 0.026718 -0.000882 0.022467
v 0.012523 -0.004257 0.020613
v 0.021276 -0.005834 0.041458
v 0.026718 -0.000882 0.022467
v 0.026718 -0.000882 0.022467
v 0.021276 -0.005834 0.041458
v 0.025806 -0.005381 0.041693
v 0.021276 -0.005834 0.041458
v 0.025605 -0.011653 0.044489
v 0.025806 -0.005381 0.041693
v 0.025806 -0.005381 0.041693
v 0.025605 -0.011653 0.044489
v 0.029673 -0.005834 0.041458
v 0.025605 -0.011653 0.044489
v 0.029673 -0.012030 0.042470
v 0.029673 -0.005834 0.041458
v 0.029673 -0.005834 0.041458
v 0.029673 -0.012030 0.042470
v 0.038929 -0.012946 0.020266
v 0.025806 -0.005381 0.041693
v 0.029673 -0.005834 0.041458
v 0.026718 -0.000882 0.022467
v 0.029673 -0.005834 0.041458
v 0.038372 -0.004257 0.020613
v 0.026718 -0.000882 0.022467
v 0.026718 -0.000882 0.022467
v 0.038372 -0.004257 0.020613
v 0.026831 0.009679 0.010113
v 0.038372 -0.004257 0.020613
v 0.039065 0.008963 -0.005090
v 0.026831 0.009679 0.010113
v 0.026831 0.009679 0.010113
v 0.039065 0.008963 -0.005090
v 0.026908 0.047970 0.014132
v 0.039065 0.008963 -0.005090
v 0.042678 0.060141 -0.003045
v 0.026908 0.047970 0.014132
v 0.025605 -0.011653 0.044489
v 0.021276 -0.005834 0.041458
v 0.021276 -0.012030 0.042470
v 0.021276 -0.012030 0.042470
v 0.021276 -0.005834 0.041458
v 0.012056 -0.012946 0.020266
v 0.021276 -0.005834 0.041458
v 0.012523 -0.004257 0.020613
v 0.012056 -0.012946 0.020266
v 0.012056 -0.012946 0.020266
v 0.012523 -0.004257 0.020613
v 0.012512 -0.012501 0.009129
v 0.012523 -0.004257 0.020613
v 0.013145 -0.006987 -0.006334
v 0.012512 -0.012501 0.009129
v 0.014187 0.008963 -0.005090
v 0.026908 0.049235 -0.017503
v 0.026843 0.010904 -0.019820
v 0.026843 0.010904 -0.019820
v 0.026908 0.049235 -0.017503
v 0.039065 0.008963 -0.005090
v 0.026908 0.049235 -0.017503
v 0.042678 0.060141 -0.003045
v 0.039065 0.008963 -0.005090
v 0.039065 0.008963 -0.005090
v 0.038372 -0.004257 0.020613
v 0.040250 -0.007044 -0.004904
v 0.040250 -0.007044 -0.004904
v 0.038372 -0.004257 0.020613
v 0.039474 -0.012529 0.009844
v 0.038372 -0.004257 0.020613
v 0.038929 -0.012946 0.020266
v 0.039474 -0.012529 0.009844
v 0.026908 0.047970 0.014132
v 0.010421 0.059223 -0.003082
v 0.026831 0.009679 0.010113
v 0.013145 -0.006987 -0.006334
v 0.012523 -0.004257 0.020613
v 0.014187 0.008963 -0.005090
v 0.038929 -0.012946 0.020266
v 0.038372 -0.004257 0.020613
v 0.029673 -0.005834 0.041458
v 0.040250 -0.007044 -0.004904
v 0.039474 -0.012529 0.009844
v 0.013145 -0.006987 -0.006334
v 0.013145 -0.006987 -0.006334
v 0.039474 -0.012529 0.009844
v 0.012512 -0.012501 0.009129
v 0.039474 -0.012529 0.009844
v 0.038929 -0.012946 0.020266
v 0.012512 -0.012501 0.009129
v 0.012512 -0.012501 0.009129
v 0.038929 -0.012946 0.020266
v 0.012056 -0.012946 0.020266
v 0.038929 -0.012946 0.020266
v 0.021276 -0.012030 0.042470
v 0.012056 -0.012946 0.020266
v 0.038929 -0.012946 0.020266
v 0.029673 -0.012030 0.042470
v 0.021276 -0.012030 0.042470
v 0.021276 -0.012030 0.042470
v 0.029673 -0.012030 0.042470
v 0.025605 -0.011653 0.044489
v 0.035879 0.091352 0.000389
v 0.038390 0.101956 0.001175
v 0.026594 0.091082 0.007158
v 0.026594 0.091082 0.007158
v 0.038390 0.101956 0.001175
v 0.026535 0.101880 0.001172
v 0.038390 0.101956 0.001175
v 0.026594 0.091623 -0.006385
v 0.026535 0.101880 0.001172
v 0.026535 0.101880 0.001172
v 0.026594 0.091623 -0.006385
v 0.013039 0.101810 0.001169
v 0.026594 0.091623 -0.006385
v 0.015342 0.091352 0.000385
v 0.013039 0.101810 0.001169
v 0.013039 0.101810 0.001169
v 0.015342 0.091352 0.000385
v 0.026594 0.091082 0.007158
v 0.035879 0.091352 0.000389
v 0.026594 0.091623 -0.006385
v 0.038390 0.101956 0.001175
v 0.026594 0.091082 0.007158
v 0.026535 0.101880 0.001172
v 0.013039 0.101810 0.001169
v 0.001005 0.258614 0.021309
v 0.007958 0.255658 0.024936
v 0.007963 0.266652 0.024453
v 0.007963 0.266652 0.024453
v 0.007958 0.255658 0.024936
v 0.018244 0.267798 0.016745
v 0.007958 0.255658 0.024936
v 0.015218 0.258608 0.021307
v 0.018244 0.267798 0.016745
v 0.018244 0.267798 0.016745
v 0.015218 0.258608 0.021307
v 0.023426 0.269929 0.007096
v 0.015218 0.258608 0.021307
v 0.023432 0.264100 0.006853
v 0.023426 0.269929 0.007096
v 0.023426 0.269929 0.007096
v 0.023432 0.264100 0.006853
v 0.020192 0.272982 -0.006581
v 0.023432 0.264100 0.006853
v 0.020613 0.263813 -0.008103
v 0.020192 0.272982 -0.006581
v 0.020192 0.272982 -0.006581
v 0.020613 0.263813 -0.008103
v 0.008112 0.274991 -0.013634
v 0.020613 0.263813 -0.008103
v 0.008017 0.263732 -0.013404
v 0.008112 0.274991 -0.013634
v 0.008112 0.274991 -0.013634
v 0.008017 0.263732 -0.013404
v -0.004194 0.272976 -0.006575
v 0.008017 0.263732 -0.013404
v -0.004615 0.263801 -0.008096
v -0.004194 0.272976 -0.006575
v -0.004194 0.272976 -0.006575
v -0.004615 0.263801 -0.008096
v -0.007102 0.270208 0.006109
v -0.004615 0.263801 -0.008096
v -0.007102 0.264387 0.005826
v -0.007102 0.270208 0.006109
v -0.007102 0.270208 0.006109
v -0.007102 0.264387 0.005826
v -0.002027 0.267804 0.016742
v -0.007102 0.264387 0.005826
v 0.001005 0.258614 0.021309
v -0.002027 0.267804 0.016742
v -0.002027 0.267804 0.016742
v 0.001005 0.258614 0.021309
v 0.007963 0.266652 0.024453
v 0.023639 0.258038 0.020185
v 0.027062 0.263526 0.007859
v 0.019085 0.264508 0.023594
v 0.019085 0.264508 0.023594
v 0.027062 0.263526 0.007859
v 0.025161 0.269020 0.006825
v 0.027062 0.263526 0.007859
v 0.023266 0.263704 -0.008746
v 0.025161 0.269020 0.006825
v 0.025161 0.269020 0.006825
v 0.023266 0.263704 -0.008746
v 0.021969 0.268702 -0.007497
v 0.023266 0.263704 -0.008746
v 0.008112 0.262291 -0.014707
v 0.021969 0.268702 -0.007497
v 0.021969 0.268702 -0.007497
v 0.008112 0.262291 -0.014707
v 0.008112 0.269162 -0.014449
v 0.008112 0.262291 -0.014707
v -0.007078 0.263715 -0.008735
v 0.008112 0.269162 -0.014449
v 0.008112 0.269162 -0.014449
v -0.007078 0.263715 -0.008735
v -0.005746 0.268708 -0.007489
v -0.007078 0.263715 -0.008735
v -0.010874 0.263521 0.007860
v -0.005746 0.268708 -0.007489
v -0.005746 0.268708 -0.007489
v -0.010874 0.263521 0.007860
v -0.008938 0.269020 0.006825
v -0.010874 0.263521 0.007860
v -0.007410 0.258039 0.020182
v -0.008938 0.269020 0.006825
v -0.008938 0.269020 0.006825
v -0.007410 0.258039 0.020182
v -0.002868 0.264514 0.023596
v 0.001005 0.258614 0.021309
v -0.007102 0.264387 0.005826
v -0.002868 0.264514 0.023596
v -0.002868 0.264514 0.023596
v -0.007102 0.264387 0.005826
v -0.008938 0.269020 0.006825
v -0.007102 0.264387 0.005826
v -0.004615 0.263801 -0.008096
v -0.008938 0.269020 0.006825
v -0.008938 0.269020 0.006825
v -0.004615 0.263801 -0.008096
v -0.005746 0.268708 -0.007489
v -0.004615 0.263801 -0.008096
v 0.008017 0.263745 -0.013726
v -0.005746 0.268708 -0.007489
v -0.005746 0.268708 -0.007489
v 0.008017 0.263745 -0.013726
v 0.008112 0.269162 -0.014449
v 0.008017 0.263745 -0.013726
v 0.020613 0.263813 -0.008103
v 0.008112 0.269162 -0.014449
v 0.008112 0.269162 -0.014449
v 0.020613 0.263813 -0.008103
v 0.021969 0.268702 -0.007497
v 0.020613 0.263813 -0.008103
v 0.023432 0.264100 0.006853
v 0.021969 0.268702 -0.007497
v 0.021969 0.268702 -0.007497
v 0.023432 0.264100 0.006853
v 0.025161 0.269020 0.006825
v 0.023432 0.264100 0.006853
v 0.019085 0.264508 0.023594
v 0.025161 0.269020 0.006825
v 0.015218 0.258608 0.021307
v 0.019085 0.264508 0.023594
v 0.023432 0.264100 0.006853
v -0.019088 0.259666 0.005116
v -0.011093 0.256679 0.020195
v -0.007102 0.264387 0.005826
v 0.007958 0.255658 0.024936
v 0.001005 0.258614 0.021309
v -0.011093 0.256679 0.020195
v -0.011093 0.256679 0.020195
v 0.001005 0.258614 0.021309
v -0.007102 0.264387 0.005826
v 0.034914 0.259672 0.005110
v 0.027358 0.260738 -0.010282
v 0.023432 0.264100 0.006853
v 0.023432 0.264100 0.006853
v 0.027358 0.260738 -0.010282
v 0.020613 0.263813 -0.008103
v 0.027358 0.260738 -0.010282
v 0.008112 0.260175 -0.018036
v 0.020613 0.263813 -0.008103
v 0.020613 0.263813 -0.008103
v 0.008112 0.260175 -0.018036
v 0.008017 0.263732 -0.013404
v 0.008112 0.260175 -0.018036
v -0.004615 0.263801 -0.008096
v 0.008017 0.263732 -0.013404
v 0.008112 0.260175 -0.018036
v -0.010075 0.260800 -0.011687
v -0.004615 0.263801 -0.008096
v -0.004615 0.263801 -0.008096
v -0.010075 0.260800 -0.011687
v -0.007102 0.264387 0.005826
v -0.010075 0.260800 -0.011687
v -0.019088 0.259666 0.005116
v -0.007102 0.264387 0.005826
v 0.024882 0.273347 -0.011908
v 0.026363 0.270005 -0.009319
v 0.021939 0.270560 -0.013819
v 0.021939 0.270560 -0.013819
v 0.026363 0.270005 -0.009319
v 0.023420 0.267218 -0.011229
v 0.026363 0.270005 -0.009319
v 0.024882 0.273347 -0.011908
v 0.020317 0.274952 -0.007220
v 0.022348 0.263220 -0.016407
v 0.024190 0.271330 -0.010529
v 0.034825 0.256138 -0.019746
v 0.034825 0.256138 -0.019746
v 0.024190 0.271330 -0.010529
v 0.030597 0.263881 -0.008619
v 0.018718 0.264990 -0.017323
v 0.023313 0.271525 -0.011005
v 0.027831 0.260687 -0.028066
v 0.027831 0.260687 -0.028066
v 0.023313 0.271525 -0.011005
v 0.030088 0.264548 -0.014030
v 0.023432 0.264100 0.006853
v 0.015218 0.258608 0.021307
v 0.028465 0.256679 0.020193
v 0.028465 0.256679 0.020193
v 0.015218 0.258608 0.021307
v 0.007958 0.255658 0.024936
v 0.023432 0.264100 0.006853
v 0.028465 0.256679 0.020193
v 0.034914 0.259672 0.005110
v 0.007963 0.266652 0.024453
v 0.018244 0.267798 0.016745
v -0.002027 0.267804 0.016742
v 0.018244 0.267798 0.016745
v 0.023426 0.269929 0.007096
v -0.002027 0.267804 0.016742
v -0.002027 0.267804 0.016742
v 0.023426 0.269929 0.007096
v -0.007102 0.270208 0.006109
v 0.023426 0.269929 0.007096
v 0.020192 0.272982 -0.006581
v -0.007102 0.270208 0.006109
v -0.007102 0.270208 0.006109
v 0.020192 0.272982 -0.006581
v -0.004194 0.272976 -0.006575
v 0.020192 0.272982 -0.006581
v 0.008112 0.274991 -0.013634
v -0.004194 0.272976 -0.006575
v 0.183027 0.243667 -0.008535
v 0.191264 0.248561 -0.007757
v 0.191264 0.244207 -0.007972
v 0.191264 0.244207 -0.007972
v 0.191264 0.248561 -0.007757
v 0.199584 0.246989 -0.006815
v 0.191264 0.248561 -0.007757
v 0.191264 0.247872 0.009489
v 0.199584 0.246989 -0.006815
v 0.199584 0.246989 -0.006815
v 0.191264 0.247872 0.009489
v 0.202149 0.246383 0.008353
v 0.191264 0.247872 0.009489
v 0.191264 0.243523 0.009144
v 0.202149 0.246383 0.008353
v 0.202149 0.246383 0.008353
v 0.191264 0.243523 0.009144
v 0.202149 0.244155 0.008264
v 0.191264 0.243523 0.009144
v 0.199584 0.244762 -0.006904
v 0.202149 0.244155 0.008264
v 0.183027 0.243667 -0.008535
v 0.183027 0.250136 -0.008194
v 0.191264 0.248561 -0.007757
v 0.191264 0.248561 -0.007757
v 0.183027 0.250136 -0.008194
v 0.191264 0.247872 0.009489
v 0.183027 0.250136 -0.008194
v 0.183027 0.249418 0.009775
v 0.191264 0.247872 0.009489
v 0.191264 0.247872 0.009489
v 0.183027 0.249418 0.009775
v 0.191264 0.243523 0.009144
v 0.183027 0.249418 0.009775
v 0.183027 0.242959 0.009176
v 0.191264 0.243523 0.009144
v 0.199584 0.244762 -0.006904
v 0.191264 0.243523 0.009144
v 0.191264 0.244207 -0.007972
v 0.191264 0.244207 -0.007972
v 0.191264 0.243523 0.009144
v 0.183027 0.243667 -0.008535
v 0.191264 0.243523 0.009144
v 0.183027 0.242959 0.009176
v 0.183027 0.243667 -0.008535
v 0.202149 0.244155 0.008264
v 0.199584 0.244762 -0.006904
v 0.202149 0.246383 0.008353
v 0.202149 0.246383 0.008353
v 0.199584 0.244762 -0.006904
v 0.199584 0.246989 -0.006815
v 0.199584 0.244762 -0.006904
v 0.191264 0.244207 -0.007972
v 0.199584 0.246989 -0.006815
v 0.176294 0.231682 0.023055
v 0.179462 0.233275 0.020550
v 0.176240 0.235101 0.025426
v 0.176240 0.235101 0.025426
v 0.179462 0.233275 0.020550
v 0.179367 0.236778 0.023017
v 0.176240 0.235101 0.025426
v 0.171349 0.235000 0.018568
v 0.176294 0.231682 0.023055
v 0.176294 0.231682 0.023055
v 0.171349 0.235000 0.018568
v 0.176969 0.236589 0.017356
v 0.171349 0.235000 0.018568
v 0.172527 0.243825 0.010955
v 0.176969 0.236589 0.017356
v 0.176969 0.236589 0.017356
v 0.172527 0.243825 0.010955
v 0.176815 0.239796 0.020039
v 0.172527 0.243825 0.010955
v 0.171947 0.246662 0.013833
v 0.176815 0.239796 0.020039
v 0.176815 0.239796 0.020039
v 0.171947 0.246662 0.013833
v 0.171568 0.238475 0.021439
v 0.171947 0.246662 0.013833
v 0.162821 0.244997 0.014023
v 0.171568 0.238475 0.021439
v 0.171568 0.238475 0.021439
v 0.162821 0.244997 0.014023
v 0.171349 0.235000 0.018568
v 0.162821 0.244997 0.014023
v 0.162519 0.241037 0.010532
v 0.171349 0.235000 0.018568
v 0.171349 0.235000 0.018568
v 0.162519 0.241037 0.010532
v 0.172527 0.243825 0.010955
v 0.176294 0.231682 0.023055
v 0.176969 0.236589 0.017356
v 0.179462 0.233275 0.020550
v 0.179462 0.233275 0.020550
v 0.176969 0.236589 0.017356
v 0.179367 0.236778 0.023017
v 0.176969 0.236589 0.017356
v 0.176815 0.239796 0.020039
v 0.179367 0.236778 0.023017
v 0.179367 0.236778 0.023017
v 0.176815 0.239796 0.020039
v 0.176240 0.235101 0.025426
v 0.176815 0.239796 0.020039
v 0.171568 0.238475 0.021439
v 0.176240 0.235101 0.025426
v 0.176240 0.235101 0.025426
v 0.171568 0.238475 0.021439
v 0.171349 0.235000 0.018568
v -0.181697 0.243885 0.015030
v -0.181697 0.246113 0.015119
v -0.181697 0.244033 0.011336
v -0.181697 0.246260 0.011425
v -0.181697 0.244033 0.011336
v -0.181697 0.246260 0.011425
v -0.171997 0.243491 0.009941
v -0.171997 0.243491 0.009941
v -0.181697 0.246260 0.011425
v -0.171997 0.247841 0.010273
v -0.181697 0.246260 0.011425
v -0.181697 0.246113 0.015119
v -0.171997 0.247841 0.010273
v -0.171997 0.247841 0.010273
v -0.181697 0.246113 0.015119
v -0.171997 0.247628 0.015591
v -0.181697 0.246113 0.015119
v -0.171997 0.243280 0.015220
v -0.171997 0.247628 0.015591
v -0.171997 0.247628 0.015591
v -0.171997 0.243280 0.015220
v -0.166804 0.249173 0.015924
v -0.171997 0.243280 0.015220
v -0.166804 0.242717 0.015237
v -0.166804 0.249173 0.015924
v -0.166804 0.242717 0.015237
v -0.171997 0.243280 0.015220
v -0.166804 0.242959 0.009176
v -0.166804 0.242959 0.009176
v -0.171997 0.243280 0.015220
v -0.171997 0.243491 0.009941
v -0.171997 0.243280 0.015220
v -0.181697 0.243885 0.015030
v -0.171997 0.243491 0.009941
v -0.171997 0.243491 0.009941
v -0.181697 0.243885 0.015030
v -0.181697 0.244033 0.011336
v -0.166804 0.249173 0.015924
v -0.166804 0.249418 0.009775
v -0.171997 0.247628 0.015591
v -0.171997 0.247628 0.015591
v -0.166804 0.249418 0.009775
v -0.171997 0.247841 0.010273
v -0.166804 0.249418 0.009775
v -0.166804 0.242959 0.009176
v -0.171997 0.247841 0.010273
v -0.171997 0.247841 0.010273
v -0.166804 0.242959 0.009176
v -0.171997 0.243491 0.009941
v -0.181697 0.243885 0.015030
v -0.171997 0.243280 0.015220
v -0.181697 0.246113 0.015119
v -0.144798 0.251530 0.015105
v -0.144798 0.241492 0.014244
v -0.134121 0.249355 0.008856
v -0.134121 0.249355 0.008856
v -0.144798 0.241492 0.014244
v -0.134156 0.244176 0.007745
v -0.144798 0.241492 0.014244
v -0.144798 0.242351 -0.007252
v -0.134156 0.244176 0.007745
v -0.134156 0.244176 0.007745
v -0.144798 0.242351 -0.007252
v -0.134156 0.244494 -0.000220
v -0.144798 0.242351 -0.007252
v -0.144798 0.252399 -0.006634
v -0.134156 0.244494 -0.000220
v -0.134156 0.244494 -0.000220
v -0.144798 0.252399 -0.006634
v -0.134121 0.249746 -0.000915
v -0.144798 0.252399 -0.006634
v -0.144798 0.251530 0.015105
v -0.134121 0.249746 -0.000915
v -0.134121 0.249746 -0.000915
v -0.144798 0.251530 0.015105
v -0.134121 0.249355 0.008856
v -0.166804 0.242717 0.015237
v -0.166804 0.242959 0.009176
v -0.144798 0.241492 0.014244
v -0.166804 0.242959 0.009176
v -0.166804 0.243667 -0.008535
v -0.144798 0.241492 0.014244
v -0.144798 0.241492 0.014244
v -0.166804 0.243667 -0.008535
v -0.144798 0.242351 -0.007252
v -0.166804 0.243667 -0.008535
v -0.166804 0.250136 -0.008194
v -0.144798 0.242351 -0.007252
v -0.144798 0.242351 -0.007252
v -0.166804 0.250136 -0.008194
v -0.144798 0.252399 -0.006634
v -0.166804 0.250136 -0.008194
v -0.166804 0.249418 0.009775
v -0.144798 0.252399 -0.006634
v -0.144798 0.252399 -0.006634
v -0.166804 0.249418 0.009775
v -0.144798 0.251530 0.015105
v -0.166804 0.249418 0.009775
v -0.166804 0.249173 0.015924
v -0.144798 0.251530 0.015105
v -0.166804 0.249173 0.015924
v -0.166804 0.242717 0.015237
v -0.144798 0.251530 0.015105
v -0.144798 0.251530 0.015105
v -0.166804 0.242717 0.015237
v -0.144798 0.241492 0.014244
v -0.081102 0.247324 -0.004209
v -0.071656 0.235714 0.003354
v -0.081102 0.237965 0.003444
v -0.081102 0.237965 0.003444
v -0.071656 0.235714 0.003354
v -0.081102 0.246684 0.011821
v -0.071656 0.235714 0.003354
v -0.071656 0.247004 0.003805
v -0.081102 0.246684 0.011821
v -0.081102 0.246684 0.011821
v -0.071656 0.247004 0.003805
v -0.071656 0.258142 0.004250
v -0.071656 0.247004 0.003805
v -0.081102 0.247324 -0.004209
v -0.071656 0.258142 0.004250
v -0.071656 0.258142 0.004250
v -0.081102 0.247324 -0.004209
v -0.081102 0.256043 0.004167
v -0.071656 0.235714 0.003354
v -0.081102 0.247324 -0.004209
v -0.071656 0.247004 0.003805
v -0.081102 0.246684 0.011821
v -0.071656 0.258142 0.004250
v -0.081102 0.256043 0.004167
v -0.183361 0.246989 -0.006815
v -0.183361 0.244762 -0.006904
v -0.185926 0.246383 0.008353
v -0.185926 0.246383 0.008353
v -0.183361 0.244762 -0.006904
v -0.185926 0.244155 0.008264
v -0.183361 0.244762 -0.006904
v -0.175041 0.243523 0.009144
v -0.185926 0.244155 0.008264
v -0.185926 0.244155 0.008264
v -0.175041 0.243523 0.009144
v -0.185926 0.246383 0.008353
v -0.175041 0.243523 0.009144
v -0.175041 0.247872 0.009489
v -0.185926 0.246383 0.008353
v -0.185926 0.246383 0.008353
v -0.175041 0.247872 0.009489
v -0.183361 0.246989 -0.006815
v -0.175041 0.247872 0.009489
v -0.175041 0.248561 -0.007757
v -0.183361 0.246989 -0.006815
v -0.183361 0.246989 -0.006815
v -0.175041 0.248561 -0.007757
v -0.175041 0.244207 -0.007972
v -0.175041 0.248561 -0.007757
v -0.166804 0.243667 -0.008535
v -0.175041 0.244207 -0.007972
v -0.166804 0.242959 0.009176
v -0.166804 0.249418 0.009775
v -0.175041 0.243523 0.009144
v -0.175041 0.243523 0.009144
v -0.166804 0.249418 0.009775
v -0.175041 0.247872 0.009489
v -0.166804 0.249418 0.009775
v -0.166804 0.250136 -0.008194
v -0.175041 0.247872 0.009489
v -0.175041 0.247872 0.009489
v -0.166804 0.250136 -0.008194
v -0.175041 0.248561 -0.007757
v -0.166804 0.250136 -0.008194
v -0.166804 0.243667 -0.008535
v -0.175041 0.248561 -0.007757
v -0.166804 0.242959 0.009176
v -0.175041 0.243523 0.009144
v -0.166804 0.243667 -0.008535
v -0.166804 0.243667 -0.008535
v -0.175041 0.243523 0.009144
v -0.175041 0.244207 -0.007972
v -0.175041 0.243523 0.009144
v -0.183361 0.244762 -0.006904
v -0.175041 0.244207 -0.007972
v -0.183361 0.244762 -0.006904
v -0.183361 0.246989 -0.006815
v -0.175041 0.244207 -0.007972
v -0.163144 0.236778 0.023017
v -0.163239 0.233275 0.020550
v -0.160017 0.235101 0.025426
v -0.160017 0.235101 0.025426
v -0.163239 0.233275 0.020550
v -0.160070 0.231682 0.023055
v -0.156304 0.243825 0.010955
v -0.146296 0.241037 0.010532
v -0.155126 0.235000 0.018568
v -0.146296 0.241037 0.010532
v -0.146598 0.244997 0.014023
v -0.155126 0.235000 0.018568
v -0.155126 0.235000 0.018568
v -0.146598 0.244997 0.014023
v -0.155345 0.238475 0.021439
v -0.146598 0.244997 0.014023
v -0.155724 0.246662 0.013833
v -0.155345 0.238475 0.021439
v -0.155345 0.238475 0.021439
v -0.155724 0.246662 0.013833
v -0.160592 0.239796 0.020039
v -0.155724 0.246662 0.013833
v -0.156304 0.243825 0.010955
v -0.160592 0.239796 0.020039
v -0.160592 0.239796 0.020039
v -0.156304 0.243825 0.010955
v -0.160746 0.236589 0.017356
v -0.156304 0.243825 0.010955
v -0.155126 0.235000 0.018568
v -0.160746 0.236589 0.017356
v -0.160746 0.236589 0.017356
v -0.155126 0.235000 0.018568
v -0.160070 0.231682 0.023055
v -0.155126 0.235000 0.018568
v -0.160017 0.235101 0.025426
v -0.160070 0.231682 0.023055
v -0.155126 0.235000 0.018568
v -0.155345 0.238475 0.021439
v -0.160017 0.235101 0.025426
v -0.155345 0.238475 0.021439
v -0.160592 0.239796 0.020039
v -0.160017 0.235101 0.025426
v -0.160017 0.235101 0.025426
v -0.160592 0.239796 0.020039
v -0.163144 0.236778 0.023017
v -0.160592 0.239796 0.020039
v -0.160746 0.236589 0.017356
v -0.163144 0.236778 0.023017
v -0.163144 0.236778 0.023017
v -0.160746 0.236589 0.017356
v -0.163239 0.233275 0.020550
v -0.160746 0.236589 0.017356
v -0.160070 0.231682 0.023055
v -0.163239 0.233275 0.020550
v 0.012026 0.323466 0.028793
v 0.015703 0.315225 0.030592
v 0.026475 0.322903 0.026331
v 0.026475 0.322903 0.026331
v 0.015703 0.315225 0.030592
v 0.026102 0.315532 0.026701
v 0.015703 0.315225 0.030592
v 0.026292 0.311859 0.024985
v 0.026102 0.315532 0.026701
v 0.026102 0.315532 0.026701
v 0.026292 0.311859 0.024985
v 0.030390 0.316350 0.018843
v 0.026292 0.311859 0.024985
v 0.030194 0.307954 0.018510
v 0.030390 0.316350 0.018843
v 0.030390 0.316350 0.018843
v 0.030194 0.307954 0.018510
v 0.031669 0.307697 0.012040
v 0.030194 0.307954 0.018510
v 0.029685 0.299978 0.018069
v 0.031669 0.307697 0.012040
v 0.031669 0.307697 0.012040
v 0.029685 0.299978 0.018069
v 0.031562 0.299436 0.011561
v 0.029685 0.299978 0.018069
v 0.028963 0.291864 0.012709
v 0.031562 0.299436 0.011561
v 0.031562 0.299436 0.011561
v 0.028963 0.291864 0.012709
v 0.027103 0.292076 0.004345
v 0.028963 0.291864 0.012709
v 0.023017 0.285038 0.005628
v 0.027103 0.292076 0.004345
v 0.027103 0.292076 0.004345
v 0.023017 0.285038 0.005628
v 0.018078 0.298483 -0.006376
v 0.023017 0.285038 0.005628
v 0.017397 0.291523 -0.005553
v 0.018078 0.298483 -0.006376
v 0.018078 0.298483 -0.006376
v 0.017397 0.291523 -0.005553
v 0.008112 0.292107 -0.008897
v 0.018919 0.281790 0.018619
v 0.028963 0.291864 0.012709
v 0.028282 0.292567 0.019297
v 0.028963 0.291864 0.012709
v 0.029685 0.299978 0.018069
v 0.028282 0.292567 0.019297
v 0.028282 0.292567 0.019297
v 0.029685 0.299978 0.018069
v 0.025640 0.293633 0.023708
v 0.029685 0.299978 0.018069
v 0.026387 0.300635 0.022572
v 0.025640 0.293633 0.023708
v 0.025640 0.293633 0.023708
v 0.026387 0.300635 0.022572
v 0.023461 0.297407 0.025395
v 0.026387 0.300635 0.022572
v 0.023870 0.305318 0.025454
v 0.023461 0.297407 0.025395
v 0.023461 0.297407 0.025395
v 0.023870 0.305318 0.025454
v 0.022085 0.305389 0.026787
v 0.023870 0.305318 0.025454
v 0.024272 0.309184 0.026167
v 0.022085 0.305389 0.026787
v 0.022085 0.305389 0.026787
v 0.024272 0.309184 0.026167
v 0.015739 0.306048 0.030015
v 0.024272 0.309184 0.026167
v 0.015798 0.309799 0.030226
v 0.015739 0.306048 0.030015
v 0.015739 0.306048 0.030015
v 0.015798 0.309799 0.030226
v 0.008112 0.310337 0.031556
v 0.015798 0.309799 0.030226
v 0.015703 0.315225 0.030592
v 0.008112 0.310337 0.031556
v 0.008112 0.310337 0.031556
v 0.015703 0.315225 0.030592
v 0.008112 0.312197 0.031775
v 0.015703 0.315225 0.030592
v 0.012583 0.315236 0.036162
v 0.008112 0.312197 0.031775
v 0.015674 0.302953 0.030542
v 0.016313 0.297050 0.029489
v 0.022085 0.305389 0.026787
v 0.022085 0.305389 0.026787
v 0.016313 0.297050 0.029489
v 0.023461 0.297407 0.025395
v 0.016313 0.297050 0.029489
v 0.017829 0.287838 0.029777
v 0.023461 0.297407 0.025395
v 0.023461 0.297407 0.025395
v 0.017829 0.287838 0.029777
v 0.025640 0.293633 0.023708
v 0.017829 0.287838 0.029777
v 0.019351 0.283132 0.027373
v 0.025640 0.293633 0.023708
v 0.025640 0.293633 0.023708
v 0.019351 0.283132 0.027373
v 0.028282 0.292567 0.019297
v 0.019351 0.283132 0.027373
v 0.018919 0.281790 0.018619
v 0.028282 0.292567 0.019297
v 0.015674 0.302953 0.030542
v 0.008112 0.296714 0.030869
v 0.016313 0.297050 0.029489
v 0.016313 0.297050 0.029489
v 0.008112 0.296714 0.030869
v 0.017829 0.287838 0.029777
v 0.008112 0.296714 0.030869
v 0.008112 0.285686 0.032490
v 0.017829 0.287838 0.029777
v 0.017829 0.287838 0.029777
v 0.008112 0.285686 0.032490
v 0.019351 0.283132 0.027373
v 0.008112 0.285686 0.032490
v 0.008112 0.280731 0.028537
v 0.019351 0.283132 0.027373
v 0.019351 0.283132 0.027373
v 0.008112 0.280731 0.028537
v 0.008112 0.279510 0.019817
v 0.029685 0.299978 0.018069
v 0.030194 0.307954 0.018510
v 0.026387 0.300635 0.022572
v 0.030194 0.307954 0.018510
v 0.026292 0.311859 0.024985
v 0.026387 0.300635 0.022572
v 0.026387 0.300635 0.022572
v 0.026292 0.311859 0.024985
v 0.024272 0.309184 0.026167
v 0.026292 0.311859 0.024985
v 0.015798 0.309799 0.030226
v 0.024272 0.309184 0.026167
v 0.022085 0.305389 0.026787
v 0.015739 0.306048 0.030015
v 0.015774 0.302848 0.030538
v 0.015774 0.302848 0.030538
v 0.015739 0.306048 0.030015
v 0.008112 0.306310 0.031946
v 0.015739 0.306048 0.030015
v 0.008112 0.310337 0.031556
v 0.008112 0.306310 0.031946
v 0.019351 0.283132 0.027373
v 0.008112 0.279510 0.019817
v 0.018919 0.281790 0.018619
v 0.018919 0.281790 0.018619
v 0.008112 0.279510 0.019817
v 0.017752 0.279244 0.014608
v 0.008112 0.279510 0.019817
v 0.008112 0.277212 0.017549
v 0.017752 0.279244 0.014608
v 0.026475 0.322903 0.026331
v 0.026102 0.315532 0.026701
v 0.029886 0.331980 0.019156
v 0.029886 0.331980 0.019156
v 0.026102 0.315532 0.026701
v 0.030390 0.316350 0.018843
v 0.018919 0.281790 0.018619
v 0.017752 0.279244 0.014608
v 0.028963 0.291864 0.012709
v 0.028963 0.291864 0.012709
v 0.017752 0.279244 0.014608
v 0.023017 0.285038 0.005628
v 0.026387 0.300635 0.022572
v 0.024272 0.309184 0.026167
v 0.023870 0.305318 0.025454
v 0.015703 0.315225 0.030592
v 0.015798 0.309799 0.030226
v 0.026292 0.311859 0.024985
v 0.031527 0.316022 0.012396
v 0.030390 0.316350 0.018843
v 0.031669 0.307697 0.012040
v 0.012026 0.323466 0.028793
v 0.012583 0.315236 0.036162
v 0.015703 0.315225 0.030592
v 0.008112 0.301535 0.033079
v 0.015774 0.302848 0.030538
v 0.008112 0.306310 0.031946
v 0.008112 0.301581 0.032621
v 0.008112 0.296714 0.030869
v 0.015674 0.302953 0.030542
v 0.008112 0.297001 -0.014567
v 0.008112 0.292107 -0.008897
v -0.001855 0.298483 -0.006376
v 0.018078 0.298483 -0.006376
v 0.008112 0.292107 -0.008897
v 0.008112 0.297001 -0.014567
v 0.003641 0.315236 0.036165
v 0.000520 0.315225 0.030592
v 0.008112 0.312197 0.031775
v 0.008112 0.312197 0.031775
v 0.000520 0.315225 0.030592
v 0.008112 0.310337 0.031556
v 0.000520 0.315225 0.030592
v 0.000425 0.309799 0.030226
v 0.008112 0.310337 0.031556
v 0.008112 0.310337 0.031556
v 0.000425 0.309799 0.030226
v 0.000484 0.306048 0.030015
v 0.000425 0.309799 0.030226
v -0.009341 0.308282 0.025632
v 0.000484 0.306048 0.030015
v 0.000484 0.306048 0.030015
v -0.009341 0.308282 0.025632
v -0.006955 0.306543 0.026252
v -0.009341 0.308282 0.025632
v -0.007647 0.301320 0.024919
v -0.006955 0.306543 0.026252
v -0.006955 0.306543 0.026252
v -0.007647 0.301320 0.024919
v -0.007238 0.297407 0.025395
v -0.007647 0.301320 0.024919
v -0.010163 0.300635 0.022572
v -0.007238 0.297407 0.025395
v -0.007238 0.297407 0.025395
v -0.010163 0.300635 0.022572
v -0.009417 0.293633 0.023708
v -0.010163 0.300635 0.022572
v -0.013462 0.299978 0.018069
v -0.009417 0.293633 0.023708
v -0.009417 0.293633 0.023708
v -0.013462 0.299978 0.018069
v -0.012058 0.292567 0.019297
v -0.013462 0.299978 0.018069
v -0.012739 0.291864 0.012709
v -0.012058 0.292567 0.019297
v -0.012058 0.292567 0.019297
v -0.012739 0.291864 0.012709
v -0.002696 0.281790 0.018619
v 0.008112 0.292107 -0.008897
v -0.001174 0.291523 -0.005553
v -0.001855 0.298483 -0.006376
v -0.001174 0.291523 -0.005553
v -0.006794 0.285038 0.005628
v -0.001855 0.298483 -0.006376
v -0.001855 0.298483 -0.006376
v -0.006794 0.285038 0.005628
v -0.010880 0.292076 0.004345
v -0.006794 0.285038 0.005628
v -0.012739 0.291864 0.012709
v -0.010880 0.292076 0.004345
v -0.010880 0.292076 0.004345
v -0.012739 0.291864 0.012709
v -0.015339 0.299436 0.011561
v -0.012739 0.291864 0.012709
v -0.013462 0.299978 0.018069
v -0.015339 0.299436 0.011561
v -0.015339 0.299436 0.011561
v -0.013462 0.299978 0.018069
v -0.015446 0.307697 0.012040
v -0.013462 0.299978 0.018069
v -0.013971 0.307954 0.018510
v -0.015446 0.307697 0.012040
v -0.015446 0.307697 0.012040
v -0.013971 0.307954 0.018510
v -0.014167 0.316350 0.018843
v -0.013971 0.307954 0.018510
v -0.011361 0.309554 0.024389
v -0.014167 0.316350 0.018843
v -0.014167 0.316350 0.018843
v -0.011361 0.309554 0.024389
v -0.009879 0.315532 0.026701
v -0.011361 0.309554 0.024389
v 0.000520 0.315225 0.030592
v -0.009879 0.315532 0.026701
v -0.009879 0.315532 0.026701
v 0.000520 0.315225 0.030592
v -0.010252 0.322903 0.026331
v 0.000520 0.315225 0.030592
v 0.004197 0.323466 0.028793
v -0.010252 0.322903 0.026331
v -0.006955 0.306543 0.026252
v -0.000090 0.297050 0.029489
v 0.000549 0.302433 0.030542
v 0.000549 0.302433 0.030542
v -0.000090 0.297050 0.029489
v 0.008112 0.296714 0.030869
v -0.000090 0.297050 0.029489
v -0.001606 0.287838 0.029777
v 0.008112 0.296714 0.030869
v 0.008112 0.296714 0.030869
v -0.001606 0.287838 0.029777
v 0.008112 0.285686 0.032490
v -0.001606 0.287838 0.029777
v -0.003128 0.283132 0.027373
v 0.008112 0.285686 0.032490
v 0.008112 0.285686 0.032490
v -0.003128 0.283132 0.027373
v 0.008112 0.280731 0.028537
v -0.003128 0.283132 0.027373
v 0.008112 0.279510 0.019817
v 0.008112 0.280731 0.028537
v -0.006955 0.306543 0.026252
v -0.007238 0.297407 0.025395
v -0.000090 0.297050 0.029489
v -0.000090 0.297050 0.029489
v -0.007238 0.297407 0.025395
v -0.001606 0.287838 0.029777
v -0.007238 0.297407 0.025395
v -0.009417 0.293633 0.023708
v -0.001606 0.287838 0.029777
v -0.001606 0.287838 0.029777
v -0.009417 0.293633 0.023708
v -0.003128 0.283132 0.027373
v -0.009417 0.293633 0.023708
v -0.012058 0.292567 0.019297
v -0.003128 0.283132 0.027373
v -0.003128 0.283132 0.027373
v -0.012058 0.292567 0.019297
v -0.002696 0.281790 0.018619
v 0.000425 0.309799 0.030226
v -0.011361 0.309554 0.024389
v -0.009341 0.308282 0.025632
v -0.009341 0.308282 0.025632
v -0.011361 0.309554 0.024389
v -0.010163 0.300635 0.022572
v -0.011361 0.309554 0.024389
v -0.013971 0.307954 0.018510
v -0.010163 0.300635 0.022572
v -0.010163 0.300635 0.022572
v -0.013971 0.307954 0.018510
v -0.013462 0.299978 0.018069
v 0.008112 0.310337 0.031556
v 0.000484 0.306048 0.030015
v 0.008112 0.306310 0.031946
v 0.008112 0.306310 0.031946
v 0.000484 0.306048 0.030015
v 0.000449 0.302574 0.030538
v 0.000484 0.306048 0.030015
v -0.006955 0.306543 0.026252
v 0.000449 0.302574 0.030538
v 0.008112 0.277212 0.017549
v 0.008112 0.279510 0.019817
v -0.001529 0.279244 0.014608
v -0.001529 0.279244 0.014608
v 0.008112 0.279510 0.019817
v -0.002696 0.281790 0.018619
v 0.008112 0.279510 0.019817
v -0.003128 0.283132 0.027373
v -0.002696 0.281790 0.018619
v -0.010252 0.322903 0.026331
v -0.013663 0.331980 0.019156
v -0.009879 0.315532 0.026701
v -0.009879 0.315532 0.026701
v -0.013663 0.331980 0.019156
v -0.014167 0.316350 0.018843
v -0.002696 0.281790 0.018619
v -0.012739 0.291864 0.012709
v -0.001529 0.279244 0.014608
v -0.001529 0.279244 0.014608
v -0.012739 0.291864 0.012709
v -0.006794 0.285038 0.005628
v -0.009341 0.308282 0.025632
v -0.010163 0.300635 0.022572
v -0.007647 0.301320 0.024919
v 0.000425 0.309799 0.030226
v 0.000520 0.315225 0.030592
v -0.011361 0.309554 0.024389
v -0.015304 0.316022 0.012396
v -0.015446 0.307697 0.012040
v -0.014167 0.316350 0.018843
v 0.008112 0.301535 0.033079
v 0.008112 0.306310 0.031946
v 0.000449 0.302574 0.030538
v 0.008112 0.301581 0.032621
v 0.000549 0.302433 0.030542
v 0.008112 0.296714 0.030869
v 0.003641 0.315236 0.036165
v 0.004197 0.323466 0.028793
v 0.000520 0.315225 0.030592
v 0.008112 0.301535 0.033079
v 0.008112 0.302087 0.012028
v 0.015774 0.302848 0.030538
v 0.015774 0.302848 0.030538
v 0.008112 0.302087 0.012028
v 0.020844 0.301874 0.017369
v 0.008112 0.302087 0.012028
v 0.015674 0.302953 0.030542
v 0.020844 0.301874 0.017369
v 0.020844 0.301874 0.017369
v 0.015674 0.302953 0.030542
v 0.022085 0.305389 0.026787
v 0.022085 0.305389 0.026787
v 0.015774 0.302848 0.030538
v 0.020844 0.301874 0.017369
v 0.008112 0.301581 0.032621
v 0.015674 0.302953 0.030542
v 0.008112 0.302087 0.012028
v 0.000549 0.302433 0.030542
v -0.004621 0.301874 0.017369
v -0.006955 0.306543 0.026252
v -0.006955 0.306543 0.026252
v -0.004621 0.301874 0.017369
v 0.000449 0.302574 0.030538
v -0.004621 0.301874 0.017369
v 0.008112 0.302087 0.012028
v 0.000449 0.302574 0.030538
v 0.000449 0.302574 0.030538
v 0.008112 0.302087 0.012028
v 0.008112 0.301535 0.033079
v 0.008112 0.301581 0.032621
v 0.008112 0.302087 0.012028
v 0.000549 0.302433 0.030542
v 0.000549 0.302433 0.030542
v 0.008112 0.302087 0.012028
v -0.004621 0.301874 0.017369
v -0.013663 0.331980 0.019156
v -0.015304 0.316022 0.012396
v -0.014167 0.316350 0.018843
v 0.030390 0.316350 0.018843
v 0.031527 0.316022 0.012396
v 0.029886 0.331980 0.019156
v 0.008112 0.277212 0.017549
v 0.008112 0.261678 0.015570
v 0.017752 0.279244 0.014608
v 0.008112 0.261678 0.015570
v 0.020512 0.268230 0.006957
v 0.017752 0.279244 0.014608
v 0.017752 0.279244 0.014608
v 0.020512 0.268230 0.006957
v 0.023017 0.285038 0.005628
v 0.020512 0.268230 0.006957
v 0.017664 0.268391 -0.006148
v 0.023017 0.285038 0.005628
v 0.023017 0.285038 0.005628
v 0.017664 0.268391 -0.006148
v 0.017397 0.291523 -0.005553
v 0.017664 0.268391 -0.006148
v 0.008112 0.292107 -0.008897
v 0.017397 0.291523 -0.005553
v 0.008112 0.267508 -0.009255
v 0.008112 0.292107 -0.008897
v 0.017664 0.268391 -0.006148
v 0.008112 0.277212 0.017549
v -0.001529 0.279244 0.014608
v 0.008112 0.261678 0.015570
v 0.008112 0.261678 0.015570
v -0.001529 0.279244 0.014608
v -0.004289 0.268230 0.006957
v -0.001529 0.279244 0.014608
v -0.006794 0.285038 0.005628
v -0.004289 0.268230 0.006957
v -0.004289 0.268230 0.006957
v -0.006794 0.285038 0.005628
v -0.001440 0.268391 -0.006148
v -0.006794 0.285038 0.005628
v -0.001174 0.291523 -0.005553
v -0.001440 0.268391 -0.006148
v -0.001440 0.268391 -0.006148
v -0.001174 0.291523 -0.005553
v 0.008112 0.292107 -0.008897
v 0.008112 0.267508 -0.009255
v -0.001440 0.268391 -0.006148
v 0.008112 0.292107 -0.008897
v 0.020317 0.274952 -0.007220
v 0.017373 0.272170 -0.009130
v 0.021797 0.271610 -0.004631
v 0.021797 0.271610 -0.004631
v 0.017373 0.272170 -0.009130
v 0.018854 0.268828 -0.006541
v 0.026363 0.270005 -0.009319
v 0.020317 0.274952 -0.007220
v 0.021797 0.271610 -0.004631
v 0.020317 0.274952 -0.007220
v 0.024882 0.273347 -0.011908
v 0.017373 0.272170 -0.009130
v 0.024882 0.273347 -0.011908
v 0.021939 0.270560 -0.013819
v 0.017373 0.272170 -0.009130
v 0.017373 0.272170 -0.009130
v 0.021939 0.270560 -0.013819
v 0.018854 0.268828 -0.006541
v 0.021939 0.270560 -0.013819
v 0.023420 0.267218 -0.011229
v 0.018854 0.268828 -0.006541
v 0.018854 0.268828 -0.006541
v 0.023420 0.267218 -0.011229
v 0.021797 0.271610 -0.004631
v 0.023420 0.267218 -0.011229
v 0.026363 0.270005 -0.009319
v 0.021797 0.271610 -0.004631
v 0.007670 0.246698 -0.020517
v 0.007675 0.247277 -0.020184
v 0.009506 0.247026 -0.020332
v 0.009506 0.247026 -0.020332
v 0.007675 0.247277 -0.020184
v 0.009512 0.247606 -0.020000
v 0.007675 0.247277 -0.020184
v 0.007681 0.247782 -0.019896
v 0.009512 0.247606 -0.020000
v 0.009512 0.247606 -0.020000
v 0.007681 0.247782 -0.019896
v 0.009519 0.248110 -0.019711
v 0.007681 0.247782 -0.019896
v 0.007711 0.249726 -0.018768
v 0.009519 0.248110 -0.019711
v 0.009519 0.248110 -0.019711
v 0.007711 0.249726 -0.018768
v 0.009507 0.249652 -0.018819
v 0.006882 0.246365 -0.021050
v 0.006888 0.247070 -0.020474
v 0.010207 0.246575 -0.020883
v 0.010207 0.246575 -0.020883
v 0.006888 0.247070 -0.020474
v 0.010212 0.247282 -0.020307
v 0.006888 0.247070 -0.020474
v 0.006899 0.247625 -0.020025
v 0.010212 0.247282 -0.020307
v 0.010212 0.247282 -0.020307
v 0.006899 0.247625 -0.020025
v 0.010224 0.247837 -0.019857
v -0.019544 0.113119 0.001432
v -0.022167 0.101956 0.001175
v -0.010252 0.113080 0.009159
v -0.010252 0.113080 0.009159
v -0.022167 0.101956 0.001175
v -0.010312 0.101880 0.001172
v -0.022167 0.101956 0.001175
v -0.010252 0.113036 -0.006297
v -0.010312 0.101880 0.001172
v -0.010312 0.101880 0.001172
v -0.010252 0.113036 -0.006297
v 0.003179 0.101810 0.001169
v -0.010252 0.113036 -0.006297
v 0.000585 0.113300 0.001442
v 0.003179 0.101810 0.001169
v 0.003179 0.101810 0.001169
v 0.000585 0.113300 0.001442
v -0.010252 0.113080 0.009159
v 0.000585 0.113300 0.001442
v -0.009856 0.123373 0.010247
v -0.010252 0.113080 0.009159
v -0.010252 0.113080 0.009159
v -0.009856 0.123373 0.010247
v -0.019544 0.113119 0.001432
v -0.009856 0.123373 0.010247
v -0.018122 0.122993 0.001139
v -0.019544 0.113119 0.001432
v -0.019544 0.113119 0.001432
v -0.018122 0.122993 0.001139
v -0.010252 0.113036 -0.006297
v -0.018122 0.122993 0.001139
v -0.009856 0.122879 -0.008014
v -0.010252 0.113036 -0.006297
v -0.010252 0.113036 -0.006297
v -0.009856 0.122879 -0.008014
v -0.000517 0.123203 0.001157
v -0.009856 0.122879 -0.008014
v 0.000857 0.150973 0.001021
v -0.000517 0.123203 0.001157
v -0.000517 0.123203 0.001157
v 0.000857 0.150973 0.001021
v -0.009856 0.123373 0.010247
v 0.000857 0.150973 0.001021
v -0.008819 0.152094 0.010184
v -0.009856 0.123373 0.010247
v -0.009856 0.123373 0.010247
v -0.008819 0.152094 0.010184
v -0.018122 0.122993 0.001139
v -0.008819 0.152094 0.010184
v -0.018383 0.153269 0.001164
v -0.018122 0.122993 0.001139
v -0.018122 0.122993 0.001139
v -0.018383 0.153269 0.001164
v -0.008825 0.152486 -0.007976
v -0.018383 0.153269 0.001164
v -0.008422 0.163556 -0.008006
v -0.008825 0.152486 -0.007976
v -0.008825 0.152486 -0.007976
v -0.008422 0.163556 -0.008006
v 0.003593 0.160310 0.000959
v -0.008422 0.163556 -0.008006
v 0.008301 0.167578 0.001249
v 0.003593 0.160310 0.000959
v 0.003593 0.160310 0.000959
v 0.008301 0.167578 0.001249
v -0.008422 0.162830 0.010152
v 0.008301 0.167578 0.001249
v -0.006113 0.171765 0.001417
v -0.008422 0.162830 0.010152
v -0.008422 0.162830 0.010152
v -0.006113 0.171765 0.001417
v -0.016417 0.173560 0.001488
v -0.006113 0.171765 0.001417
v -0.008422 0.163556 -0.008006
v -0.016417 0.173560 0.001488
v -0.016417 0.173560 0.001488
v -0.008422 0.163556 -0.008006
v -0.018087 0.165093 0.001150
v -0.008422 0.163556 -0.008006
v -0.018383 0.153269 0.001164
v -0.018087 0.165093 0.001150
v -0.018087 0.165093 0.001150
v -0.018383 0.153269 0.001164
v -0.008422 0.162830 0.010152
v -0.018383 0.153269 0.001164
v -0.008819 0.152094 0.010184
v -0.008422 0.162830 0.010152
v -0.008422 0.162830 0.010152
v -0.008819 0.152094 0.010184
v 0.003593 0.160310 0.000959
v -0.008819 0.152094 0.010184
v 0.000857 0.150973 0.001021
v 0.003593 0.160310 0.000959
v 0.003593 0.160310 0.000959
v 0.000857 0.150973 0.001021
v -0.008825 0.152486 -0.007976
v 0.000857 0.150973 0.001021
v -0.009856 0.122879 -0.008014
v -0.008825 0.152486 -0.007976
v -0.008825 0.152486 -0.007976
v -0.009856 0.122879 -0.008014
v -0.018122 0.122993 0.001139
v -0.009856 0.123373 0.010247
v 0.000585 0.113300 0.001442
v -0.000517 0.123203 0.001157
v -0.000517 0.123203 0.001157
v 0.000585 0.113300 0.001442
v -0.010252 0.113036 -0.006297
v 0.008301 0.167578 0.001249
v -0.008422 0.163556 -0.008006
v -0.006113 0.171765 0.001417
v -0.008422 0.162830 0.010152
v -0.016417 0.173560 0.001488
v -0.018087 0.165093 0.001150
v -0.019544 0.113119 0.001432
v -0.010252 0.113036 -0.006297
v -0.022167 0.101956 0.001175
v -0.010252 0.113080 0.009159
v -0.010312 0.101880 0.001172
v 0.003179 0.101810 0.001169
v -0.012437 0.173286 0.010672
v 0.008112 0.166690 0.000609
v 0.008112 0.171727 0.013337
v 0.008112 0.171727 0.013337
v 0.008112 0.166690 0.000609
v 0.028661 0.173286 0.010672
v 0.008112 0.166690 0.000609
v 0.033078 0.173427 0.000991
v 0.028661 0.173286 0.010672
v -0.016855 0.173433 0.000992
v 0.008112 0.166690 0.000609
v -0.012437 0.173286 0.010672
v 0.027784 0.172699 -0.009062
v 0.008112 0.166690 0.000609
v 0.008112 0.170432 -0.012265
v 0.008112 0.170432 -0.012265
v 0.008112 0.166690 0.000609
v -0.011567 0.172693 -0.009065
v 0.008112 0.166690 0.000609
v -0.016855 0.173433 0.000992
v -0.011567 0.172693 -0.009065
v 0.033078 0.173427 0.000991
v 0.008112 0.166690 0.000609
v 0.027784 0.172699 -0.009062
v 0.026475 0.113080 0.009159
v 0.026079 0.123373 0.010247
v 0.015638 0.113300 0.001442
v 0.015638 0.113300 0.001442
v 0.026079 0.123373 0.010247
v 0.016740 0.123203 0.001157
v 0.026079 0.123373 0.010247
v 0.015366 0.150973 0.001021
v 0.016740 0.123203 0.001157
v 0.016740 0.123203 0.001157
v 0.015366 0.150973 0.001021
v 0.026079 0.122879 -0.008014
v 0.015366 0.150973 0.001021
v 0.025048 0.152486 -0.007976
v 0.026079 0.122879 -0.008014
v 0.026079 0.122879 -0.008014
v 0.025048 0.152486 -0.007976
v 0.034346 0.122993 0.001139
v 0.025048 0.152486 -0.007976
v 0.034606 0.153269 0.001164
v 0.034346 0.122993 0.001139
v 0.034346 0.122993 0.001139
v 0.034606 0.153269 0.001164
v 0.025042 0.152094 0.010184
v 0.034606 0.153269 0.001164
v 0.024645 0.162830 0.010152
v 0.025042 0.152094 0.010184
v 0.025042 0.152094 0.010184
v 0.024645 0.162830 0.010152
v 0.012630 0.160310 0.000959
v 0.024645 0.162830 0.010152
v 0.007922 0.167578 0.001249
v 0.012630 0.160310 0.000959
v 0.012630 0.160310 0.000959
v 0.007922 0.167578 0.001249
v 0.024645 0.163556 -0.008006
v 0.007922 0.167578 0.001249
v 0.022336 0.171765 0.001417
v 0.024645 0.163556 -0.008006
v 0.024645 0.163556 -0.008006
v 0.022336 0.171765 0.001417
v 0.032640 0.173560 0.001488
v 0.022336 0.171765 0.001417
v 0.024645 0.162830 0.010152
v 0.032640 0.173560 0.001488
v 0.032640 0.173560 0.001488
v 0.024645 0.162830 0.010152
v 0.034310 0.165093 0.001150
v 0.024645 0.162830 0.010152
v 0.034606 0.153269 0.001164
v 0.034310 0.165093 0.001150
v 0.034310 0.165093 0.001150
v 0.034606 0.153269 0.001164
v 0.024645 0.163556 -0.008006
v 0.034606 0.153269 0.001164
v 0.025048 0.152486 -0.007976
v 0.024645 0.163556 -0.008006
v 0.024645 0.163556 -0.008006
v 0.025048 0.152486 -0.007976
v 0.012630 0.160310 0.000959
v 0.025048 0.152486 -0.007976
v 0.015366 0.150973 0.001021
v 0.012630 0.160310 0.000959
v 0.012630 0.160310 0.000959
v 0.015366 0.150973 0.001021
v 0.025042 0.152094 0.010184
v 0.015366 0.150973 0.001021
v 0.026079 0.123373 0.010247
v 0.025042 0.152094 0.010184
v 0.025042 0.152094 0.010184
v 0.026079 0.123373 0.010247
v 0.034346 0.122993 0.001139
v 0.026079 0.123373 0.010247
v 0.035767 0.113119 0.001432
v 0.034346 0.122993 0.001139
v 0.034346 0.122993 0.001139
v 0.035767 0.113119 0.001432
v 0.026475 0.113036 -0.006297
v 0.035767 0.113119 0.001432
v 0.038390 0.101956 0.001175
v 0.026475 0.113036 -0.006297
v 0.026475 0.113036 -0.006297
v 0.038390 0.101956 0.001175
v 0.026535 0.101880 0.001172
v 0.038390 0.101956 0.001175
v 0.026475 0.113080 0.009159
v 0.026535 0.101880 0.001172
v 0.026535 0.101880 0.001172
v 0.026475 0.113080 0.009159
v 0.013044 0.101810 0.001169
v 0.026475 0.113080 0.009159
v 0.015638 0.113300 0.001442
v 0.013044 0.101810 0.001169
v 0.013044 0.101810 0.001169
v 0.015638 0.113300 0.001442
v 0.026475 0.113036 -0.006297
v 0.015638 0.113300 0.001442
v 0.016740 0.123203 0.001157
v 0.026475 0.113036 -0.006297
v 0.026475 0.113036 -0.006297
v 0.016740 0.123203 0.001157
v 0.026079 0.122879 -0.008014
v 0.026079 0.123373 0.010247
v 0.026475 0.113080 0.009159
v 0.035767 0.113119 0.001432
v 0.035767 0.113119 0.001432
v 0.026475 0.113080 0.009159
v 0.038390 0.101956 0.001175
v 0.024645 0.163556 -0.008006
v 0.032640 0.173560 0.001488
v 0.034310 0.165093 0.001150
v 0.013044 0.101810 0.001169
v 0.026475 0.113036 -0.006297
v 0.026535 0.101880 0.001172
v 0.007922 0.167578 0.001249
v 0.024645 0.162830 0.010152
v 0.022336 0.171765 0.001417
v 0.034346 0.122993 0.001139
v 0.026475 0.113036 -0.006297
v 0.026079 0.122879 -0.008014
v 0.008695 0.233820 -0.023068
v 0.003140 0.235727 -0.022620
v 0.008654 0.234707 -0.023910
v 0.008654 0.234707 -0.023910
v 0.003140 0.235727 -0.022620
v 0.003798 0.236376 -0.023518
v 0.003140 0.235727 -0.022620
v 0.000683 0.240680 -0.021507
v 0.003798 0.236376 -0.023518
v 0.003798 0.236376 -0.023518
v 0.000683 0.240680 -0.021507
v 0.001654 0.240706 -0.022547
v 0.000683 0.240680 -0.021507
v 0.002761 0.245777 -0.020381
v 0.001654 0.240706 -0.022547
v 0.001654 0.240706 -0.022547
v 0.002761 0.245777 -0.020381
v 0.003466 0.245162 -0.021560
v 0.002761 0.245777 -0.020381
v 0.008156 0.248034 -0.019900
v 0.003466 0.245162 -0.021560
v 0.003466 0.245162 -0.021560
v 0.008156 0.248034 -0.019900
v 0.008186 0.247135 -0.021140
v 0.008156 0.248034 -0.019900
v 0.013711 0.246127 -0.020345
v 0.008186 0.247135 -0.021140
v 0.008186 0.247135 -0.021140
v 0.013711 0.246127 -0.020345
v 0.013042 0.245468 -0.021531
v 0.013711 0.246127 -0.020345
v 0.016168 0.241174 -0.021458
v 0.013042 0.245468 -0.021531
v 0.013042 0.245468 -0.021531
v 0.016168 0.241174 -0.021458
v 0.015191 0.241137 -0.022503
v 0.016168 0.241174 -0.021458
v 0.014090 0.236076 -0.022587
v 0.015191 0.241137 -0.022503
v 0.015191 0.241137 -0.022503
v 0.014090 0.236076 -0.022587
v 0.013373 0.236681 -0.023490
v 0.014090 0.236076 -0.022587
v 0.008695 0.233820 -0.023068
v 0.013373 0.236681 -0.023490
v 0.013373 0.236681 -0.023490
v 0.008695 0.233820 -0.023068
v 0.008654 0.234707 -0.023910
v 0.002631 0.240742 -0.022299
v 0.004473 0.237034 -0.023131
v 0.003798 0.236376 -0.023518
v 0.003798 0.236376 -0.023518
v 0.004473 0.237034 -0.023131
v 0.008654 0.234707 -0.023910
v 0.004473 0.237034 -0.023131
v 0.008630 0.235606 -0.023466
v 0.008654 0.234707 -0.023910
v 0.008654 0.234707 -0.023910
v 0.008630 0.235606 -0.023466
v 0.013373 0.236681 -0.023490
v 0.008630 0.235606 -0.023466
v 0.012663 0.237295 -0.023104
v 0.013373 0.236681 -0.023490
v 0.013373 0.236681 -0.023490
v 0.012663 0.237295 -0.023104
v 0.015191 0.241137 -0.022503
v 0.012663 0.237295 -0.023104
v 0.014220 0.241111 -0.022261
v 0.015191 0.241137 -0.022503
v 0.015191 0.241137 -0.022503
v 0.014220 0.241111 -0.022261
v 0.013042 0.245468 -0.021531
v 0.014220 0.241111 -0.022261
v 0.012378 0.244819 -0.021429
v 0.013042 0.245468 -0.021531
v 0.013042 0.245468 -0.021531
v 0.012378 0.244819 -0.021429
v 0.008186 0.247135 -0.021140
v 0.012378 0.244819 -0.021429
v 0.008221 0.246246 -0.021094
v 0.008186 0.247135 -0.021140
v 0.008186 0.247135 -0.021140
v 0.008221 0.246246 -0.021094
v 0.003466 0.245162 -0.021560
v 0.008221 0.246246 -0.021094
v 0.004183 0.244559 -0.021453
v 0.003466 0.245162 -0.021560
v 0.003466 0.245162 -0.021560
v 0.004183 0.244559 -0.021453
v 0.001654 0.240706 -0.022547
v 0.004183 0.244559 -0.021453
v 0.002631 0.240742 -0.022299
v 0.001654 0.240706 -0.022547
v 0.001654 0.240706 -0.022547
v 0.002631 0.240742 -0.022299
v 0.003798 0.236376 -0.023518
v 0.016168 0.241174 -0.021458
v 0.014220 0.241111 -0.022261
v 0.014090 0.236076 -0.022587
v 0.008695 0.233820 -0.023068
v 0.014090 0.236076 -0.022587
v 0.012663 0.237295 -0.023104
v 0.012663 0.237295 -0.023104
v 0.014090 0.236076 -0.022587
v 0.014220 0.241111 -0.022261
v 0.008630 0.235606 -0.023466
v 0.008695 0.233820 -0.023068
v 0.012663 0.237295 -0.023104
v 0.008695 0.233820 -0.023068
v 0.008630 0.235606 -0.023466
v 0.003140 0.235727 -0.022620
v 0.004473 0.237034 -0.023131
v 0.003140 0.235727 -0.022620
v 0.008630 0.235606 -0.023466
v 0.014220 0.241111 -0.022261
v 0.016168 0.241174 -0.021458
v 0.012378 0.244819 -0.021429
v 0.013711 0.246127 -0.020345
v 0.012378 0.244819 -0.021429
v 0.016168 0.241174 -0.021458
v 0.012378 0.244819 -0.021429
v 0.013711 0.246127 -0.020345
v 0.008221 0.246246 -0.021094
v 0.008156 0.248034 -0.019900
v 0.008221 0.246246 -0.021094
v 0.013711 0.246127 -0.020345
v 0.008221 0.246246 -0.021094
v 0.008156 0.248034 -0.019900
v 0.004183 0.244559 -0.021453
v 0.002761 0.245777 -0.020381
v 0.004183 0.244559 -0.021453
v 0.008156 0.248034 -0.019900
v 0.004183 0.244559 -0.021453
v 0.002761 0.245777 -0.020381
v 0.002631 0.240742 -0.022299
v 0.000683 0.240680 -0.021507
v 0.002631 0.240742 -0.022299
v 0.002761 0.245777 -0.020381
v 0.004473 0.237034 -0.023131
v 0.002631 0.240742 -0.022299
v 0.003140 0.235727 -0.022620
v 0.003140 0.235727 -0.022620
v 0.002631 0.240742 -0.022299
v 0.000683 0.240680 -0.021507
v 0.008243 0.352329 0.039124
v 0.007927 0.354406 0.034128
v 0.000654 0.351345 0.039388
v 0.007927 0.354406 0.034128
v 0.001464 0.353568 0.034357
v 0.000654 0.351345 0.039388
v 0.000654 0.351345 0.039388
v 0.001464 0.353568 0.034357
v -0.018571 0.345748 0.021981
v 0.001464 0.353568 0.034357
v -0.014908 0.348802 0.019528
v -0.018571 0.345748 0.021981
v -0.018571 0.345748 0.021981
v -0.014908 0.348802 0.019528
v -0.026416 0.341628 -0.005625
v -0.014908 0.348802 0.019528
v -0.021592 0.345294 -0.003981
v -0.026416 0.341628 -0.005625
v -0.026416 0.341628 -0.005625
v -0.021592 0.345294 -0.003981
v -0.012463 0.341159 -0.028194
v -0.021592 0.345294 -0.003981
v -0.009709 0.344894 -0.023205
v -0.012463 0.341159 -0.028194
v -0.012463 0.341159 -0.028194
v -0.009709 0.344894 -0.023205
v 0.008850 0.342968 -0.033585
v -0.009709 0.344894 -0.023205
v 0.008444 0.346435 -0.027795
v 0.008850 0.342968 -0.033585
v 0.008071 0.354959 0.059476
v 0.008243 0.352329 0.039124
v -0.000279 0.353869 0.059655
v 0.008243 0.352329 0.039124
v 0.000654 0.351345 0.039388
v -0.000279 0.353869 0.059655
v -0.000279 0.353869 0.059655
v 0.000654 0.351345 0.039388
v -0.028956 0.349035 0.030822
v 0.000654 0.351345 0.039388
v -0.018571 0.345748 0.021981
v -0.028956 0.349035 0.030822
v -0.028956 0.349035 0.030822
v -0.018571 0.345748 0.021981
v -0.040862 0.345234 -0.013912
v -0.018571 0.345748 0.021981
v -0.026416 0.341628 -0.005625
v -0.040862 0.345234 -0.013912
v -0.040862 0.345234 -0.013912
v -0.051955 0.355944 -0.009477
v -0.028956 0.349035 0.030822
v -0.051955 0.355944 -0.009477
v -0.034360 0.356641 0.038237
v -0.028956 0.349035 0.030822
v -0.028956 0.349035 0.030822
v -0.034360 0.356641 0.038237
v -0.000279 0.353869 0.059655
v -0.034360 0.356641 0.038237
v -0.001095 0.360248 0.071575
v -0.000279 0.353869 0.059655
v -0.000279 0.353869 0.059655
v -0.001095 0.360248 0.071575
v 0.008071 0.354959 0.059476
v -0.001095 0.360248 0.071575
v 0.007351 0.361445 0.074987
v 0.008071 0.354959 0.059476
v 0.007957 0.347665 -0.065667
v -0.028120 0.346953 -0.053245
v 0.008580 0.343851 -0.051474
v 0.008580 0.343851 -0.051474
v -0.028120 0.346953 -0.053245
v -0.019675 0.341845 -0.040610
v -0.028120 0.346953 -0.053245
v -0.046189 0.353275 -0.033532
v -0.019675 0.341845 -0.040610
v -0.019675 0.341845 -0.040610
v -0.046189 0.353275 -0.033532
v -0.040862 0.345234 -0.013912
v 0.008580 0.343851 -0.051474
v -0.019675 0.341845 -0.040610
v 0.008850 0.342968 -0.033585
v 0.008850 0.342968 -0.033585
v -0.019675 0.341845 -0.040610
v -0.012463 0.341159 -0.028194
v -0.019675 0.341845 -0.040610
v -0.026416 0.341628 -0.005625
v -0.012463 0.341159 -0.028194
v -0.026416 0.341628 -0.005625
v -0.019675 0.341845 -0.040610
v -0.040862 0.345234 -0.013912
v 0.059349 0.367153 -0.034437
v 0.056610 0.358051 -0.014748
v 0.064634 0.371276 -0.010477
v 0.008850 0.342968 -0.033585
v 0.008444 0.346435 -0.027795
v 0.029997 0.346742 -0.028558
v 0.008444 0.346435 -0.027795
v 0.026452 0.349649 -0.023515
v 0.029997 0.346742 -0.028558
v 0.029997 0.346742 -0.028558
v 0.026452 0.349649 -0.023515
v 0.043730 0.350852 -0.006227
v 0.026452 0.349649 -0.023515
v 0.038151 0.353150 -0.004493
v 0.043730 0.350852 -0.006227
v 0.043730 0.350852 -0.006227
v 0.038151 0.353150 -0.004493
v 0.035556 0.352865 0.021517
v 0.038151 0.353150 -0.004493
v 0.031187 0.354863 0.019133
v 0.035556 0.352865 0.021517
v 0.035556 0.352865 0.021517
v 0.031187 0.354863 0.019133
v 0.015834 0.353341 0.039258
v 0.031187 0.354863 0.019133
v 0.014392 0.355268 0.034246
v 0.015834 0.353341 0.039258
v 0.015834 0.353341 0.039258
v 0.014392 0.355268 0.034246
v 0.008243 0.352329 0.039124
v 0.014392 0.355268 0.034246
v 0.007927 0.354406 0.034128
v 0.008243 0.352329 0.039124
v 0.008071 0.354959 0.059476
v 0.016424 0.356065 0.059512
v 0.008243 0.352329 0.039124
v 0.008243 0.352329 0.039124
v 0.016424 0.356065 0.059512
v 0.015834 0.353341 0.039258
v 0.016424 0.356065 0.059512
v 0.044883 0.358744 0.030189
v 0.015834 0.353341 0.039258
v 0.015834 0.353341 0.039258
v 0.044883 0.358744 0.030189
v 0.035556 0.352865 0.021517
v 0.044883 0.358744 0.030189
v 0.056610 0.358051 -0.014748
v 0.035556 0.352865 0.021517
v 0.035556 0.352865 0.021517
v 0.056610 0.358051 -0.014748
v 0.043730 0.350852 -0.006227
v 0.007351 0.361445 0.074987
v 0.015764 0.362465 0.071431
v 0.008071 0.354959 0.059476
v 0.008071 0.354959 0.059476
v 0.015764 0.362465 0.071431
v 0.016424 0.356065 0.059512
v 0.015764 0.362465 0.071431
v 0.048264 0.367506 0.037528
v 0.016424 0.356065 0.059512
v 0.016424 0.356065 0.059512
v 0.048264 0.367506 0.037528
v 0.044883 0.358744 0.030189
v 0.048264 0.367506 0.037528
v 0.064634 0.371276 -0.010477
v 0.044883 0.358744 0.030189
v 0.044883 0.358744 0.030189
v 0.064634 0.371276 -0.010477
v 0.056610 0.358051 -0.014748
v 0.007957 0.347665 -0.065667
v 0.008580 0.343851 -0.051474
v 0.043199 0.356331 -0.053857
v 0.043199 0.356331 -0.053857
v 0.008580 0.343851 -0.051474
v 0.036575 0.349242 -0.041092
v 0.008580 0.343851 -0.051474
v 0.008850 0.342968 -0.033585
v 0.036575 0.349242 -0.041092
v 0.036575 0.349242 -0.041092
v 0.008850 0.342968 -0.033585
v 0.029997 0.346742 -0.028558
v 0.043199 0.356331 -0.053857
v 0.036575 0.349242 -0.041092
v 0.059349 0.367153 -0.034437
v 0.059349 0.367153 -0.034437
v 0.036575 0.349242 -0.041092
v 0.056610 0.358051 -0.014748
v 0.036575 0.349242 -0.041092
v 0.043730 0.350852 -0.006227
v 0.056610 0.358051 -0.014748
v 0.043730 0.350852 -0.006227
v 0.036575 0.349242 -0.041092
v 0.029997 0.346742 -0.028558
v 0.006509 0.387698 0.029154
v 0.035556 0.352865 0.021517
v 0.018172 0.387465 0.018709
v 0.018172 0.387465 0.018709
v 0.035556 0.352865 0.021517
v 0.028479 0.386120 -0.003173
v 0.035556 0.352865 0.021517
v 0.043730 0.350852 -0.006227
v 0.028479 0.386120 -0.003173
v 0.028479 0.386120 -0.003173
v 0.043730 0.350852 -0.006227
v 0.029997 0.346742 -0.028558
v 0.028479 0.386120 -0.003173
v 0.029997 0.346742 -0.028558
v 0.018955 0.382536 -0.023857
v 0.018955 0.382536 -0.023857
v 0.029997 0.346742 -0.028558
v 0.004223 0.378547 -0.027544
v 0.029997 0.346742 -0.028558
v 0.008850 0.342968 -0.033585
v 0.004223 0.378547 -0.027544
v 0.015834 0.353341 0.039258
v 0.035556 0.352865 0.021517
v 0.006509 0.387698 0.029154
v -0.018571 0.345748 0.021981
v -0.020749 0.379647 -0.002751
v -0.026416 0.341628 -0.005625
v -0.026416 0.341628 -0.005625
v -0.020749 0.379647 -0.002751
v -0.012463 0.341159 -0.028194
v -0.020749 0.379647 -0.002751
v -0.010973 0.378601 -0.023600
v -0.012463 0.341159 -0.028194
v -0.012463 0.341159 -0.028194
v -0.010973 0.378601 -0.023600
v 0.004223 0.378547 -0.027544
v -0.020749 0.379647 -0.002751
v -0.018571 0.345748 0.021981
v -0.010772 0.383659 0.018958
v -0.010772 0.383659 0.018958
v -0.018571 0.345748 0.021981
v 0.000608 0.386923 0.029205
v -0.018571 0.345748 0.021981
v 0.000654 0.351345 0.039388
v 0.000608 0.386923 0.029205
v 0.008850 0.342968 -0.033585
v -0.012463 0.341159 -0.028194
v 0.004223 0.378547 -0.027544
v 0.018955 0.382536 -0.023857
v 0.003612 0.384792 -0.003010
v 0.028479 0.386120 -0.003173
v 0.028479 0.386120 -0.003173
v 0.003612 0.384792 -0.003010
v 0.018172 0.387465 0.018709
v 0.003612 0.384792 -0.003010
v 0.003525 0.386882 0.018803
v 0.018172 0.387465 0.018709
v 0.018172 0.387465 0.018709
v 0.003525 0.386882 0.018803
v 0.006509 0.387698 0.029154
v 0.003525 0.386882 0.018803
v 0.003531 0.387511 0.029174
v 0.006509 0.387698 0.029154
v 0.004223 0.378547 -0.027544
v 0.003990 0.380568 -0.023728
v 0.018955 0.382536 -0.023857
v 0.018955 0.382536 -0.023857
v 0.003990 0.380568 -0.023728
v 0.003612 0.384792 -0.003010
v 0.003531 0.387511 0.029174
v 0.003525 0.386882 0.018803
v 0.000608 0.386923 0.029205
v 0.000608 0.386923 0.029205
v 0.003525 0.386882 0.018803
v -0.010772 0.383659 0.018958
v 0.003525 0.386882 0.018803
v 0.003612 0.384792 -0.003010
v -0.010772 0.383659 0.018958
v -0.010772 0.383659 0.018958
v 0.003612 0.384792 -0.003010
v -0.020749 0.379647 -0.002751
v 0.003612 0.384792 -0.003010
v -0.010973 0.378601 -0.023600
v -0.020749 0.379647 -0.002751
v 0.004223 0.378547 -0.027544
v -0.010973 0.378601 -0.023600
v 0.003990 0.380568 -0.023728
v 0.003990 0.380568 -0.023728
v -0.010973 0.378601 -0.023600
v 0.003612 0.384792 -0.003010
v 0.015834 0.353341 0.039258
v 0.006509 0.387698 0.029154
v 0.008243 0.352329 0.039124
v 0.008243 0.352329 0.039124
v 0.006509 0.387698 0.029154
v 0.003531 0.387511 0.029174
v 0.003531 0.387511 0.029174
v 0.000608 0.386923 0.029205
v 0.008243 0.352329 0.039124
v 0.008243 0.352329 0.039124
v 0.000608 0.386923 0.029205
v 0.000654 0.351345 0.039388
v -0.040862 0.345234 -0.013912
v -0.046189 0.353275 -0.033532
v -0.051955 0.355944 -0.009477
v 0.008702 0.354440 0.059023
v 0.008874 0.351809 0.038672
v 0.017211 0.355566 0.059058
v 0.008874 0.351809 0.038672
v 0.016607 0.352840 0.038804
v 0.017211 0.355566 0.059058
v 0.017211 0.355566 0.059058
v 0.016607 0.352840 0.038804
v 0.046215 0.358317 0.029731
v 0.016607 0.352840 0.038804
v 0.036698 0.352413 0.021060
v 0.046215 0.358317 0.029731
v 0.046215 0.358317 0.029731
v 0.036698 0.352413 0.021060
v 0.058167 0.357654 -0.015209
v 0.036698 0.352413 0.021060
v 0.043572 0.350420 -0.006685
v 0.058167 0.357654 -0.015209
v 0.058167 0.357654 -0.015209
v 0.066369 0.370901 -0.010939
v 0.046215 0.358317 0.029731
v 0.066369 0.370901 -0.010939
v 0.049676 0.367089 0.037069
v 0.046215 0.358317 0.029731
v 0.046215 0.358317 0.029731
v 0.049676 0.367089 0.037069
v 0.017211 0.355566 0.059058
v 0.049676 0.367089 0.037069
v 0.016552 0.361966 0.070977
v 0.017211 0.355566 0.059058
v 0.017211 0.355566 0.059058
v 0.016552 0.361966 0.070977
v 0.008702 0.354440 0.059023
v 0.016552 0.361966 0.070977
v 0.007983 0.360926 0.074534
v 0.008702 0.354440 0.059023
v 0.008588 0.347146 -0.066120
v 0.044504 0.355900 -0.054315
v 0.009211 0.343331 -0.051927
v 0.009211 0.343331 -0.051927
v 0.044504 0.355900 -0.054315
v 0.037738 0.348792 -0.041550
v 0.044504 0.355900 -0.054315
v 0.060979 0.366765 -0.034898
v 0.037738 0.348792 -0.041550
v 0.037738 0.348792 -0.041550
v 0.060979 0.366765 -0.034898
v 0.058167 0.357654 -0.015209
v 0.009211 0.343331 -0.051927
v 0.037738 0.348792 -0.041550
v 0.009481 0.342449 -0.034037
v 0.009481 0.342449 -0.034037
v 0.037738 0.348792 -0.041550
v 0.031028 0.346275 -0.029014
v 0.037738 0.348792 -0.041550
v 0.043572 0.350420 -0.006685
v 0.031028 0.346275 -0.029014
v 0.043572 0.350420 -0.006685
v 0.037738 0.348792 -0.041550
v 0.058167 0.357654 -0.015209
v -0.046562 0.352623 -0.033976
v -0.041156 0.344593 -0.014357
v -0.052433 0.355279 -0.009920
v 0.008702 0.354440 0.059023
v 0.000191 0.353328 0.059204
v 0.008874 0.351809 0.038672
v 0.008874 0.351809 0.038672
v 0.000191 0.353328 0.059204
v 0.001138 0.350806 0.038937
v 0.000191 0.353328 0.059204
v -0.029026 0.348423 0.030376
v 0.001138 0.350806 0.038937
v 0.001138 0.350806 0.038937
v -0.029026 0.348423 0.030376
v -0.018456 0.345160 0.021533
v -0.029026 0.348423 0.030376
v -0.041156 0.344593 -0.014357
v -0.018456 0.345160 0.021533
v -0.018456 0.345160 0.021533
v -0.041156 0.344593 -0.014357
v -0.024173 0.340125 -0.006072
v 0.007983 0.360926 0.074534
v -0.000626 0.359707 0.071124
v 0.008702 0.354440 0.059023
v 0.008702 0.354440 0.059023
v -0.000626 0.359707 0.071124
v 0.000191 0.353328 0.059204
v -0.000626 0.359707 0.071124
v -0.034516 0.356018 0.037791
v 0.000191 0.353328 0.059204
v 0.000191 0.353328 0.059204
v -0.034516 0.356018 0.037791
v -0.029026 0.348423 0.030376
v -0.034516 0.356018 0.037791
v -0.052433 0.355279 -0.009920
v -0.029026 0.348423 0.030376
v -0.029026 0.348423 0.030376
v -0.052433 0.355279 -0.009920
v -0.041156 0.344593 -0.014357
v 0.008588 0.347146 -0.066120
v 0.009211 0.343331 -0.051927
v -0.028169 0.346344 -0.053692
v -0.028169 0.346344 -0.053692
v 0.009211 0.343331 -0.051927
v -0.019580 0.341255 -0.041058
v 0.009211 0.343331 -0.051927
v 0.009481 0.342449 -0.034037
v -0.019580 0.341255 -0.041058
v -0.019580 0.341255 -0.041058
v 0.009481 0.342449 -0.034037
v -0.012238 0.340586 -0.028643
v -0.028169 0.346344 -0.053692
v -0.019580 0.341255 -0.041058
v -0.046562 0.352623 -0.033976
v -0.046562 0.352623 -0.033976
v -0.019580 0.341255 -0.041058
v -0.041156 0.344593 -0.014357
v -0.019580 0.341255 -0.041058
v -0.024173 0.340125 -0.006072
v -0.041156 0.344593 -0.014357
v -0.024173 0.340125 -0.006072
v -0.019580 0.341255 -0.041058
v -0.012238 0.340586 -0.028643
v 0.058167 0.357654 -0.015209
v 0.060979 0.366765 -0.034898
v 0.066369 0.370901 -0.010939
v 0.183027 0.242717 0.015237
v 0.188220 0.243280 0.015220
v 0.183027 0.249173 0.015924
v 0.183027 0.249173 0.015924
v 0.188220 0.243280 0.015220
v 0.188220 0.247628 0.015591
v 0.188220 0.243280 0.015220
v 0.197920 0.246113 0.015119
v 0.188220 0.247628 0.015591
v 0.188220 0.247628 0.015591
v 0.197920 0.246113 0.015119
v 0.188220 0.247841 0.010273
v 0.197920 0.246113 0.015119
v 0.197920 0.246260 0.011425
v 0.188220 0.247841 0.010273
v 0.188220 0.247841 0.010273
v 0.197920 0.246260 0.011425
v 0.188220 0.243491 0.009941
v 0.197920 0.246260 0.011425
v 0.197920 0.244033 0.011336
v 0.188220 0.243491 0.009941
v 0.197920 0.244033 0.011336
v 0.197920 0.243885 0.015030
v 0.188220 0.243491 0.009941
v 0.197920 0.243885 0.015030
v 0.188220 0.243280 0.015220
v 0.188220 0.243491 0.009941
v 0.188220 0.243491 0.009941
v 0.188220 0.243280 0.015220
v 0.183027 0.242959 0.009176
v 0.188220 0.243280 0.015220
v 0.183027 0.242717 0.015237
v 0.183027 0.242959 0.009176
v 0.183027 0.249173 0.015924
v 0.188220 0.247628 0.015591
v 0.183027 0.249418 0.009775
v 0.183027 0.249418 0.009775
v 0.188220 0.247628 0.015591
v 0.188220 0.247841 0.010273
v 0.183027 0.249418 0.009775
v 0.188220 0.247841 0.010273
v 0.183027 0.242959 0.009176
v 0.183027 0.242959 0.009176
v 0.188220 0.247841 0.010273
v 0.188220 0.243491 0.009941
v 0.197920 0.243885 0.015030
v 0.197920 0.244033 0.011336
v 0.197920 0.246113 0.015119
v 0.197920 0.246260 0.011425
v 0.197920 0.243885 0.015030
v 0.197920 0.246113 0.015119
v 0.188220 0.243280 0.015220
v 0.183027 0.242717 0.015237
v 0.161021 0.241492 0.014244
v 0.183027 0.242959 0.009176
v 0.183027 0.242959 0.009176
v 0.161021 0.241492 0.014244
v 0.183027 0.243667 -0.008535
v 0.161021 0.241492 0.014244
v 0.161021 0.242351 -0.007252
v 0.183027 0.243667 -0.008535
v 0.183027 0.243667 -0.008535
v 0.161021 0.242351 -0.007252
v 0.183027 0.250136 -0.008194
v 0.161021 0.242351 -0.007252
v 0.161021 0.252399 -0.006634
v 0.183027 0.250136 -0.008194
v 0.183027 0.250136 -0.008194
v 0.161021 0.252399 -0.006634
v 0.183027 0.249418 0.009775
v 0.161021 0.252399 -0.006634
v 0.161021 0.251530 0.015105
v 0.183027 0.249418 0.009775
v 0.183027 0.249418 0.009775
v 0.161021 0.251530 0.015105
v 0.183027 0.249173 0.015924
v 0.150344 0.249355 0.008856
v 0.161021 0.251530 0.015105
v 0.150344 0.249746 -0.000915
v 0.161021 0.251530 0.015105
v 0.161021 0.252399 -0.006634
v 0.150344 0.249746 -0.000915
v 0.150344 0.249746 -0.000915
v 0.161021 0.252399 -0.006634
v 0.150379 0.244494 -0.000220
v 0.161021 0.252399 -0.006634
v 0.161021 0.242351 -0.007252
v 0.150379 0.244494 -0.000220
v 0.150379 0.244494 -0.000220
v 0.161021 0.242351 -0.007252
v 0.150379 0.244176 0.007745
v 0.161021 0.242351 -0.007252
v 0.161021 0.241492 0.014244
v 0.150379 0.244176 0.007745
v 0.150379 0.244176 0.007745
v 0.161021 0.241492 0.014244
v 0.150344 0.249355 0.008856
v 0.161021 0.241492 0.014244
v 0.161021 0.251530 0.015105
v 0.150344 0.249355 0.008856
v 0.161021 0.241492 0.014244
v 0.183027 0.242717 0.015237
v 0.161021 0.251530 0.015105
v 0.161021 0.251530 0.015105
v 0.183027 0.242717 0.015237
v 0.183027 0.249173 0.015924
vn 0.9544 0.2481 0.1659
vn 0.9544 0.2477 0.1668
vn 0.7158 0.3536 0.6021
vn 0.2668 0.4194 0.8677
vn 0.2667 0.4193 0.8678
vn -0.2672 0.4192 0.8677
vn -0.2670 0.4194 0.8677
vn -0.7152 0.3538 0.6027
vn 0.7783 0.6268 -0.0370
vn 0.5941 0.7376 0.3209
vn 0.5944 0.7377 0.3201
vn 0.2239 0.8093 0.5430
vn 0.2243 0.8095 0.5427
vn -0.2246 0.8094 0.5426
vn -0.7158 -0.4046 0.5691
vn -0.7157 -0.4045 0.5694
vn -0.2677 -0.4928 0.8279
vn -0.2674 -0.4927 0.8281
vn 0.2674 -0.4927 0.8281
vn 0.2671 -0.4929 0.8281
vn 0.7165 -0.4042 0.5685
vn 0.7162 -0.4045 0.5687
vn 0.9545 -0.2612 0.1437
vn 0.5953 -0.7626 0.2531
vn 0.2250 -0.8539 0.4693
vn 0.2243 -0.8542 0.4691
vn -0.2253 -0.8540 0.4690
vn -0.2249 -0.8539 0.4693
vn -0.5947 -0.7629 0.2536
vn -0.9545 -0.2612 0.1437
vn -0.7162 -0.4045 0.5687
vn -0.7165 -0.4042 0.5685
vn -0.2671 -0.4929 0.8281
vn 0.2677 -0.4928 0.8279
vn 0.7157 -0.4045 0.5694
vn 0.7158 -0.4046 0.5691
vn -0.5953 -0.7626 0.2531
vn -0.2250 -0.8539 0.4693
vn -0.2243 -0.8542 0.4691
vn 0.2253 -0.8540 0.4690
vn 0.2249 -0.8539 0.4693
vn 0.5947 -0.7629 0.2536
vn 0.7112 0.3270 0.6223
vn 0.2644 0.3799 0.8864
vn 0.2646 0.3798 0.8864
vn -0.2641 0.3798 0.8866
vn -0.2643 0.3799 0.8865
vn -0.7118 0.3268 0.6218
vn -0.7118 0.3268 0.6217
vn -0.9533 0.2403 0.1830
vn -0.9534 0.2406 0.1821
vn 0.2220 0.7762 0.5901
vn -0.2217 0.7763 0.5901
vn -0.2209 0.7760 0.5908
vn -0.5912 0.7181 0.3671
vn -0.5913 0.7182 0.3669
vn -0.7790 0.6270 0.0048
vn 0.9837 -0.1776 0.0290
vn 0.9837 -0.1777 0.0288
vn 0.7973 0.5995 0.0697
vn 0.7978 0.5989 0.0691
vn -0.7776 0.6287 0.0070
vn -0.7789 0.6271 0.0082
vn -0.9912 -0.1240 -0.0470
vn -0.9909 -0.1255 -0.0479
vn -0.9837 -0.1747 -0.0431
vn -0.9837 -0.1748 -0.0429
vn -0.7966 0.6041 -0.0215
vn -0.7979 0.6025 -0.0204
vn 0.7783 0.6264 0.0425
vn 0.7782 0.6266 0.0426
vn 0.9909 -0.1291 0.0378
vn 0.9909 -0.1289 0.0377
vn 0.7768 -0.0553 0.6273
vn -0.6898 -0.0709 0.7205
vn -0.6743 -0.0815 0.7339
vn -0.6746 0.0739 -0.7345
vn -0.6539 0.2778 -0.7037
vn 0.7400 0.2751 -0.6138
vn 0.5865 -0.0717 -0.8068
vn 0.5827 -0.1814 0.7922
vn -0.6614 0.0673 -0.7470
vn 0.7569 0.0648 -0.6503
vn 0.7636 0.0680 -0.6421
vn 0.7636 -0.0646 0.6424
vn 0.7461 0.1909 0.6379
vn -0.6602 0.1813 0.7289
vn -0.5111 -0.1720 0.8422
vn -0.5137 -0.0560 -0.8561
vn -0.5884 0.8079 0.0323
vn 0.5392 0.8415 0.0336
vn 0.9912 -0.1240 -0.0470
vn 0.7789 0.6271 0.0082
vn 0.7776 0.6287 0.0070
vn -0.7978 0.5989 0.0691
vn -0.7973 0.5995 0.0697
vn -0.9837 -0.1777 0.0288
vn -0.9837 -0.1776 0.0290
vn 0.9909 -0.1255 -0.0479
vn -0.9909 -0.1291 0.0378
vn -0.7782 0.6266 0.0426
vn -0.7783 0.6264 0.0425
vn 0.7979 0.6025 -0.0204
vn 0.7966 0.6041 -0.0215
vn 0.9837 -0.1748 -0.0429
vn 0.9837 -0.1747 -0.0431
vn -0.9909 -0.1289 0.0377
vn -0.7569 0.0648 -0.6503
vn 0.6614 0.0673 -0.7470
vn 0.6746 0.0739 -0.7345
vn 0.6743 -0.0815 0.7339
vn 0.6602 0.1813 0.7289
vn -0.7461 0.1909 0.6379
vn -0.5827 -0.1814 0.7922
vn -0.5865 -0.0717 -0.8068
vn 0.6898 -0.0709 0.7205
vn -0.7768 -0.0553 0.6273
vn -0.7636 -0.0646 0.6424
vn -0.7636 0.0680 -0.6421
vn -0.7400 0.2751 -0.6138
vn 0.6539 0.2778 -0.7037
vn 0.5137 -0.0560 -0.8561
vn 0.5111 -0.1720 0.8422
vn 0.5884 0.8079 0.0323
vn -0.5392 0.8415 0.0336
vn 0.1014 -0.6297 -0.7702
vn -0.0000 -0.6330 -0.7742
vn -0.0000 0.6927 -0.7212
vn -0.0000 0.6330 0.7741
vn -0.1502 0.6259 0.7653
vn 0.6593 -0.0300 0.7513
vn 0.6592 0.0300 -0.7514
vn -0.1616 -0.6247 -0.7640
vn -0.1616 -0.6837 0.7116
vn -0.0000 -0.6928 0.7211
vn 0.1015 -0.6892 0.7174
vn -0.5761 -0.1300 0.8069
vn -0.5761 -0.0652 -0.8148
vn -0.5766 -0.0550 -0.8152
vn 0.1862 0.7182 -0.6705
vn 0.1863 0.6624 0.7256
vn -0.5767 -0.1199 0.8081
vn -0.1502 0.6849 -0.7130
vn -0.1862 0.7182 -0.6705
vn 0.1616 -0.6837 0.7116
vn -0.6593 -0.0300 0.7513
vn -0.6592 0.0300 -0.7514
vn 0.1502 0.6849 -0.7130
vn 0.1502 0.6259 0.7653
vn -0.1863 0.6624 0.7256
vn 0.5767 -0.1199 0.8081
vn 0.5766 -0.0550 -0.8152
vn 0.5761 -0.0652 -0.8148
vn -0.1014 -0.6297 -0.7702
vn -0.1015 -0.6892 0.7174
vn 0.5761 -0.1300 0.8069
vn 0.1616 -0.6247 -0.7640
vn -0.8188 0.5620 0.1171
vn -0.8182 0.5626 0.1185
vn -0.6617 0.5471 0.5126
vn -0.6621 0.5470 0.5124
vn -0.3283 0.5375 0.7767
vn -0.3279 0.5377 0.7768
vn 0.0930 0.5361 0.8390
vn 0.0932 0.5362 0.8389
vn 0.4888 0.5437 0.6822
vn 0.4883 0.5433 0.6829
vn 0.7534 0.5573 0.3491
vn 0.7535 0.5579 0.3477
vn 0.7516 -0.5864 0.3021
vn 0.7530 -0.5854 0.3006
vn 0.4890 -0.5997 0.6334
vn 0.4887 -0.5999 0.6335
vn 0.0958 -0.6070 0.7889
vn -0.3235 -0.6059 0.7268
vn -0.3230 -0.6057 0.7272
vn -0.6548 -0.5961 0.4646
vn -0.6550 -0.5964 0.4639
vn -0.8106 -0.5812 0.0713
vn -0.8108 -0.5808 0.0724
vn -0.7874 0.1722 0.5919
vn -0.7876 0.1720 0.5917
vn -0.9743 0.1902 0.1204
vn -0.9742 0.1905 0.1208
vn -0.7865 -0.2227 0.5760
vn -0.7862 -0.2223 0.5766
vn -0.9733 -0.2039 0.1051
vn -0.9733 -0.2038 0.1052
vn 0.9006 -0.2098 0.3808
vn 0.8999 -0.2109 0.3818
vn 0.5849 -0.2273 0.7786
vn 0.5847 -0.2274 0.7787
vn 0.5838 0.1678 0.7944
vn 0.5840 0.1681 0.7941
vn 0.8992 0.1850 0.3964
vn 0.8991 0.1846 0.3969
vn -0.3362 0.9387 0.0767
vn -0.2724 0.9324 0.2376
vn -0.1359 0.9285 0.3457
vn 0.0362 0.9279 0.3710
vn -0.3310 -0.9436 0.0016
vn 0.1975 0.9309 0.3073
vn -0.2673 -0.9498 0.1626
vn -0.1308 -0.9538 0.2706
vn 0.0413 -0.9543 0.2959
vn 0.3060 0.9366 0.1704
vn 0.2027 -0.9513 0.2322
vn 0.3112 -0.9455 0.0953
vn 0.1122 0.1591 0.9809
vn 0.1119 0.1589 0.9809
vn -0.3900 0.1606 0.9067
vn 0.1130 -0.2359 0.9652
vn 0.1135 -0.2356 0.9652
vn -0.3889 -0.2340 0.8911
vn -0.3892 -0.2342 0.8909
vn -0.7765 0.5577 0.2932
vn -0.7773 0.5572 0.2921
vn -0.5373 0.5435 0.6449
vn -0.5366 0.5438 0.6453
vn -0.1539 0.5362 0.8299
vn -0.1537 0.5363 0.8299
vn 0.2705 0.5374 0.7988
vn 0.2711 0.5378 0.7983
vn 0.6231 0.5475 0.5586
vn 0.6222 0.5464 0.5607
vn 0.8079 0.5619 0.1776
vn 0.8077 0.5628 0.1757
vn 0.8035 -0.5809 0.1303
vn 0.8041 -0.5803 0.1292
vn 0.6199 -0.5959 0.5105
vn 0.6182 -0.5968 0.5115
vn 0.2693 -0.6059 0.7486
vn 0.2699 -0.6057 0.7486
vn -0.1530 -0.6072 0.7797
vn -0.1526 -0.6070 0.7799
vn -0.5338 -0.5998 0.5960
vn -0.5336 -0.5997 0.5964
vn -0.7725 -0.5855 0.2456
vn -0.7725 -0.5859 0.2448
vn -0.6404 0.1678 0.7495
vn -0.6408 0.1674 0.7492
vn -0.9258 0.1840 0.3303
vn -0.9254 0.1845 0.3310
vn -0.6407 -0.2274 0.7334
vn -0.6400 -0.2266 0.7342
vn -0.9255 -0.2099 0.3153
vn -0.9257 -0.2109 0.3139
vn 0.9633 -0.2039 0.1744
vn 0.9629 -0.2050 0.1757
vn 0.7418 -0.2231 0.6324
vn 0.7429 -0.2219 0.6315
vn 0.7418 0.1713 0.6483
vn 0.7428 0.1729 0.6468
vn 0.9629 0.1913 0.1902
vn 0.9629 0.1893 0.1925
vn -0.3176 0.9366 0.1476
vn -0.2194 0.9309 0.2921
vn -0.0629 0.9279 0.3675
vn 0.1107 0.9285 0.3545
vn -0.3173 -0.9456 0.0724
vn 0.2538 0.9324 0.2572
vn -0.2191 -0.9513 0.2168
vn -0.0626 -0.9543 0.2922
vn 0.1110 -0.9538 0.2793
vn 0.3297 0.9388 0.1001
vn 0.2541 -0.9499 0.1820
vn 0.3300 -0.9437 0.0248
vn 0.3225 0.1602 0.9329
vn 0.3229 0.1606 0.9327
vn -0.1834 0.1589 0.9701
vn -0.1831 0.1591 0.9701
vn 0.3230 -0.2338 0.9171
vn 0.3228 -0.2340 0.9171
vn -0.1830 -0.2356 0.9545
vn -0.1835 -0.2360 0.9543
vn 0.9402 0.0298 0.3393
vn 0.9406 0.0195 0.3390
vn 0.2214 -0.0434 0.9742
vn 0.2213 -0.0490 0.9740
vn 0.2195 -0.0515 0.9743
vn 0.2175 -0.1750 0.9602
vn -0.2195 -0.1776 0.9593
vn -0.1978 -0.1399 0.9702
vn -0.9341 -0.0491 0.3537
vn -0.9305 -0.0340 0.3647
vn -0.9300 -0.0402 -0.3653
vn -0.9285 -0.0449 -0.3685
vn -0.2710 -0.1002 -0.9573
vn -0.2532 -0.1305 -0.9586
vn 0.2535 -0.1305 -0.9585
vn 0.2198 -0.5812 -0.7835
vn 0.1956 -0.5451 -0.8152
vn 0.9350 -0.0237 -0.3540
vn 0.9355 0.0273 -0.3521
vn 0.2736 0.0240 -0.9615
vn 0.2762 0.0204 -0.9609
vn -0.2736 0.0204 -0.9616
vn -0.2762 0.0240 -0.9608
vn -0.9218 0.0277 -0.3866
vn -0.9214 0.0471 -0.3857
vn -0.9372 0.0185 0.3482
vn -0.9408 0.0088 0.3387
vn -0.2237 -0.0461 0.9736
vn -0.2133 -0.0341 0.9764
vn 0.2133 -0.0341 0.9764
vn 0.2119 0.0752 0.9744
vn 0.9115 0.0745 0.4045
vn 0.8607 -0.3929 0.3237
vn 0.7976 -0.4863 0.3569
vn 0.1505 -0.6815 0.7162
vn 0.1444 -0.6888 0.7104
vn -0.1497 -0.6888 0.7093
vn -0.1447 -0.6814 0.7174
vn -0.8355 -0.4526 0.3116
vn -0.8418 -0.3851 0.3783
vn -0.8520 -0.3834 -0.3564
vn -0.8027 -0.4523 -0.3888
vn -0.2244 -0.5475 -0.8061
vn -0.1952 -0.5843 -0.7877
vn 0.2216 0.0668 0.9728
vn -0.2376 0.0658 0.9691
vn -0.2116 0.0869 0.9735
vn -0.8660 0.1257 0.4840
vn -0.9404 0.0240 0.3392
vn -0.9118 0.1006 -0.3982
vn -0.9140 0.0644 -0.4006
vn -0.2761 0.0542 -0.9596
vn 0.9256 0.0470 -0.3757
vn 0.9175 0.0659 -0.3923
vn 0.2759 0.1099 -0.9549
vn 0.3147 0.0631 -0.9471
vn -0.2676 0.0641 -0.9614
vn -0.2657 0.1586 -0.9509
vn -0.8747 0.1566 -0.4586
vn -0.2237 -0.0513 0.9733
vn -0.2216 -0.0486 0.9739
vn -0.9376 -0.0310 0.3463
vn -0.9346 -0.0210 0.3551
vn -0.9313 0.0002 -0.3642
vn 0.9407 0.0191 0.3386
vn 0.9412 -0.0216 0.3372
vn 0.9382 -0.0315 0.3446
vn 0.9378 -0.0473 0.3439
vn 0.1974 -0.1400 0.9703
vn 0.9149 0.1055 -0.3896
vn 0.8928 0.1384 -0.4287
vn 0.3125 0.1589 -0.9365
vn 0.3685 0.1134 -0.9227
vn -0.3239 0.1154 -0.9390
vn 0.8317 -0.3735 -0.4109
vn 0.8287 -0.4365 -0.3503
vn 0.9285 -0.0451 -0.3687
vn 0.2710 -0.1007 -0.9573
vn 0.9259 -0.0005 -0.3778
vn 0.9307 -0.0175 0.3654
vn 0.3372 -0.0917 0.9370
vn 0.3372 -0.0916 0.9370
vn 0.3206 -0.0916 0.9428
vn -0.3235 -0.0924 0.9417
vn -0.3344 -0.0924 0.9379
vn -0.3344 -0.0926 0.9379
vn 0.7604 0.4580 0.4604
vn 0.7147 -0.5000 0.4891
vn 0.2684 -0.7538 0.5998
vn 0.3670 -0.3401 0.8658
vn 0.2598 -0.2477 0.9334
vn 0.4863 -0.2643 0.8328
vn 0.4184 0.4980 0.7596
vn 0.5021 0.4123 0.7602
vn 0.0506 0.1987 0.9787
vn 0.1615 0.5439 0.8235
vn 0.4347 0.3484 0.8304
vn 0.9411 0.1903 0.2795
vn 0.8647 -0.4540 0.2149
vn 0.0662 -0.2625 0.9627
vn 0.0664 -0.2463 0.9669
vn 0.4259 -0.8649 0.2655
vn 0.6827 0.5887 0.4328
vn 0.6053 0.5533 0.5722
vn 0.5151 0.6544 0.5536
vn 0.5051 0.2618 0.8224
vn 0.3550 0.3365 0.8722
vn 0.3452 -0.1631 0.9242
vn -0.4507 -0.2783 0.8482
vn -0.2887 0.6772 0.6768
vn 0.0313 0.8512 0.5239
vn 0.1214 -0.1921 0.9738
vn 0.3595 -0.2874 0.8878
vn 0.4372 -0.8838 0.1668
vn -0.9024 -0.3195 -0.2892
vn 0.1196 -0.8443 -0.5223
vn 0.1625 -0.8837 -0.4389
vn -0.8337 -0.2972 -0.4655
vn 0.4497 -0.1034 -0.8872
vn 0.3269 -0.1672 -0.9302
vn -0.8991 -0.2634 -0.3497
vn -0.8348 -0.0476 0.5485
vn -0.5898 -0.0902 0.8025
vn 0.6360 0.6867 -0.3520
vn 0.6359 0.6868 -0.3520
vn -0.9755 0.2192 0.0198
vn -0.7294 0.4413 0.5227
vn -0.5207 0.8537 -0.0087
vn -0.9971 -0.0647 0.0400
vn -0.9297 -0.0645 -0.3625
vn -0.9096 -0.1045 -0.4021
vn -0.2439 -0.0143 -0.9697
vn -0.2368 -0.0187 -0.9714
vn -0.9045 -0.3213 -0.2806
vn -0.8161 -0.4873 -0.3108
vn -0.8735 -0.4244 -0.2384
vn -0.7420 -0.6319 -0.2238
vn -0.4492 -0.7978 -0.4022
vn -0.5844 0.8108 0.0334
vn -0.7428 0.4418 -0.5030
vn -0.4105 0.5273 -0.7439
vn -0.2672 0.3486 -0.8984
vn -0.2174 -0.2953 -0.9303
vn -0.2806 -0.3814 -0.8808
vn -0.2342 -0.5901 -0.7726
vn -0.9045 -0.0516 0.4234
vn -0.9512 -0.0971 0.2928
vn -0.9917 -0.0860 0.0959
vn -0.4298 0.9015 0.0511
vn -0.2103 0.9689 -0.1303
vn 0.4817 0.4255 0.7661
vn 0.7175 0.6923 0.0770
vn 0.6476 0.7619 0.0109
vn 0.7526 0.4132 -0.5126
vn 0.4036 0.5187 -0.7537
vn 0.2672 0.3486 -0.8984
vn 0.9833 -0.0332 0.1791
vn 0.9301 -0.0637 -0.3617
vn 0.9096 -0.1045 -0.4021
vn 0.2439 -0.0143 -0.9697
vn 0.2368 -0.0187 -0.9714
vn 0.4492 -0.7978 -0.4022
vn 0.7420 -0.6319 -0.2238
vn 0.8735 -0.4244 -0.2384
vn 0.8161 -0.4873 -0.3108
vn 0.9045 -0.3213 -0.2806
vn 0.9975 0.0657 0.0264
vn 0.9195 -0.0783 0.3852
vn 0.7091 -0.0798 0.7006
vn 0.2342 -0.5901 -0.7726
vn 0.2806 -0.3814 -0.8808
vn 0.2174 -0.2953 -0.9303
vn 0.2092 0.9772 -0.0363
vn 0.1834 0.9806 -0.0692
vn 0.9024 -0.3195 -0.2892
vn -0.8152 -0.4868 -0.3138
vn -0.7638 -0.2560 -0.5925
vn -0.6888 -0.5749 -0.4416
vn -0.6273 -0.1649 -0.7611
vn -0.6054 -0.3463 -0.7166
vn -0.9146 -0.3409 -0.2176
vn -0.9946 -0.0995 0.0291
vn -0.9881 0.0356 -0.1499
vn -0.9845 -0.1127 -0.1344
vn -0.9722 0.0011 -0.2342
vn -0.9877 0.0235 -0.1544
vn -0.9539 -0.0284 0.2986
vn -0.9932 -0.0407 -0.1090
vn -0.9409 -0.1650 0.2959
vn -0.8107 0.2990 0.5034
vn -0.7277 0.3587 0.5847
vn -0.4417 0.0275 0.8967
vn -0.1147 0.2899 0.9502
vn -0.1149 0.2904 0.9500
vn -0.9533 -0.0108 0.3020
vn -0.9556 -0.0117 0.2944
vn -0.0664 -0.2463 0.9669
vn -0.0662 -0.2625 0.9627
vn -0.8647 -0.4540 0.2149
vn -0.9411 0.1903 0.2795
vn -0.4347 0.3484 0.8304
vn -0.1615 0.5439 0.8235
vn -0.0506 0.1987 0.9787
vn -0.5021 0.4123 0.7602
vn -0.4184 0.4980 0.7596
vn -0.4863 -0.2643 0.8328
vn -0.2598 -0.2477 0.9334
vn -0.3670 -0.3401 0.8658
vn -0.2684 -0.7538 0.5998
vn -0.7147 -0.5000 0.4891
vn -0.7604 0.4580 0.4604
vn -0.3452 -0.1631 0.9242
vn -0.3550 0.3365 0.8722
vn -0.5051 0.2618 0.8224
vn -0.5151 0.6544 0.5536
vn -0.6052 0.5535 0.5722
vn -0.6826 0.5888 0.4329
vn -0.4257 -0.8650 0.2655
vn -0.0313 0.8512 0.5239
vn 0.2887 0.6772 0.6768
vn 0.4507 -0.2783 0.8482
vn -0.1214 -0.1921 0.9738
vn -0.3595 -0.2874 0.8878
vn -0.4370 -0.8838 0.1668
vn 0.9146 -0.3409 -0.2176
vn 0.6054 -0.3463 -0.7166
vn 0.6273 -0.1649 -0.7611
vn 0.6888 -0.5749 -0.4416
vn 0.7638 -0.2560 -0.5925
vn 0.8152 -0.4868 -0.3138
vn 0.9722 0.0011 -0.2342
vn 0.9845 -0.1127 -0.1344
vn 0.9886 0.0226 -0.1487
vn 0.9935 -0.0864 0.0734
vn 0.9887 0.0232 -0.1483
vn 0.9103 -0.1736 0.3757
vn 0.9888 0.0214 -0.1475
vn 0.9840 0.0266 0.1761
vn -0.3269 -0.1672 -0.9302
vn -0.4497 -0.1034 -0.8872
vn 0.8337 -0.2972 -0.4655
vn -0.1625 -0.8837 -0.4389
vn -0.2672 -0.9434 -0.1966
vn 0.5634 -0.0936 0.8209
vn 0.8348 -0.0476 0.5485
vn 0.8991 -0.2634 -0.3497
vn -0.6359 0.6868 -0.3520
vn -0.6360 0.6867 -0.3520
vn 0.1149 0.2904 0.9500
vn 0.2016 0.4992 0.8427
vn 0.4779 0.3688 0.7972
vn 0.6299 0.4676 0.6201
vn 0.9882 0.0480 0.1456
vn 0.9829 0.0514 0.1769
vn 0.6110 0.5444 0.5747
vn 0.3172 0.9362 0.1514
vn 0.3093 0.7768 -0.5485
vn -0.4272 0.7386 -0.5215
vn -0.4795 0.5665 -0.6702
vn -0.9222 0.3826 -0.0561
vn -0.9827 0.1850 -0.0019
vn -0.8573 -0.3494 0.3782
vn -0.8236 -0.4396 0.3583
vn -0.2041 -0.6820 0.7023
vn -0.2081 -0.6744 0.7084
vn 0.6567 -0.5200 0.5462
vn 0.4643 -0.1958 0.8637
vn 0.9043 -0.0843 0.4185
vn 0.7159 0.3390 0.6103
vn -0.2691 0.8790 0.3937
vn -0.2905 0.8854 0.3630
vn -0.2763 0.7519 0.5985
vn -0.0966 0.6733 0.7331
vn 0.1336 0.9170 0.3760
vn 0.0442 0.7063 0.7066
vn -0.9760 -0.0122 0.2172
vn -0.9859 -0.0309 0.1643
vn -0.9879 -0.0248 0.1529
vn -0.9696 -0.2435 0.0232
vn -0.1635 -0.3658 -0.9162
vn -0.1630 -0.3657 -0.9164
vn 0.8892 0.0089 -0.4575
vn 0.9077 0.0326 -0.4183
vn 0.9996 0.0256 0.0141
vn 0.2601 -0.1483 0.9541
vn -0.8665 -0.2783 0.4144
vn -0.8991 -0.2936 0.3248
vn -0.9591 -0.2779 -0.0538
vn 0.2603 -0.1483 0.9541
vn 0.9896 0.0703 -0.1256
vn -0.1492 0.9858 0.0764
vn -0.2548 0.8619 -0.4384
vn -0.2551 0.8620 -0.4381
vn -0.1494 0.9858 0.0763
vn 0.0753 -0.9362 -0.3432
vn 0.0754 -0.9361 -0.3434
vn 0.0628 -0.9211 -0.3843
vn 0.0623 -0.9215 -0.3833
vn -0.9727 -0.1981 0.1205
vn -0.9726 -0.1986 0.1211
vn -0.9728 -0.1980 0.1203
vn -1.0000 -0.0000 -0.0000
vn -0.0518 0.1486 0.9875
vn -0.0572 0.1776 0.9824
vn -0.0000 -0.9992 -0.0399
vn -0.6439 -0.2644 -0.7180
vn -0.6443 -0.2937 -0.7062
vn 0.6821 -0.2970 -0.6683
vn 0.7037 -0.2455 -0.6668
vn -0.6717 0.1011 -0.7339
vn -0.7554 -0.0385 -0.6541
vn 0.7192 -0.0393 -0.6937
vn 0.7718 0.0497 -0.6339
vn 0.0515 0.1762 0.9830
vn 0.0575 0.1470 0.9875
vn 0.6377 -0.2929 -0.7124
vn 0.6511 -0.2622 -0.7123
vn -0.6928 -0.2491 -0.6767
vn -0.6918 -0.2980 -0.6577
vn -0.7718 0.0497 -0.6339
vn -0.7192 -0.0393 -0.6937
vn 0.7554 -0.0385 -0.6541
vn 0.6717 0.1011 -0.7339
vn 0.0076 0.7163 -0.6977
vn 0.0029 0.6584 0.7526
vn -0.0046 0.6330 0.7741
vn -0.0025 -0.6928 0.7211
vn 0.0002 0.6927 -0.7212
vn 0.0024 -0.6330 -0.7742
vn -0.0114 -0.5840 -0.8117
vn -0.0165 -0.6469 0.7624
vn -0.0000 -0.2080 0.9781
vn -0.0000 0.1295 0.9916
vn 1.0000 -0.0000 -0.0000
vn 0.1563 -0.6252 -0.7647
vn -0.6473 0.0304 -0.7617
vn -0.6473 -0.0304 0.7616
vn 0.1460 0.6263 0.7658
vn 0.1460 0.6853 -0.7135
vn 0.1563 -0.6843 0.7123
vn -0.0029 0.6584 0.7526
vn -0.0076 0.7163 -0.6977
vn -0.0002 0.6927 -0.7212
vn -0.0024 -0.6330 -0.7742
vn 0.0114 -0.5840 -0.8117
vn 0.0165 -0.6469 0.7624
vn 0.0025 -0.6928 0.7211
vn 0.0046 0.6330 0.7741
vn -0.7617 -0.0795 0.6430
vn -0.7758 -0.0674 0.6274
vn -0.5371 0.7441 0.3972
vn -0.3077 0.7219 0.6199
vn -0.3015 0.9330 0.1964
vn -0.1271 0.9644 0.2317
vn -0.1024 0.4022 0.9098
vn 0.0879 0.4079 0.9088
vn 0.4285 0.1457 0.8917
vn 0.9227 0.0622 0.3806
vn 0.1084 0.9691 0.2216
vn 0.2495 0.9521 0.1768
vn 0.2568 0.7358 0.6266
vn 0.4926 0.7865 0.3726
vn 0.7643 -0.0828 0.6395
vn 0.6651 -0.0200 -0.7465
vn -0.4505 0.1440 0.8811
vn -0.9221 0.0624 0.3818
vn -0.9208 0.0435 0.3876
vn -0.9966 0.0617 0.0546
vn -0.9967 0.0434 0.0686
vn -0.6828 -0.0190 -0.7304
vn -0.7714 0.0371 -0.6352
vn 0.7605 0.0405 -0.6481
vn 0.9989 0.0391 -0.0270
vn 0.9977 0.0553 -0.0386
vn 0.9206 0.0340 0.3891
vn 0.7425 -0.0684 0.6664
vn 0.9973 0.0675 -0.0298
vn -0.9951 0.0744 0.0651
vn -0.0000 -0.9991 0.0412
vn -0.0079 -0.9420 -0.3356
vn -0.0164 -0.9374 -0.3478
vn -0.0000 -0.9831 0.1832
vn -0.5813 -0.1962 0.7897
vn -0.5860 -0.0790 -0.8064
vn 0.0036 0.5931 -0.8051
vn 0.0029 0.5932 -0.8051
vn 0.0027 0.4848 0.8746
vn 0.5108 -0.1757 0.8416
vn 0.0033 0.4848 0.8746
vn 0.5141 -0.0490 -0.8564
vn -0.6651 -0.0200 -0.7465
vn -0.7643 -0.0828 0.6395
vn -0.4926 0.7865 0.3726
vn -0.2568 0.7358 0.6266
vn -0.2495 0.9521 0.1768
vn -0.1084 0.9691 0.2216
vn -0.0879 0.4079 0.9088
vn 0.1024 0.4022 0.9098
vn 0.4505 0.1440 0.8811
vn 0.9221 0.0624 0.3818
vn 0.1271 0.9644 0.2317
vn 0.3015 0.9330 0.1964
vn 0.3077 0.7219 0.6199
vn 0.5371 0.7441 0.3972
vn 0.7758 -0.0674 0.6274
vn 0.7617 -0.0795 0.6430
vn -0.4285 0.1457 0.8917
vn -0.9227 0.0622 0.3806
vn -0.9206 0.0340 0.3891
vn -0.9977 0.0553 -0.0386
vn -0.9989 0.0391 -0.0270
vn -0.7605 0.0405 -0.6481
vn 0.7714 0.0371 -0.6352
vn 0.6828 -0.0190 -0.7304
vn 0.9951 0.0744 0.0651
vn 0.9967 0.0434 0.0686
vn 0.9966 0.0617 0.0546
vn -0.7425 -0.0684 0.6664
vn -0.9973 0.0675 -0.0298
vn 0.9208 0.0435 0.3876
vn 0.0164 -0.9374 -0.3478
vn 0.0079 -0.9420 -0.3356
vn 0.5813 -0.1962 0.7897
vn -0.0033 0.4848 0.8746
vn -0.0036 0.5931 -0.8051
vn -0.0029 0.5932 -0.8051
vn -0.5141 -0.0490 -0.8564
vn -0.5108 -0.1757 0.8416
vn 0.5860 -0.0790 -0.8064
vn -0.0027 0.4848 0.8746
vn -0.4489 0.0395 0.8927
vn 0.5970 0.0349 0.8015
vn 0.3059 0.3407 0.8890
vn 0.8850 -0.0623 0.4615
vn 0.8724 -0.0195 0.4883
vn 0.9736 0.0105 -0.2278
vn 0.9796 0.0758 -0.1861
vn 0.5175 0.1632 -0.8400
vn 0.3879 -0.0221 -0.9214
vn -0.4959 -0.0135 -0.8683
vn -0.3811 0.1682 -0.9091
vn -0.9753 0.0789 -0.2064
vn -0.9843 0.0086 -0.1762
vn -0.9041 -0.0208 0.4268
vn -0.8948 -0.0766 0.4399
vn -0.5844 0.1982 0.7869
vn 0.8353 0.3772 0.3999
vn 0.8390 0.3661 0.4025
vn 0.9354 0.2840 -0.2108
vn 0.9312 0.2951 -0.2141
vn 0.3233 0.3075 -0.8949
vn 0.4490 0.0335 -0.8929
vn -0.3628 0.0349 -0.9312
vn -0.4329 0.3253 -0.8407
vn -0.9305 0.3006 -0.2093
vn -0.9332 0.2882 -0.2144
vn -0.8381 0.3705 0.4005
vn -0.8355 0.3737 0.4028
vn 0.7849 0.5894 -0.1912
vn 0.8911 0.3995 -0.2152
vn 0.9297 0.3356 0.1520
vn 0.9582 0.1950 0.2094
vn 0.4069 -0.0192 0.9133
vn 0.4431 0.1109 0.8896
vn -0.4048 0.1279 0.9054
vn -0.4480 0.0134 0.8939
vn -0.9541 0.2429 0.1752
vn -0.9243 0.3259 0.1988
vn -0.9150 0.3202 -0.2454
vn -0.7761 0.5924 -0.2160
vn -0.3602 0.8601 0.3613
vn -0.1665 0.5835 0.7949
vn -0.1810 0.8867 0.4253
vn 0.3440 0.9332 -0.1043
vn 0.3887 0.9169 -0.0908
vn 0.1957 0.8153 -0.5449
vn 0.2424 0.7719 -0.5878
vn -0.2453 0.7665 -0.5936
vn -0.1439 0.8560 -0.4965
vn -0.4205 0.9002 -0.1130
vn -0.3568 0.9252 -0.1289
vn 0.6776 -0.2388 -0.6956
vn 0.6568 0.6216 0.4269
vn 0.1040 0.5681 -0.8164
vn 0.7682 0.6242 -0.1424
vn -0.3074 0.7643 -0.5669
vn 0.6164 0.7283 -0.2994
vn 0.1654 0.8871 0.4310
vn 0.1530 0.5945 0.7894
vn 0.3828 0.8611 0.3345
vn 0.0003 0.9891 0.1474
vn 0.0003 0.9764 0.2158
vn 0.0018 0.9756 0.2197
vn 0.0019 0.9761 0.2174
vn -0.0002 0.9770 0.2131
vn -0.0002 0.9616 0.2743
vn 0.0648 0.0493 -0.9967
vn 0.1215 0.0490 -0.9914
vn 0.1812 0.9827 0.0393
vn 0.1372 0.9904 0.0164
vn 0.0928 -0.0787 0.9926
vn 0.0828 -0.0398 0.9958
vn 0.0540 -0.9973 -0.0490
vn 0.0628 0.0525 -0.9966
vn 0.1857 0.9818 0.0392
vn 0.0198 -0.0790 0.9967
vn 0.0102 -0.0923 0.9957
vn 0.0716 -0.9966 -0.0398
vn 0.0680 -0.9969 -0.0398
vn 0.9860 0.0067 -0.1664
vn 0.9860 0.0066 -0.1664
vn 0.1247 0.0396 -0.9914
vn 0.6836 -0.4087 0.6047
vn 0.6843 -0.4074 0.6047
vn -0.7484 -0.3858 0.5395
vn 0.0757 -0.7600 -0.6455
vn 0.0222 -0.6547 -0.7555
vn 0.9082 0.2933 -0.2985
vn 0.8800 0.4148 -0.2314
vn 0.0243 0.6799 0.7329
vn -0.1088 0.6793 0.7257
vn -0.7474 -0.3945 0.5346
vn -0.7512 -0.4033 0.5225
vn 0.2130 -0.6544 -0.7256
vn -0.1455 -0.7411 -0.6554
vn 0.8770 0.2923 -0.3813
vn 0.8566 0.3546 -0.3748
vn 0.1093 0.7435 0.6597
vn -0.0149 0.7545 0.6561
vn -0.7446 -0.3966 0.5369
vn -0.1400 0.0395 -0.9894
vn -0.1297 0.0753 -0.9887
vn -0.1561 0.9870 0.0394
vn -0.0351 -0.0849 0.9958
vn -0.0387 -0.0849 0.9956
vn -0.0148 -0.1058 0.9943
vn -0.1075 -0.9934 -0.0397
vn -0.0614 -0.9973 -0.0398
vn -0.0614 -0.9973 -0.0399
vn -0.2871 0.9571 0.0383
vn -0.1225 0.0916 -0.9882
vn -0.1378 0.0752 -0.9876
vn -0.0220 -0.0399 0.9990
vn 0.4924 -0.0744 0.8672
vn 0.5453 -0.1794 0.8188
vn 0.2220 -0.9743 -0.0389
vn 0.5434 0.0516 -0.8379
vn 0.4452 -0.1206 -0.8873
vn 0.2213 0.9744 0.0390
vn 0.2213 0.9744 0.0389
vn -0.0573 -0.9976 -0.0399
vn 0.0612 0.0525 -0.9967
vn 0.0643 0.0613 -0.9960
vn -0.1050 0.9937 0.0397
vn 0.0483 -0.1057 0.9932
vn 0.0402 -0.0854 0.9955
vn -0.1563 -0.6252 -0.7647
vn -0.1563 -0.6843 0.7123
vn 0.6473 -0.0304 0.7616
vn 0.6473 0.0304 -0.7617
vn -0.1460 0.6853 -0.7135
vn -0.1460 0.6263 0.7658
vn -0.9860 0.0066 -0.1664
vn -0.9860 0.0067 -0.1664
vn -0.0540 -0.9973 -0.0490
vn -0.0828 -0.0398 0.9958
vn -0.0928 -0.0787 0.9926
vn -0.1372 0.9904 0.0164
vn -0.1812 0.9827 0.0393
vn -0.1215 0.0490 -0.9914
vn -0.0648 0.0493 -0.9967
vn -0.0102 -0.0923 0.9957
vn -0.0198 -0.0790 0.9967
vn -0.1857 0.9818 0.0392
vn -0.0628 0.0525 -0.9966
vn -0.0680 -0.9969 -0.0398
vn -0.0716 -0.9966 -0.0398
vn -0.1247 0.0396 -0.9914
vn -0.6843 -0.4074 0.6047
vn -0.6836 -0.4087 0.6047
vn -0.2130 -0.6544 -0.7256
vn 0.7512 -0.4033 0.5225
vn 0.7474 -0.3945 0.5346
vn 0.1088 0.6793 0.7257
vn -0.0243 0.6799 0.7329
vn -0.8800 0.4148 -0.2314
vn -0.9082 0.2933 -0.2985
vn -0.0222 -0.6547 -0.7555
vn -0.0757 -0.7600 -0.6455
vn 0.7484 -0.3858 0.5395
vn 0.7446 -0.3966 0.5369
vn 0.0149 0.7545 0.6561
vn -0.1093 0.7435 0.6597
vn -0.8566 0.3546 -0.3748
vn -0.8770 0.2923 -0.3813
vn 0.1455 -0.7411 -0.6554
vn 0.1718 0.2827 0.9437
vn 0.3495 0.0293 0.9365
vn 0.3334 -0.3849 0.8606
vn 0.8725 -0.1692 0.4584
vn 0.8447 -0.0408 0.5338
vn 0.9742 -0.0315 0.2233
vn 0.9717 -0.0744 0.2244
vn 0.9598 -0.0286 0.2792
vn 0.9184 -0.2718 0.2875
vn 0.9140 -0.3460 -0.2119
vn 0.8316 -0.5189 -0.1980
vn 0.5377 -0.4429 -0.7174
vn 0.8484 -0.1432 -0.5095
vn 0.3274 -0.1425 -0.9341
vn 0.7422 -0.6540 0.1465
vn 0.9790 -0.1657 0.1189
vn 0.8477 -0.0735 0.5254
vn 0.8073 0.0097 0.5900
vn 0.6643 0.0502 0.7458
vn 0.7175 -0.0423 0.6952
vn 0.5971 -0.0368 0.8013
vn 0.5803 -0.2059 0.7879
vn 0.4416 -0.1091 0.8906
vn 0.4278 -0.0575 0.9020
vn 0.1663 -0.0580 0.9844
vn 0.1659 -0.0636 0.9841
vn 0.1975 -0.1149 0.9735
vn 0.3908 -0.8936 0.2208
vn 0.5293 -0.0931 0.8433
vn 0.4984 -0.0649 0.8645
vn 0.4900 0.1077 0.8650
vn 0.6132 0.0009 0.7900
vn 0.6741 -0.1513 0.7230
vn 0.7907 -0.2843 0.5422
vn 0.7514 -0.6568 0.0636
vn 0.1702 -0.1552 0.9731
vn 0.1634 0.0577 0.9849
vn 0.2371 0.1413 0.9612
vn 0.3226 -0.3458 0.8811
vn 0.2094 -0.6099 0.7643
vn 0.2203 -0.9660 0.1353
vn 0.7979 -0.0839 0.5969
vn 0.8190 -0.1140 0.5624
vn 0.6445 -0.1555 0.7487
vn 0.4350 0.0686 0.8978
vn 0.4605 0.1483 0.8752
vn 0.2475 0.1592 0.9557
vn 0.2474 0.0935 0.9644
vn 0.2189 -0.9660 0.1373
vn 0.2317 -0.8505 0.4722
vn 0.3431 -0.6597 0.6686
vn 0.9153 -0.0262 0.4020
vn 0.8769 0.0186 0.4804
vn 0.7483 -0.6367 0.1863
vn 0.7484 -0.6632 0.0109
vn 0.5455 -0.2067 0.8122
vn 0.4544 -0.0521 0.8893
vn 0.9848 0.0094 0.1732
vn 0.7819 0.4444 0.4372
vn 0.2724 0.2221 0.9362
vn 0.3049 -0.3225 0.8961
vn -0.5447 -0.6348 -0.5479
vn 0.5447 -0.6348 -0.5479
vn -0.3908 -0.8936 0.2207
vn -0.1975 -0.1149 0.9735
vn -0.1659 -0.0636 0.9841
vn -0.1663 -0.0580 0.9844
vn -0.4175 -0.0576 0.9068
vn -0.4453 -0.3115 0.8395
vn -0.3704 -0.1835 0.9106
vn -0.8465 -0.0237 0.5318
vn -0.6844 0.0172 0.7289
vn -0.6643 0.0502 0.7458
vn -0.8073 0.0097 0.5900
vn -0.8477 -0.0735 0.5254
vn -0.9790 -0.1657 0.1189
vn -0.7422 -0.6540 0.1465
vn -0.3274 -0.1425 -0.9341
vn -0.8484 -0.1432 -0.5095
vn -0.5377 -0.4429 -0.7174
vn -0.8316 -0.5189 -0.1980
vn -0.9140 -0.3460 -0.2119
vn -0.9184 -0.2718 0.2875
vn -0.9598 -0.0286 0.2792
vn -0.9717 -0.0744 0.2244
vn -0.9742 -0.0315 0.2233
vn -0.9095 -0.0376 0.4141
vn -0.8761 0.0310 0.4812
vn -0.3449 -0.2630 0.9010
vn -0.3495 0.0293 0.9365
vn -0.1718 0.2827 0.9437
vn -0.5347 -0.1006 0.8390
vn -0.1704 -0.1697 0.9707
vn -0.1634 0.0577 0.9849
vn -0.2371 0.1413 0.9612
vn -0.3226 -0.3458 0.8811
vn -0.2094 -0.6099 0.7643
vn -0.2203 -0.9660 0.1353
vn -0.4984 -0.0657 0.8645
vn -0.4900 0.1077 0.8650
vn -0.6132 0.0009 0.7900
vn -0.6741 -0.1513 0.7230
vn -0.7907 -0.2843 0.5422
vn -0.7514 -0.6568 0.0636
vn -0.4406 0.1638 0.8827
vn -0.6130 -0.2359 0.7541
vn -0.8719 -0.2074 0.4436
vn -0.7980 -0.0839 0.5968
vn -0.2474 0.0935 0.9644
vn -0.2476 0.1469 0.9577
vn -0.4396 0.1383 0.8875
vn -0.3431 -0.6597 0.6686
vn -0.2317 -0.8505 0.4723
vn -0.2189 -0.9660 0.1374
vn -0.9153 -0.0262 0.4020
vn -0.8769 0.0186 0.4804
vn -0.7483 -0.6367 0.1863
vn -0.7484 -0.6632 0.0109
vn -0.6297 -0.2293 0.7422
vn -0.4423 -0.0528 0.8953
vn -0.9848 0.0094 0.1732
vn -0.2797 0.2216 0.9342
vn -0.2846 -0.3246 0.9020
vn -0.7820 0.4444 0.4370
vn 0.1604 -0.9867 -0.0259
vn -0.0410 -0.9975 0.0580
vn 0.0438 0.9970 -0.0645
vn -0.4699 0.8455 -0.2537
vn 0.4855 -0.8381 0.2489
vn -0.1720 0.9848 0.0242
vn 0.5733 0.7776 -0.2580
vn -0.5689 -0.7801 0.2605
vn 0.0336 -0.9986 0.0402
vn -0.1258 -0.9917 -0.0260
vn 0.1053 0.9941 0.0244
vn -0.0297 0.9991 -0.0308
vn -0.9847 0.0283 0.1722
vn 0.9847 0.0283 0.1722
vn 0.3127 -0.1200 0.9422
vn 0.6485 -0.3180 0.6916
vn 0.8844 -0.0957 0.4568
vn 0.9641 -0.1604 -0.2115
vn 0.8982 0.0216 -0.4390
vn 0.3403 0.0281 -0.9399
vn 0.3082 0.0139 -0.9512
vn -0.3127 -0.1200 0.9422
vn -0.6485 -0.3180 0.6916
vn -0.8844 -0.0957 0.4568
vn -0.9641 -0.1604 -0.2115
vn -0.8983 0.0216 -0.4390
vn -0.3403 0.0281 -0.9399
vn -0.3082 0.0139 -0.9512
vn -0.6774 0.2390 0.6957
vn 0.6568 0.6217 0.4268
vn -0.3306 0.7464 -0.5775
vn -0.3308 0.7457 -0.5783
vn -0.6572 -0.6215 -0.4265
vn 0.3302 -0.7463 0.5779
vn 0.3313 -0.7459 0.5779
vn -0.0017 0.4989 -0.8667
vn -0.0021 0.4968 -0.8679
vn -0.0019 0.4957 -0.8685
vn -0.0015 0.4982 -0.8671
vn -0.0024 0.5019 -0.8649
vn -0.0039 0.5007 -0.8656
vn -0.0012 0.6324 -0.7746
vn -0.0012 0.6325 -0.7746
vn -0.0008 0.6290 -0.7774
vn -0.6336 0.1313 0.7625
vn -0.0035 -0.5806 0.8142
vn -0.0038 -0.5563 -0.8310
vn -0.0031 -0.5563 -0.8310
vn 0.5723 0.1484 -0.8065
vn 0.5750 0.1105 0.8106
vn 0.5781 -0.1078 0.8088
vn -0.6385 -0.0565 0.7675
vn -0.7372 0.1258 0.6639
vn -0.6376 0.0690 -0.7673
vn -0.7399 -0.0866 -0.6671
vn 0.6953 -0.1506 -0.7027
vn 0.7008 -0.0382 -0.7123
vn 0.6969 -0.0310 0.7165
vn 0.6860 -0.0232 0.7272
vn -0.7407 0.0282 0.6712
vn -0.6865 -0.0065 0.7271
vn -0.6914 -0.0054 -0.7225
vn -0.6900 0.0232 -0.7235
vn 0.5937 -0.0237 -0.8043
vn 0.5162 -0.3023 -0.8013
vn 0.5161 -0.3653 0.7747
vn 0.1996 0.6582 0.7259
vn 0.1230 0.6773 0.7253
vn 0.1231 0.7331 -0.6689
vn -0.6653 0.1604 -0.7292
vn -0.6863 0.0163 -0.7272
vn -0.6792 0.0179 0.7337
vn -0.6841 0.0275 0.7289
vn 0.6049 -0.0200 0.7961
vn 0.6635 -0.1896 0.7238
vn 0.6510 -0.1956 -0.7335
vn 0.6786 -0.0227 -0.7341
vn -0.7417 0.0267 -0.6702
vn 0.6951 0.0978 0.7123
vn 0.5800 0.0411 -0.8136
vn 0.1996 0.7141 -0.6710
vn -0.6652 0.1016 0.7397
vn -0.6298 0.1655 -0.7589
vn -0.0029 -0.5806 0.8142
vn -0.1174 -0.9234 0.3654
vn 0.1174 -0.9234 0.3654
vn 0.2576 -0.9607 0.1036
vn -0.2579 -0.9607 0.1031
vn 0.1542 -0.9488 -0.2757
vn -0.1539 -0.9488 -0.2757
vn -0.2611 -0.9630 -0.0664
vn 0.2609 -0.9630 -0.0676
vn -0.5781 -0.1078 0.8088
vn -0.6951 0.0978 0.7123
vn -0.6969 -0.0310 0.7165
vn -0.7008 -0.0382 -0.7123
vn -0.6786 -0.0227 -0.7341
vn 0.7417 0.0267 -0.6702
vn 0.6914 -0.0054 -0.7225
vn 0.6865 -0.0065 0.7271
vn 0.6841 0.0275 0.7289
vn -0.6049 -0.0200 0.7961
vn -0.5161 -0.3653 0.7747
vn -0.5162 -0.3023 -0.8013
vn -0.1996 0.7141 -0.6710
vn -0.1231 0.7331 -0.6689
vn -0.1230 0.6773 0.7253
vn 0.6652 0.1016 0.7397
vn 0.6792 0.0179 0.7337
vn 0.6863 0.0163 -0.7272
vn 0.6900 0.0232 -0.7235
vn -0.5937 -0.0237 -0.8043
vn -0.6510 -0.1956 -0.7335
vn -0.6635 -0.1896 0.7238
vn -0.6860 -0.0232 0.7272
vn 0.7407 0.0282 0.6712
vn 0.7372 0.1258 0.6639
vn 0.6376 0.0690 -0.7672
vn 0.6298 0.1655 -0.7589
vn 0.0038 -0.5563 -0.8310
vn 0.0035 -0.5806 0.8142
vn 0.0029 -0.5806 0.8142
vn -0.5750 0.1105 0.8106
vn -0.5723 0.1484 -0.8065
vn -0.5800 0.0411 -0.8136
vn -0.6953 -0.1506 -0.7027
vn 0.6385 -0.0565 0.7675
vn 0.6336 0.1313 0.7625
vn 0.6653 0.1604 -0.7292
vn 0.0031 -0.5563 -0.8310
vn -0.1996 0.6582 0.7259
vn 0.7399 -0.0866 -0.6671
vn -0.2844 -0.6668 -0.6889
vn -0.2844 -0.6658 -0.6898
vn -0.7139 -0.2036 -0.6700
vn -0.7132 -0.2026 -0.6710
vn -0.6717 0.4102 -0.6169
vn -0.6726 0.4100 -0.6160
vn -0.2737 0.7758 -0.5686
vn -0.2737 0.7757 -0.5686
vn 0.2262 0.7914 -0.5680
vn 0.2261 0.7918 -0.5674
vn 0.6419 0.4569 -0.6158
vn 0.6415 0.4566 -0.6164
vn 0.7249 -0.1466 -0.6731
vn 0.7247 -0.1466 -0.6733
vn 0.3302 -0.6420 -0.6919
vn 0.3299 -0.6415 -0.6925
vn 0.2213 0.3168 -0.9223
vn 0.0805 0.4437 -0.8925
vn 0.0804 0.4436 -0.8926
vn -0.1039 0.4387 -0.8926
vn -0.1041 0.4395 -0.8922
vn -0.2395 0.3021 -0.9227
vn -0.2381 0.3013 -0.9233
vn -0.2430 0.0959 -0.9653
vn -0.2426 0.0960 -0.9654
vn -0.0990 -0.0552 -0.9936
vn -0.0990 -0.0553 -0.9935
vn 0.1081 -0.0470 -0.9930
vn 0.1084 -0.0483 -0.9929
vn 0.2415 0.1152 -0.9635
vn 0.2407 0.1158 -0.9637
vn 0.2227 0.3170 -0.9219
vn -0.3789 -0.0500 0.9241
vn -0.1724 0.2069 0.9630
vn -0.3779 -0.0501 0.9245
vn -0.1734 0.2080 0.9626
vn 0.1532 0.2201 0.9634
vn 0.1532 0.2199 0.9634
vn -0.3444 -0.3650 0.8650
vn -0.3448 -0.3654 0.8646
vn -0.1243 -0.5550 0.8225
vn -0.1244 -0.5543 0.8230
vn 0.1545 -0.5449 0.8241
vn 0.1543 -0.5448 0.8243
vn 0.3628 -0.3398 0.8677
vn 0.3633 -0.3398 0.8675
vn 0.3755 -0.0213 0.9266
vn 0.3770 -0.0211 0.9260
vn -0.1053 0.9159 0.3875
vn -0.1050 0.9158 0.3877
vn -0.4954 0.8212 0.2831
vn -0.4954 0.8213 0.2829
vn -0.6162 0.7855 0.0579
vn -0.6165 0.7852 0.0581
vn -0.4993 0.8030 -0.3254
vn -0.4994 0.8029 -0.3254
vn -0.2007 0.8342 -0.5137
vn -0.2007 0.8342 -0.5136
vn -0.1311 0.9830 -0.1282
vn -0.1319 0.9829 -0.1285
vn -0.0411 0.9913 -0.1253
vn 0.0208 0.9449 -0.3268
vn 0.1935 0.9719 -0.1341
vn 0.3612 0.9018 -0.2372
vn 0.6268 0.7445 -0.2301
vn 0.6557 0.7117 -0.2522
vn 0.3833 0.7698 -0.5103
vn 0.3363 0.8397 -0.4264
vn -0.1240 0.8713 -0.4748
vn 0.0246 0.9227 -0.3847
vn 0.0691 0.9642 0.2561
vn 0.0631 0.9392 0.3375
vn 0.4143 0.9058 0.0892
vn 0.4372 0.8676 0.2368
vn -0.0516 0.9974 0.0500
vn -0.0615 0.9940 0.0906
vn 0.0633 0.9978 0.0184
vn 0.2161 0.9752 0.0477
vn -0.8650 0.4904 0.1064
vn -0.0304 0.8566 -0.5151
vn 0.2692 0.9041 -0.3319
vn 0.2693 0.9040 -0.3320
vn 0.3934 0.9180 0.0493
vn 0.3930 0.9182 0.0493
vn 0.2709 0.9221 0.2764
vn 0.2710 0.9220 0.2765
vn -0.1286 0.9127 0.3879
vn -0.1287 0.9128 0.3877
vn -0.1296 0.9832 -0.1282
vn -0.1289 0.9833 -0.1285
vn -0.2187 0.9679 -0.1238
vn -0.2699 0.9066 -0.3244
vn -0.4405 0.8885 -0.1287
vn -0.5860 0.7773 -0.2291
vn -0.2687 0.8842 -0.3822
vn -0.1135 0.8727 -0.4749
vn -0.5490 0.7233 -0.4188
vn -0.5778 0.6435 -0.5020
vn -0.8214 0.5176 -0.2395
vn -0.8016 0.5567 -0.2178
vn -0.3117 0.9141 0.2593
vn -0.2980 0.8917 0.3406
vn -0.2072 0.9770 0.0513
vn -0.1960 0.9763 0.0918
vn -0.6328 0.7681 0.0982
vn -0.6426 0.7256 0.2461
vn -0.4600 0.8863 0.0535
vn -0.3188 0.9476 0.0217
vn 0.6240 0.3694 0.6886
vn 0.8217 0.4420 0.3598
vn 0.8988 0.3681 0.2381
vn 0.7577 0.3740 -0.5348
vn 0.8395 0.3169 -0.4414
vn 0.1910 0.1855 -0.9639
vn 0.1951 0.1888 -0.9625
vn 0.6259 0.3715 0.6858
vn -0.9592 0.1238 0.2541
vn -0.8375 0.1642 -0.5212
vn -0.9002 0.0882 -0.4265
vn -0.2488 0.1277 -0.9601
vn -0.9018 0.2154 0.3746
vn -0.6866 0.1971 0.6998
vn -0.6890 0.1986 0.6970
vn -0.2535 0.1298 -0.9586
vn -0.0537 0.9878 -0.1464
vn -0.0537 0.9948 -0.0864
vn -0.0402 0.9946 -0.0955
vn -0.0401 0.9969 -0.0671
vn -0.0629 0.9962 -0.0604
vn -0.1190 0.8744 -0.4704
vn -0.1294 0.9711 -0.2003
vn -0.1977 0.9785 -0.0593
vn -0.2201 0.9733 -0.0655
vn -0.2199 0.9710 -0.0939
vn -0.2068 0.9747 -0.0851
vn -0.2059 0.9677 -0.1451
vn -0.0528 0.2685 0.9618
vn -0.0104 0.2708 0.9626
vn -0.0437 0.2664 0.9629
vn -0.0022 0.2752 0.9614
vn 0.7105 0.6975 0.0929
vn 0.1296 -0.9832 0.1282
vn 0.1289 -0.9833 0.1285
vn 0.2171 -0.9683 0.1238
vn 0.2673 -0.9073 0.3245
vn 0.4353 -0.8910 0.1289
vn 0.5225 -0.8314 0.1892
vn 0.7961 -0.5638 0.2200
vn 0.8162 -0.5246 0.2421
vn 0.5714 -0.6474 0.5043
vn 0.5428 -0.7271 0.4204
vn 0.1136 -0.8727 0.4749
vn 0.2661 -0.8849 0.3824
vn 0.3084 -0.9152 -0.2595
vn 0.2949 -0.8927 -0.3408
vn 0.6263 -0.7734 -0.0986
vn 0.6360 -0.7309 -0.2474
vn 0.2057 -0.9773 -0.0513
vn 0.1948 -0.9765 -0.0918
vn 0.3322 -0.9431 -0.0115
vn 0.4299 -0.9024 -0.0298
vn -0.7040 -0.7039 -0.0941
vn 0.1311 -0.9830 0.1282
vn 0.1319 -0.9829 0.1285
vn 0.0427 -0.9912 0.1253
vn -0.0182 -0.9449 0.3270
vn -0.1880 -0.9729 0.1343
vn -0.3542 -0.9043 0.2383
vn -0.0218 -0.9227 0.3848
vn 0.1239 -0.8713 0.4748
vn -0.3292 -0.8417 0.4279
vn -0.3760 -0.7721 0.5124
vn -0.6485 -0.7174 0.2546
vn -0.6194 -0.7500 0.2322
vn -0.0656 -0.9644 -0.2563
vn -0.0597 -0.9393 -0.3377
vn 0.0531 -0.9973 -0.0500
vn 0.0627 -0.9939 -0.0907
vn -0.4066 -0.9092 -0.0898
vn -0.4295 -0.8711 -0.2382
vn -0.2260 -0.9722 -0.0611
vn -0.0298 -0.9989 -0.0362
vn 0.8604 -0.4981 -0.1076
vn 0.0148 -0.1058 0.9943
vn 0.0387 -0.0849 0.9956
vn 0.0351 -0.0849 0.9958
vn 0.1561 0.9870 0.0395
vn 0.1297 0.0753 -0.9887
vn 0.1400 0.0395 -0.9894
vn 0.0614 -0.9973 -0.0399
vn 0.1075 -0.9934 -0.0397
vn 0.2871 0.9571 0.0382
vn 0.2871 0.9571 0.0383
vn 0.1225 0.0916 -0.9882
vn 0.1378 0.0752 -0.9876
vn 0.0220 -0.0399 0.9990
vn 0.0573 -0.9976 -0.0399
vn -0.0612 0.0525 -0.9967
vn -0.0643 0.0613 -0.9960
vn 0.1050 0.9937 0.0397
vn -0.2213 0.9744 0.0389
vn -0.4452 -0.1206 -0.8873
vn -0.5434 0.0516 -0.8379
vn -0.2220 -0.9743 -0.0389
vn -0.5453 -0.1794 0.8188
vn -0.4924 -0.0744 0.8672
vn -0.0402 -0.0854 0.9955
vn -0.0483 -0.1057 0.9932
vt 0.997559 0.542480
vt 0.981934 0.542480
vt 0.997559 0.511230
vt 0.981934 0.511230
vt 0.966309 0.542480
vt 0.966309 0.511230
vt 0.951172 0.542480
vt 0.951172 0.511230
vt 0.935547 0.542480
vt 0.935547 0.511230
vt 0.919922 0.511230
vt 0.981934 0.573730
vt 0.966309 0.573730
vt 0.951172 0.573730
vt 0.997070 0.563965
vt 0.984375 0.563965
vt 0.997070 0.538086
vt 0.984375 0.538086
vt 0.971191 0.563965
vt 0.971191 0.538086
vt 0.958496 0.563965
vt 0.958496 0.538086
vt 0.945801 0.563965
vt 0.945801 0.538086
vt 0.932617 0.538086
vt 0.958496 0.589844
vt 0.971191 0.589844
vt 0.984375 0.589844
vt 0.719238 0.978027
vt 0.719238 0.926269
vt 0.736328 0.978027
vt 0.736328 0.926269
vt 0.088867 0.961914
vt 0.344727 0.900879
vt 0.026367 0.903320
vt 0.102539 0.835938
vt 0.375000 0.860840
vt 0.341797 0.904785
vt 0.433594 0.903320
vt 0.373047 0.939453
vt 0.433105 0.966309
vt 0.441406 0.829102
vt 0.614746 0.844238
vt 0.589356 0.819824
vt 0.583984 0.875488
vt 0.552246 0.844238
vt 0.536621 0.693848
vt 0.466797 0.750488
vt 0.467285 0.691406
vt 0.215332 0.747559
vt 0.487305 0.801758
vt 0.213867 0.801758
vt 0.160645 0.801270
vt 0.161133 0.747070
vt 0.162109 0.673340
vt 0.214844 0.688477
vt 0.542969 0.750977
vt 0.547363 0.805664
vt 0.988281 0.988281
vt 0.989258 0.988281
vt 0.988281 0.986816
vt 0.989258 0.986816
vt 0.990234 0.988281
vt 0.990234 0.986816
vt 0.991211 0.988281
vt 0.991211 0.986816
vt 0.992188 0.988281
vt 0.992188 0.986816
vt 0.993164 0.988281
vt 0.993164 0.986816
vt 0.993652 0.988281
vt 0.993652 0.986816
vt 0.993652 0.991699
vt 0.993164 0.991699
vt 0.993652 0.993652
vt 0.993164 0.993652
vt 0.992188 0.991699
vt 0.992188 0.993652
vt 0.991211 0.991699
vt 0.991211 0.993652
vt 0.990234 0.991699
vt 0.990234 0.993652
vt 0.989258 0.991699
vt 0.989258 0.993652
vt 0.988281 0.991699
vt 0.988281 0.993652
vt 0.990234 0.990234
vt 0.989258 0.990234
vt 0.988281 0.990234
vt 0.993652 0.990234
vt 0.993164 0.990234
vt 0.992188 0.990234
vt 0.988281 0.984863
vt 0.989258 0.984863
vt 0.990234 0.984863
vt 0.991211 0.984863
vt 0.988281 0.995606
vt 0.992188 0.984863
vt 0.989258 0.995606
vt 0.990234 0.995606
vt 0.991211 0.995606
vt 0.993164 0.984863
vt 0.992188 0.995606
vt 0.993164 0.995606
vt 0.991211 0.899902
vt 0.950684 0.899902
vt 0.991211 0.944824
vt 0.950684 0.944824
vt 0.910644 0.899902
vt 0.910644 0.944824
vt 0.991211 0.992676
vt 0.950684 0.992676
vt 0.910644 0.992676
vt 0.703125 0.067871
vt 0.623047 0.206543
vt 0.698242 0.201172
vt 0.635742 0.315430
vt 0.528809 0.315430
vt 0.640137 0.423340
vt 0.528809 0.423340
vt 0.528809 0.505371
vt 0.423828 0.423340
vt 0.424316 0.505371
vt 0.353516 0.423340
vt 0.354980 0.505371
vt 0.294434 0.423340
vt 0.290527 0.505371
vt 0.191406 0.423340
vt 0.190430 0.505371
vt 0.091797 0.505371
vt 0.195801 0.595703
vt 0.100098 0.580078
vt 0.008789 0.505371
vt 0.090332 0.423340
vt 0.006836 0.423340
vt 0.093262 0.315430
vt 0.191406 0.315430
vt 0.291504 0.315430
vt 0.357422 0.315430
vt 0.351562 0.208496
vt 0.421875 0.315430
vt 0.425781 0.208496
vt 0.528320 0.208496
vt 0.634277 0.072266
vt 0.702148 0.505371
vt 0.637207 0.505371
vt 0.678711 0.601562
vt 0.616699 0.581055
vt 0.530273 0.577148
vt 0.401855 0.564941
vt 0.341309 0.564453
vt 0.296875 0.562988
vt 0.528809 0.078125
vt 0.429688 0.060547
vt 0.361328 0.056641
vt 0.287109 0.208496
vt 0.006836 0.315430
vt 0.009277 0.208496
vt 0.093750 0.208496
vt 0.191406 0.208496
vt 0.285645 0.055176
vt 0.699219 0.312988
vt 0.710938 0.423340
vt 0.009277 0.065430
vt 0.093750 0.055176
vt 0.190918 0.057129
vt 0.053711 0.593750
vt 0.742676 0.313477
vt 0.747559 0.313965
vt 0.742676 0.311523
vt 0.747559 0.311523
vt 0.752441 0.316894
vt 0.959473 0.351074
vt 0.935059 0.313477
vt 0.981934 0.314453
vt 0.971680 0.268066
vt 0.908691 0.266113
vt 0.896484 0.246094
vt 0.894043 0.314941
vt 0.869629 0.313477
vt 0.912598 0.350586
vt 0.903809 0.367676
vt 0.971191 0.367188
vt 0.986328 0.316894
vt 0.991211 0.270996
vt 0.991211 0.241211
vt 0.991211 0.418945
vt 0.973144 0.411133
vt 0.991211 0.409668
vt 0.991211 0.380859
vt 0.991211 0.365723
vt 0.991211 0.316894
vt 0.962402 0.243652
vt 0.992188 0.432129
vt 0.783203 0.392090
vt 0.796875 0.418457
vt 0.791504 0.341797
vt 0.881348 0.499023
vt 0.884277 0.472656
vt 0.877930 0.497559
vt 0.868652 0.475098
vt 0.850586 0.374023
vt 0.859375 0.459961
vt 0.839844 0.373535
vt 0.858398 0.355469
vt 0.917481 0.364258
vt 0.907227 0.463867
vt 0.850586 0.381348
vt 0.843750 0.385254
vt 0.832519 0.216309
vt 0.822266 0.211426
vt 0.843262 0.242676
vt 0.806641 0.228516
vt 0.781738 0.229492
vt 0.782715 0.321777
vt 0.754883 0.254883
vt 0.752441 0.355469
vt 0.740723 0.250488
vt 0.736328 0.353027
vt 0.778320 0.371094
vt 0.777832 0.407715
vt 0.752441 0.404785
vt 0.776856 0.428711
vt 0.757812 0.434570
vt 0.766113 0.204590
vt 0.752930 0.202148
vt 0.744141 0.403320
vt 0.839844 0.303223
vt 0.815430 0.319824
vt 0.814941 0.193848
vt 0.842285 0.230957
vt 0.824219 0.223633
vt 0.842285 0.218262
vt 0.825684 0.199219
vt 0.789062 0.444824
vt 0.799316 0.439941
vt 0.777344 0.457519
vt 0.821777 0.482422
vt 0.845703 0.523438
vt 0.842773 0.474609
vt 0.811523 0.419434
vt 0.840332 0.427734
vt 0.840820 0.389160
vt 0.870117 0.313477
vt 0.842285 0.388672
vt 0.857910 0.218262
vt 0.937012 0.200684
vt 0.932129 0.208008
vt 0.991211 0.232910
vt 0.991211 0.381348
vt 0.973144 0.411621
vt 0.883789 0.498535
vt 0.905762 0.461914
vt 0.991211 0.231934
vt 0.888672 0.215820
vt 0.854981 0.562012
vt 0.875977 0.606445
vt 0.789551 0.613770
vt 0.789551 0.630859
vt 0.734863 0.600098
vt 0.727051 0.611328
vt 0.728516 0.577148
vt 0.724121 0.574219
vt 0.751953 0.541504
vt 0.751465 0.534668
vt 0.806641 0.529785
vt 0.806152 0.522949
vt 0.856934 0.556152
vt 0.875977 0.594238
vt 0.789551 0.571289
vt 0.695312 0.966797
vt 0.737305 0.950195
vt 0.695312 0.888184
vt 0.773926 0.888184
vt 0.773926 0.966797
vt 0.894531 0.880371
vt 0.996582 0.719238
vt 0.955566 0.868652
vt 0.948242 0.868164
vt 0.990234 0.718750
vt 0.952148 0.868164
vt 0.994141 0.719238
vt 0.998047 0.719727
vt 0.825195 0.662598
vt 0.833008 0.663086
vt 0.853516 0.892090
vt 0.904297 0.663086
vt 0.849609 0.892578
vt 0.955566 0.868164
vt 0.941406 0.194824
vt 0.884277 0.144043
vt 0.884277 0.194824
vt 0.830078 0.194824
vt 0.830078 0.144043
vt 0.941406 0.144043
vt 0.951660 0.886230
vt 0.951660 0.871582
vt 0.921875 0.886230
vt 0.921875 0.871582
vt 0.951660 0.856445
vt 0.921875 0.856445
vt 0.753418 0.978027
vt 0.770996 0.978027
vt 0.753418 0.926269
vt 0.770996 0.926269
vt 0.317871 0.590332
vt 0.317871 0.676758
vt 0.404297 0.590332
vt 0.404297 0.676758
vt 0.704102 0.911621
vt 0.707519 0.947266
vt 0.778320 0.911621
vt 0.775391 0.947266
vt 0.591309 0.834473
vt 0.574707 0.833984
vt 0.583008 0.826172
vt 0.774902 0.911621
vt 0.774414 0.947266
vt 0.708496 0.911621
vt 0.708008 0.947266
vt 0.613281 0.988769
vt 0.618652 0.899414
vt 0.551758 0.984375
vt 0.552734 0.894043
vt 0.765137 0.908203
vt 0.768066 0.944336
vt 0.705078 0.908203
vt 0.702148 0.944336
vt 0.701660 0.908203
vt 0.701660 0.944336
vt 0.015625 0.749512
vt 0.403809 0.796875
vt 0.016113 0.796875
vt 0.403320 0.745605
vt 0.402832 0.690918
vt 0.015137 0.690430
vt 0.547852 0.311035
vt 0.499512 0.283203
vt 0.563477 0.283203
vt 0.547852 0.255371
vt 0.515625 0.255371
vt 0.515625 0.311035
vt 0.218750 0.796875
vt 0.270020 0.747559
vt 0.166992 0.747559
vt 0.218750 0.697754
vt 0.451660 0.676758
vt 0.452148 0.745117
vt 0.453125 0.795898
vt 0.618652 0.625977
vt 0.697266 0.701660
vt 0.693848 0.870117
vt 0.768555 0.945801
vt 0.780762 0.883789
vt 0.882812 0.945312
vt 0.888184 0.938965
vt 0.890625 0.973144
vt 0.878906 0.974609
vt 0.768555 0.989258
vt 0.556641 0.701660
vt 0.704590 0.989258
vt 0.703613 0.989258
vt 0.577148 0.870605
vt 0.586426 0.853027
vt 0.568848 0.853027
vt 0.571777 0.845215
vt 0.588379 0.845703
vt 0.578613 0.870605
vt 0.577637 0.872070
vt 0.518555 0.969727
vt 0.518555 0.903320
vt 0.519043 0.825684
vt 0.571289 0.845215
vt 0.796875 0.872559
vt 0.832031 0.888672
vt 0.832031 0.825195
vt 0.795410 0.820312
vt 0.767090 0.823242
vt 0.767090 0.856934
vt 0.713379 0.810059
vt 0.712891 0.863281
vt 0.787109 0.807617
vt 0.787109 0.872559
vt 0.713379 0.863281
vt 0.762695 0.821777
vt 0.762207 0.855469
vt 0.466309 1.807129
vt 0.328613 1.751953
vt 0.509766 1.715820
vt 0.328613 1.676270
vt 0.462891 1.758301
vt 0.458496 1.688477
vt 0.305176 1.781250
vt 0.306152 1.686035
vt 0.547363 1.806641
vt 0.368652 1.751465
vt 0.269531 1.801758
vt 0.232910 1.717285
vt 0.467773 1.790527
vt 0.420410 1.701172
vt 0.269531 1.822754
vt 0.232910 1.738281
vt 0.368164 1.769043
vt 0.325195 1.688477
vt 0.483398 1.689453
vt 0.498047 1.782227
vt 0.397949 0.006348
vt 0.489258 0.059082
vt 0.019043 0.006348
vt 0.078125 0.024414
vt 0.191895 0.008301
vt 0.313965 0.010254
vt 0.801269 0.817871
vt 0.784180 0.836914
vt 0.820312 0.834961
vt 0.803711 0.854004
vt 0.719238 0.846680
vt 0.742676 0.846680
vt 0.742676 0.812988
vt 0.793945 0.810059
vt 0.763184 0.829590
vt 0.824219 0.829590
vt 0.793945 0.849609
vt 0.792481 0.809082
vt 0.755371 0.830078
vt 0.829590 0.830078
vt 0.792481 0.850586
vt 0.665039 0.001953
vt 0.576172 0.062500
vt 0.777832 0.845215
vt 0.820801 0.814941
vt 0.733398 0.817871
vt 0.841797 0.845703
vt 0.709961 0.846191
vt 0.826172 0.809082
vt 0.720703 0.812988
vt 0.772949 0.844727
vt 0.089844 0.606934
vt 0.092773 0.647949
vt 0.088379 0.647949
vt 0.091797 0.688965
vt 0.028809 0.647949
vt 0.030762 0.689453
vt 0.093262 0.606934
vt 0.026855 0.606934
vt 0.032227 0.682129
vt 0.092773 0.682129
vt 0.086914 0.689453
vt 0.897461 0.488281
vt 0.899414 0.486328
vt 0.896484 0.485840
vt 0.898438 0.484863
vt 0.897461 0.486328
vt 0.890137 0.485352
vt 0.897461 0.485352
vt 0.891602 0.487793
vt 0.885742 0.487793
vt 0.891602 0.487305
vt 0.885742 0.487305
vt 0.890137 0.486328
vt 0.882812 0.485840
vt 0.882812 0.484863
vt 0.897461 0.487305
vt 0.011230 0.681641
vt 0.010254 0.689453
vt 0.025879 0.682129
vt 0.024902 0.689453
vt 0.026855 0.647949
vt 0.007324 0.647949
vt 0.010254 0.647949
vt 0.004395 0.606934
vt 0.006348 0.606934
vt 0.014160 0.688965
vt 0.905762 0.487793
vt 0.899902 0.488281
vt 0.903320 0.497559
vt 0.899414 0.497559
vt 0.891602 0.488769
vt 0.892090 0.497559
vt 0.886719 0.488769
vt 0.885742 0.497559
vt 0.879394 0.487793
vt 0.881348 0.497559
vt 0.900879 0.471680
vt 0.898438 0.471191
vt 0.891113 0.471191
vt 0.887695 0.471191
vt 0.880371 0.471191
vt 0.877930 0.471191
vt 0.904297 0.471191
vt 0.954590 0.413086
vt 0.904297 0.406250
vt 0.900391 0.434082
vt 0.870117 0.393555
vt 0.869141 0.430664
vt 0.874023 0.477051
vt 0.858398 0.528809
vt 0.842773 0.527344
vt 0.780273 0.470215
vt 0.750977 0.466797
vt 0.946777 0.574219
vt 0.893555 0.537109
vt 0.906738 0.519531
vt 0.895019 0.478027
vt 0.915527 0.500000
vt 0.914062 0.476074
vt 0.935059 0.471680
vt 0.916016 0.452637
vt 0.957031 0.452637
vt 0.954590 0.445801
vt 0.990723 0.445801
vt 0.963867 0.481445
vt 0.962402 0.500488
vt 0.958984 0.544434
vt 0.946777 0.559082
vt 0.991211 0.501465
vt 0.991211 0.546875
vt 0.991211 0.566895
vt 0.991211 0.567383
vt 0.957519 0.478027
vt 0.991211 0.453125
vt 0.950684 0.596191
vt 0.991211 0.596680
vt 0.897461 0.566406
vt 0.991211 0.477051
vt 0.991211 0.482422
vt 0.770508 0.451660
vt 0.893555 0.765625
vt 0.882812 0.753418
vt 0.897949 0.759277
vt 0.892578 0.750000
vt 0.897949 0.754883
vt 0.869629 0.392090
vt 0.828613 0.792480
vt 0.826660 0.797363
vt 0.803711 0.776855
vt 0.785156 0.797852
vt 0.771484 0.687988
vt 0.744141 0.797852
vt 0.739746 0.656738
vt 0.709961 0.650879
vt 0.711426 0.797852
vt 0.806641 0.814941
vt 0.786133 0.832520
vt 0.824707 0.834961
vt 0.804199 0.853027
vt 0.719238 0.812988
vt 0.766113 0.812988
vt 0.766113 0.846680
vt 0.789551 0.812988
vt 0.789551 0.846680
vt 0.812500 0.812988
vt 0.812500 0.846680
vt 0.923828 0.608398
vt 0.915039 0.608398
vt 0.924316 0.650391
vt 0.915039 0.650391
vt 0.905762 0.608398
vt 0.905762 0.650391
vt 0.897949 0.608398
vt 0.897949 0.650391
vt 0.946289 0.608398
vt 0.934082 0.608398
vt 0.946289 0.650391
vt 0.934082 0.650391
vt 0.500977 0.969727
vt 0.500977 0.903320
vt 0.500977 0.826172
vt 0.432129 0.832031
vt 0.367188 0.902832
vt 0.372070 0.963379
vt 0.371582 0.902344
vt 0.365723 0.836914
vt 0.179199 0.838379
vt 0.183594 0.905273
vt 0.187988 0.970703
vt 0.185059 0.905273
vt 0.115234 0.903320
vt 0.114258 0.835938
vt 0.026855 0.835938
vt 0.026367 0.969238
vt 0.115723 0.969238
vt 0.533691 0.630859
vt 0.191895 0.630859
vt 0.274902 0.193359
vt 0.249023 0.188477
vt 0.272461 0.197266
vt 0.249512 0.192871
vt 0.227051 0.203125
vt 0.230469 0.205566
vt 0.221680 0.229492
vt 0.226074 0.228516
vt 0.236816 0.251465
vt 0.238770 0.247559
vt 0.262695 0.256348
vt 0.261719 0.251953
vt 0.284668 0.241699
vt 0.280762 0.239258
vt 0.289551 0.215332
vt 0.285156 0.216309
vt 0.233887 0.208008
vt 0.250488 0.196777
vt 0.270020 0.200684
vt 0.281250 0.217285
vt 0.277344 0.236816
vt 0.260742 0.247559
vt 0.241211 0.244141
vt 0.230469 0.227539
vt 0.887207 0.129394
vt 0.913574 0.129394
vt 0.926758 0.129394
vt 0.785156 0.129394
vt 0.776367 0.129394
vt 0.851562 0.129394
vt 0.913086 0.067383
vt 0.963379 0.053711
vt 0.751465 0.053711
vt 0.973144 0.005859
vt 0.730957 0.005859
vt 0.939453 0.005859
vt 0.715332 0.005859
vt 0.854981 0.005859
vt 0.741699 0.054688
vt 0.853027 0.055176
vt 0.996582 0.005859
vt 0.963867 0.055176
vt 0.865234 0.005859
vt 0.928711 0.067871
vt 0.996094 0.102051
vt 0.960938 0.195801
vt 0.961426 0.102051
vt 0.996094 0.195801
vt 0.978516 0.195801
vt 0.978516 0.102051
vt 0.919434 0.873535
vt 0.900879 0.865723
vt 0.937500 0.865723
vt 0.932617 0.823242
vt 0.900879 0.823242
vt 0.906250 0.804688
vt 0.900879 0.804688
vt 0.900879 0.881348
vt 0.900879 0.873535
vt 0.985352 0.195801
vt 0.984375 0.102051
vt 0.990723 0.195801
vt 0.990234 0.102051
vt 0.027344 0.647949
vt 0.025879 0.689453
vt 0.026855 0.682129
s 0
usemtl material_0
f 1/1/1 2/2/1 3/3/1
f 4/3/2 5/2/2 6/4/2
s 1
f 7/2/3 8/5/3 9/4/3
s 0
f 10/4/3 11/5/3 12/6/3
f 13/5/4 14/7/4 15/6/4
f 16/6/5 17/7/5 18/8/5
f 19/7/6 20/9/6 21/8/6
f 22/8/7 23/9/7 24/10/7
f 25/9/8 26/11/8 27/10/8
f 28/1/9 29/12/9 30/2/9
f 31/12/10 32/13/10 33/2/10
f 34/2/11 35/13/11 36/5/11
f 37/13/12 38/14/12 39/5/12
f 40/5/13 41/14/13 42/7/13
s 1
f 43/14/14 44/9/14 45/7/14
s 0
f 46/15/15 47/16/15 48/17/15
f 49/17/16 50/16/16 51/18/16
f 52/16/17 53/19/17 54/18/17
f 55/18/18 56/19/18 57/20/18
f 58/19/19 59/21/19 60/20/19
f 61/20/20 62/21/20 63/22/20
f 64/21/21 65/23/21 66/22/21
f 67/22/22 68/23/22 69/24/22
f 70/23/23 71/25/23 72/24/23
f 73/23/24 74/21/24 75/26/24
f 76/21/25 77/19/25 78/26/25
f 79/26/26 80/19/26 81/27/26
f 82/19/27 83/16/27 84/27/27
f 85/27/28 86/16/28 87/28/28
f 88/16/29 89/15/29 90/28/29
f 91/25/30 92/23/30 93/24/30
f 94/24/31 95/23/31 96/22/31
f 97/23/32 98/21/32 99/22/32
f 100/22/33 101/21/33 102/20/33
f 103/21/18 104/19/18 105/20/18
f 106/20/19 107/19/19 108/18/19
f 109/19/34 110/16/34 111/18/34
f 112/18/35 113/16/35 114/17/35
f 115/16/36 116/15/36 117/17/36
f 118/23/37 119/26/37 120/21/37
f 121/21/38 122/26/38 123/19/38
f 124/26/39 125/27/39 126/19/39
f 127/19/40 128/27/40 129/16/40
f 130/27/41 131/28/41 132/16/41
f 133/16/42 134/28/42 135/15/42
f 136/11/43 137/9/43 138/10/43
f 139/10/44 140/9/44 141/8/44
f 142/9/45 143/7/45 144/8/45
f 145/8/46 146/7/46 147/6/46
f 148/7/47 149/5/47 150/6/47
f 151/6/48 152/5/48 153/4/48
f 154/5/49 155/2/49 156/4/49
f 157/4/50 158/2/50 159/3/50
f 160/2/51 161/1/51 162/3/51
f 163/9/52 164/14/52 165/7/52
f 166/7/53 167/14/53 168/5/53
f 169/14/54 170/13/54 171/5/54
f 172/5/55 173/13/55 174/2/55
f 175/13/56 176/12/56 177/2/56
f 178/2/57 179/12/57 180/1/57
f 181/29/58 182/30/58 183/31/58
f 184/31/59 185/30/59 186/32/59
s 1
f 187/30/60 188/30/60 189/32/60
s 0
f 190/32/61 191/30/61 192/32/61
f 193/30/62 194/30/62 195/32/62
f 196/32/63 197/30/63 198/32/63
f 199/30/64 200/32/64 201/32/64
f 202/30/65 203/32/65 204/30/65
f 205/29/66 206/30/66 207/31/66
f 208/31/67 209/30/67 210/32/67
f 211/30/68 212/30/68 213/32/68
f 214/32/69 215/30/69 216/32/69
f 217/30/70 218/30/70 219/32/70
f 220/32/71 221/30/71 222/32/71
f 223/30/72 224/32/72 225/32/72
f 226/30/73 227/32/73 228/30/73
f 229/33/74 230/34/74 231/35/74
f 232/35/75 233/34/75 234/36/75
f 235/34/76 236/37/76 237/36/76
f 238/36/77 239/37/77 240/38/77
f 241/37/78 242/39/78 243/38/78
f 244/38/79 245/39/79 246/40/79
f 247/39/80 248/41/80 249/40/80
f 250/40/81 251/41/81 252/39/81
f 253/36/82 254/38/82 255/35/82
f 256/35/83 257/38/83 258/33/83
f 259/38/84 260/40/84 261/33/84
f 262/33/85 263/40/85 264/34/85
f 265/40/86 266/39/86 267/34/86
f 268/34/87 269/39/87 270/37/87
f 271/39/88 272/42/88 273/37/88
f 274/37/89 275/42/89 276/39/89
f 277/43/90 278/44/90 279/45/90
f 280/45/91 281/44/91 282/46/91
f 283/32/92 284/30/92 285/32/92
f 286/32/93 287/30/93 288/32/93
f 289/30/94 290/30/94 291/32/94
f 292/32/95 293/30/95 294/32/95
f 295/30/96 296/30/96 297/32/96
f 298/32/97 299/30/97 300/31/97
f 301/30/98 302/29/98 303/31/98
f 304/30/99 305/30/99 306/32/99
f 307/32/100 308/30/100 309/32/100
f 310/32/101 311/30/101 312/32/101
f 313/30/102 314/30/102 315/32/102
f 316/32/103 317/30/103 318/32/103
f 319/30/104 320/30/104 321/32/104
f 322/32/105 323/30/105 324/31/105
f 325/30/106 326/29/106 327/31/106
f 328/30/107 329/30/107 330/32/107
s 1
f 331/33/108 332/38/108 333/35/108
s 0
f 334/35/109 335/38/109 336/36/109
f 337/38/110 338/37/110 339/36/110
f 340/36/111 341/37/111 342/34/111
f 343/37/112 344/39/112 345/34/112
f 346/34/113 347/39/113 348/40/113
f 349/39/114 350/41/114 351/40/114
f 352/40/115 353/41/115 354/39/115
f 355/36/116 356/34/116 357/35/116
f 358/35/117 359/34/117 360/33/117
f 361/34/118 362/40/118 363/33/118
f 364/33/119 365/40/119 366/38/119
f 367/40/120 368/39/120 369/38/120
f 370/38/121 371/39/121 372/37/121
f 373/39/122 374/42/122 375/37/122
f 376/37/123 377/42/123 378/39/123
f 379/43/124 380/45/124 381/44/124
f 382/44/125 383/45/125 384/46/125
f 385/47/126 386/48/126 387/49/126
f 388/49/127 389/48/127 390/50/127
f 391/48/128 392/51/128 393/50/128
f 393/50/128 392/51/128 394/52/128
f 395/51/129 396/50/129 397/52/129
f 398/52/130 399/50/130 400/53/130
f 401/50/131 402/54/131 403/53/131
f 404/53/132 405/54/132 406/50/132
f 407/54/132 408/55/132 409/50/132
f 410/50/133 411/55/133 412/56/133
f 413/55/134 414/50/134 415/56/134
f 416/56/135 417/50/135 418/49/135
f 419/50/135 420/48/135 421/49/135
f 422/49/136 423/48/136 424/47/136
f 425/48/137 426/57/137 427/47/137
f 428/47/138 429/57/138 430/48/138
f 431/57/139 432/58/139 433/48/139
f 434/48/140 435/58/140 436/51/140
f 437/58/141 438/48/141 439/51/141
f 440/51/129 441/48/129 442/50/129
f 443/48/142 444/58/142 445/57/142
f 446/50/131 447/55/131 448/54/131
f 449/53/143 450/50/143 451/52/143
s 1
f 388/49/127 390/50/127 452/56/127
s 0
f 453/58/144 454/48/144 455/51/144
f 456/51/128 457/48/128 458/50/128
s 1
f 459/48/127 460/49/127 461/50/127
s 0
f 461/50/127 460/49/127 462/56/127
f 463/49/135 464/50/135 465/56/135
f 466/56/145 467/50/145 468/55/145
f 469/50/146 470/54/146 471/55/146
f 472/55/147 473/54/147 474/50/147
s 1
f 475/54/147 476/53/147 477/50/147
s 0
f 478/50/148 479/53/148 480/52/148
f 481/53/149 482/50/149 483/52/149
f 484/52/129 485/50/129 486/51/129
f 485/50/129 487/48/129 486/51/129
f 488/51/150 489/48/150 490/58/150
f 491/48/151 492/57/151 493/58/151
f 494/58/152 495/57/152 496/48/152
f 497/57/153 498/47/153 499/48/153
f 500/48/154 501/47/154 502/49/154
f 503/47/155 504/48/155 505/49/155
f 506/49/135 507/48/135 508/50/135
f 509/57/156 510/48/156 511/47/156
f 512/50/128 513/52/128 514/51/128
s 1
f 515/50/157 516/56/157 517/55/157
s 0
f 518/54/146 519/50/146 520/53/146
f 521/59/158 522/60/158 523/61/158
f 524/61/159 525/60/159 526/62/159
f 527/60/160 528/63/160 529/62/160
f 530/62/161 531/63/161 532/64/161
f 533/63/162 534/65/162 535/64/162
f 536/64/163 537/65/163 538/66/163
f 539/65/164 540/67/164 541/66/164
f 542/66/165 543/67/165 544/68/165
f 545/67/166 546/69/166 547/68/166
f 548/68/167 549/69/167 550/70/167
f 551/69/168 552/71/168 553/70/168
f 554/70/169 555/71/169 556/72/169
f 557/73/170 558/74/170 559/75/170
f 560/75/171 561/74/171 562/76/171
f 563/74/172 564/77/172 565/76/172
f 566/76/173 567/77/173 568/78/173
f 569/77/174 570/79/174 571/78/174
f 572/78/174 573/79/174 574/80/174
f 575/79/175 576/81/175 577/80/175
f 578/80/176 579/81/176 580/82/176
f 581/81/177 582/83/177 583/82/177
f 584/82/178 585/83/178 586/84/178
f 587/83/179 588/85/179 589/84/179
f 590/84/180 591/85/180 592/86/180
f 593/63/181 594/60/181 595/87/181
f 596/87/182 597/60/182 598/88/182
f 599/60/183 600/59/183 601/88/183
f 602/88/184 603/59/184 604/89/184
f 605/87/185 606/88/185 607/81/185
f 608/81/186 609/88/186 610/83/186
f 611/88/187 612/89/187 613/83/187
f 614/83/188 615/89/188 616/85/188
f 617/90/189 618/91/189 619/73/189
f 620/73/190 621/91/190 622/74/190
f 623/91/191 624/92/191 625/74/191
f 626/74/192 627/92/192 628/77/192
f 629/92/193 630/91/193 631/67/193
f 632/67/194 633/91/194 634/69/194
f 635/91/195 636/90/195 637/69/195
f 638/69/196 639/90/196 640/71/196
f 641/93/197 642/61/197 643/62/197
f 644/94/198 645/62/198 646/64/198
f 647/95/199 648/64/199 649/66/199
f 650/96/200 651/66/200 652/68/200
f 653/97/201 654/84/201 655/86/201
f 656/98/202 657/68/202 658/70/202
f 659/99/203 660/82/203 661/84/203
f 662/100/204 663/80/204 664/82/204
f 665/101/205 666/78/205 667/80/205
f 668/102/206 669/70/206 670/72/206
f 671/103/207 672/76/207 673/78/207
f 674/104/208 675/75/208 676/76/208
f 677/105/209 678/106/209 679/107/209
f 680/107/210 681/106/210 682/108/210
f 683/106/211 684/109/211 685/108/211
f 686/108/211 687/109/211 688/110/211
f 689/107/212 690/108/212 691/111/212
f 692/111/213 693/108/213 694/112/213
f 695/108/214 696/110/214 697/112/214
f 698/112/215 699/110/215 700/113/215
f 701/59/216 702/60/216 703/61/216
f 704/61/217 705/60/217 706/62/217
f 707/60/218 708/63/218 709/62/218
f 710/62/219 711/63/219 712/64/219
f 713/63/220 714/65/220 715/64/220
f 716/64/221 717/65/221 718/66/221
f 719/65/222 720/67/222 721/66/222
f 722/66/223 723/67/223 724/68/223
f 725/67/224 726/69/224 727/68/224
f 728/68/225 729/69/225 730/70/225
f 731/69/226 732/71/226 733/70/226
f 734/70/227 735/71/227 736/72/227
f 737/73/228 738/74/228 739/75/228
f 740/75/229 741/74/229 742/76/229
f 743/74/230 744/77/230 745/76/230
f 746/76/231 747/77/231 748/78/231
f 749/77/232 750/79/232 751/78/232
f 752/78/233 753/79/233 754/80/233
f 755/79/234 756/81/234 757/80/234
f 758/80/235 759/81/235 760/82/235
f 761/81/236 762/83/236 763/82/236
f 764/82/237 765/83/237 766/84/237
f 767/83/238 768/85/238 769/84/238
f 770/84/239 771/85/239 772/86/239
f 773/63/240 774/60/240 775/87/240
f 776/87/241 777/60/241 778/88/241
f 779/60/242 780/59/242 781/88/242
f 782/88/243 783/59/243 784/89/243
f 785/87/244 786/88/244 787/81/244
f 788/81/245 789/88/245 790/83/245
f 791/88/246 792/89/246 793/83/246
f 794/83/247 795/89/247 796/85/247
f 797/90/248 798/91/248 799/73/248
f 800/73/249 801/91/249 802/74/249
f 803/91/250 804/92/250 805/74/250
f 806/74/251 807/92/251 808/77/251
f 809/92/252 810/91/252 811/67/252
f 812/67/253 813/91/253 814/69/253
f 815/91/254 816/90/254 817/69/254
f 818/69/255 819/90/255 820/71/255
f 821/93/256 822/61/256 823/62/256
f 824/94/257 825/62/257 826/64/257
f 827/95/258 828/64/258 829/66/258
f 830/96/259 831/66/259 832/68/259
f 833/97/260 834/84/260 835/86/260
f 836/98/261 837/68/261 838/70/261
f 839/99/262 840/82/262 841/84/262
f 842/100/263 843/80/263 844/82/263
f 845/101/264 846/78/264 847/80/264
f 848/102/265 849/70/265 850/72/265
f 851/103/266 852/76/266 853/78/266
f 854/104/267 855/75/267 856/76/267
f 857/105/268 858/106/268 859/107/268
f 860/107/269 861/106/269 862/108/269
f 863/106/270 864/109/270 865/108/270
f 866/108/271 867/109/271 868/110/271
f 869/107/272 870/108/272 871/111/272
f 872/111/273 873/108/273 874/112/273
f 875/108/274 876/110/274 877/112/274
f 878/112/275 879/110/275 880/113/275
f 881/114/276 882/115/276 883/116/276
s 1
f 884/116/277 885/115/277 886/117/277
s 0
f 887/115/278 888/118/278 889/117/278
f 890/117/279 891/118/279 892/119/279
f 893/118/280 894/120/280 895/119/280
f 896/119/281 897/120/281 898/121/281
s 1
f 899/120/282 900/122/282 901/121/282
s 0
f 902/121/283 903/122/283 904/123/283
f 905/122/284 906/124/284 907/123/284
f 908/123/285 909/124/285 910/125/285
f 911/124/286 912/126/286 913/125/286
f 914/125/287 915/126/287 916/127/287
f 917/126/288 918/128/288 919/127/288
f 920/127/289 921/128/289 922/129/289
f 923/128/290 924/130/290 925/129/290
f 926/129/291 927/130/291 928/131/291
f 929/130/292 930/132/292 931/131/292
f 932/133/293 933/134/293 934/135/293
f 935/135/294 936/134/294 937/136/294
f 938/134/295 939/128/295 940/136/295
f 941/136/296 942/128/296 943/137/296
f 944/128/297 945/126/297 946/137/297
f 947/137/298 948/126/298 949/138/298
f 950/126/299 951/139/299 952/138/299
f 953/138/300 954/139/300 955/140/300
f 956/139/301 957/141/301 958/140/301
f 959/140/302 960/141/302 961/142/302
f 962/141/303 963/118/303 964/142/303
f 965/142/304 966/118/304 967/143/304
f 968/118/305 969/115/305 970/143/305
f 971/143/306 972/115/306 973/144/306
f 974/115/307 975/114/307 976/144/307
f 977/145/308 978/146/308 979/147/308
f 980/147/309 981/146/309 982/148/309
f 983/146/310 984/121/310 985/148/310
f 986/148/311 987/121/311 988/149/311
f 989/121/312 990/123/312 991/149/312
f 992/149/313 993/123/313 994/150/313
f 995/123/314 996/125/314 997/150/314
f 998/150/315 999/125/315 1000/151/315
f 1001/125/316 1002/127/316 1003/151/316
f 1004/151/317 1005/127/317 1006/152/317
f 1007/127/318 1008/129/318 1009/152/318
f 1010/152/319 1011/129/319 1012/131/319
f 1013/144/320 1014/153/320 1015/143/320
f 1016/153/321 1017/154/321 1018/143/321
f 1019/143/322 1020/154/322 1021/142/322
f 1022/154/323 1023/155/323 1024/142/323
f 1025/142/324 1026/155/324 1027/140/324
f 1028/155/325 1029/156/325 1030/140/325
f 1031/140/326 1032/156/326 1033/138/326
f 1034/156/327 1035/137/327 1036/138/327
f 1037/157/328 1038/136/328 1039/158/328
f 1040/158/329 1041/136/329 1042/159/329
f 1043/136/330 1044/137/330 1045/159/330
f 1046/159/331 1047/137/331 1048/160/331
s 1
f 1049/137/332 1050/156/332 1051/160/332
s 0
f 1052/160/333 1053/156/333 1054/161/333
f 1055/156/334 1056/155/334 1057/161/334
f 1058/118/335 1059/141/335 1060/120/335
f 1061/120/336 1062/141/336 1063/122/336
f 1064/141/337 1065/139/337 1066/122/337
f 1067/122/338 1068/139/338 1069/124/338
s 1
f 1070/139/339 1071/126/339 1072/124/339
s 0
f 1073/116/340 1074/117/340 1075/162/340
f 1076/162/341 1077/117/341 1078/163/341
f 1079/117/342 1080/119/342 1081/163/342
f 1082/163/343 1083/119/343 1084/146/343
f 1085/119/344 1086/121/344 1087/146/344
f 1088/158/345 1089/159/345 1090/164/345
f 1091/164/346 1092/159/346 1093/165/346
f 1094/159/347 1095/160/347 1096/165/347
f 1097/165/348 1098/160/348 1099/166/348
f 1100/160/349 1101/161/349 1102/166/349
s 1
f 1103/167/350 1104/132/350 1105/133/350
s 0
f 1106/132/351 1107/130/351 1108/133/351
f 1109/133/352 1110/130/352 1111/134/352
f 1112/130/353 1113/128/353 1114/134/353
f 1115/157/354 1116/135/354 1117/136/354
f 1118/145/355 1119/163/355 1120/146/355
f 1121/168/356 1122/169/356 1123/170/356
f 1124/170/357 1125/169/357 1126/171/357
f 1127/169/358 1128/172/358 1129/171/358
f 1130/172/359 1131/169/359 1132/171/359
f 1133/171/360 1134/169/360 1135/170/360
f 1136/169/361 1137/168/361 1138/170/361
f 1139/173/362 1140/174/362 1141/175/362
f 1142/175/363 1143/174/363 1144/176/363
f 1145/174/364 1146/177/364 1147/176/364
f 1148/176/365 1149/177/365 1150/178/365
f 1151/177/366 1152/179/366 1153/178/366
f 1154/178/367 1155/179/367 1156/180/367
f 1157/179/368 1158/181/368 1159/180/368
f 1160/180/369 1161/181/369 1162/182/369
f 1163/181/370 1164/173/370 1165/182/370
f 1166/182/371 1167/173/371 1168/183/371
f 1169/173/372 1170/175/372 1171/183/372
f 1172/183/373 1173/175/373 1174/184/373
f 1175/175/374 1176/176/374 1177/184/374
f 1178/184/375 1179/176/375 1180/185/375
f 1181/176/376 1182/186/376 1183/185/376
f 1184/187/377 1185/188/377 1186/189/377
f 1187/189/378 1188/188/378 1189/190/378
f 1190/188/379 1191/183/379 1192/190/379
f 1193/190/380 1194/183/380 1195/191/380
s 1
f 1196/183/381 1197/184/381 1198/191/381
s 0
f 1199/191/382 1200/184/382 1201/192/382
f 1202/184/383 1203/185/383 1204/192/383
f 1205/177/384 1206/174/384 1207/179/384
f 1208/179/385 1209/174/385 1210/181/385
f 1211/174/386 1212/173/386 1213/181/386
f 1214/186/387 1215/176/387 1216/193/387
f 1217/193/388 1218/176/388 1219/178/388
f 1220/194/389 1221/188/389 1222/187/389
f 1223/195/390 1224/196/390 1225/197/390
s 1
f 1226/198/391 1227/199/391 1228/200/391
s 0
f 1229/200/392 1230/199/392 1231/201/392
f 1232/199/393 1233/202/393 1234/201/393
f 1235/201/394 1236/202/394 1237/203/394
f 1238/202/395 1239/204/395 1240/203/395
f 1241/202/396 1242/199/396 1243/205/396
f 1244/205/397 1245/199/397 1246/206/397
f 1247/199/398 1248/207/398 1249/206/398
f 1250/208/399 1251/209/399 1252/202/399
f 1253/202/400 1254/209/400 1255/204/400
f 1256/210/401 1257/211/401 1258/212/401
f 1259/212/402 1260/211/402 1261/213/402
f 1262/211/403 1263/214/403 1264/213/403
f 1265/213/404 1266/214/404 1267/215/404
f 1268/214/405 1269/216/405 1270/215/405
f 1271/215/406 1272/216/406 1273/217/406
f 1274/216/407 1275/218/407 1276/217/407
f 1277/217/408 1278/218/408 1279/219/408
f 1280/215/409 1281/217/409 1282/220/409
f 1283/220/410 1284/217/410 1285/221/410
f 1286/217/411 1287/222/411 1288/221/411
f 1289/221/412 1290/222/412 1291/223/412
f 1292/222/413 1293/224/413 1294/223/413
f 1295/211/414 1296/225/414 1297/214/414
f 1298/214/415 1299/225/415 1300/216/415
f 1301/225/416 1302/226/416 1303/216/416
f 1304/216/417 1305/226/417 1306/218/417
f 1307/219/418 1308/227/418 1309/217/418
f 1310/217/419 1311/227/419 1312/222/419
f 1313/227/420 1314/224/420 1315/222/420
f 1316/212/421 1317/213/421 1318/228/421
f 1319/228/422 1320/213/422 1321/229/422
f 1322/213/423 1323/215/423 1324/229/423
f 1325/211/424 1326/230/424 1327/225/424
f 1328/225/425 1329/230/425 1330/226/425
f 1331/231/426 1332/232/426 1333/233/426
f 1334/233/426 1335/232/426 1336/234/426
f 1337/232/427 1338/214/427 1339/234/427
f 1340/234/428 1341/214/428 1342/225/428
f 1343/214/429 1344/216/429 1345/225/429
f 1346/225/430 1347/216/430 1348/226/430
f 1349/216/431 1350/218/431 1351/226/431
f 1352/232/432 1353/215/432 1354/214/432
f 1355/214/433 1356/215/433 1357/216/433
f 1358/215/434 1359/217/434 1360/216/434
f 1361/216/435 1362/217/435 1363/218/435
f 1364/217/436 1365/219/436 1366/218/436
f 1367/224/437 1368/222/437 1369/223/437
f 1370/223/438 1371/222/438 1372/221/438
f 1373/222/439 1374/217/439 1375/221/439
f 1376/221/440 1377/217/440 1378/220/440
f 1379/217/441 1380/215/441 1381/220/441
f 1382/215/442 1383/232/442 1384/229/442
f 1385/229/443 1386/232/443 1387/228/443
f 1388/232/444 1389/231/444 1390/228/444
f 1391/224/445 1392/227/445 1393/222/445
f 1394/222/446 1395/227/446 1396/217/446
f 1397/227/447 1398/219/447 1399/217/447
f 1400/234/448 1401/225/448 1402/230/448
f 1403/230/449 1404/225/449 1405/226/449
f 1406/196/450 1407/195/450 1408/197/450
f 1409/195/451 1410/235/451 1411/196/451
f 1412/196/452 1413/235/452 1414/236/452
f 1415/235/453 1416/237/453 1417/236/453
f 1418/236/454 1419/237/454 1420/238/454
f 1421/237/455 1422/239/455 1423/238/455
f 1424/238/456 1425/239/456 1426/240/456
f 1427/196/457 1428/236/457 1429/241/457
f 1430/241/458 1431/236/458 1432/242/458
f 1433/236/459 1434/238/459 1435/242/459
f 1436/242/460 1437/238/460 1438/240/460
f 1439/243/461 1440/241/461 1441/242/461
f 1442/244/462 1443/228/462 1444/245/462
f 1445/245/463 1446/228/463 1447/241/463
f 1448/228/464 1449/229/464 1450/241/464
f 1451/246/465 1452/178/465 1453/247/465
f 1454/247/466 1455/178/466 1456/248/466
f 1457/178/467 1458/193/467 1459/248/467
f 1460/248/468 1461/193/468 1462/249/468
f 1463/193/469 1464/186/469 1465/249/469
f 1466/228/470 1467/244/470 1468/246/470
f 1469/246/471 1470/244/471 1471/178/471
f 1472/186/472 1473/176/472 1474/185/472
f 1475/185/473 1476/176/473 1477/184/473
f 1478/176/474 1479/175/474 1480/184/474
f 1481/184/475 1482/175/475 1483/183/475
f 1484/175/476 1485/173/476 1486/183/476
f 1487/183/477 1488/173/477 1489/182/477
f 1490/173/478 1491/181/478 1492/182/478
f 1493/182/479 1494/181/479 1495/180/479
f 1496/181/480 1497/179/480 1498/180/480
f 1499/180/481 1500/179/481 1501/178/481
f 1502/179/482 1503/177/482 1504/178/482
f 1505/178/483 1506/177/483 1507/176/483
f 1508/177/484 1509/174/484 1510/176/484
f 1511/176/485 1512/174/485 1513/175/485
f 1514/174/486 1515/173/486 1516/175/486
f 1517/185/487 1518/184/487 1519/192/487
f 1520/192/488 1521/184/488 1522/191/488
f 1523/184/489 1524/183/489 1525/191/489
f 1526/191/490 1527/183/490 1528/250/490
f 1529/183/491 1530/251/491 1531/250/491
f 1532/250/492 1533/251/492 1534/189/492
f 1535/251/493 1536/187/493 1537/189/493
f 1538/173/494 1539/174/494 1540/181/494
f 1541/181/495 1542/174/495 1543/179/495
f 1544/174/496 1545/177/496 1546/179/496
f 1547/186/497 1548/193/497 1549/176/497
f 1550/176/498 1551/193/498 1552/178/498
f 1553/194/499 1554/187/499 1555/251/499
f 1556/240/500 1557/239/500 1558/238/500
f 1559/239/501 1560/237/501 1561/238/501
f 1562/238/502 1563/237/502 1564/236/502
f 1565/237/503 1566/235/503 1567/236/503
f 1568/236/504 1569/235/504 1570/196/504
f 1571/235/505 1572/195/505 1573/196/505
f 1574/240/506 1575/238/506 1576/242/506
f 1577/238/507 1578/236/507 1579/242/507
f 1580/242/508 1581/236/508 1582/241/508
f 1583/236/509 1584/196/509 1585/241/509
f 1586/243/510 1587/242/510 1588/241/510
f 1589/229/511 1590/228/511 1591/241/511
f 1592/241/512 1593/228/512 1594/243/512
f 1595/228/513 1596/180/513 1597/243/513
f 1598/204/514 1599/202/514 1600/203/514
s 1
f 1601/203/515 1602/202/515 1603/201/515
s 0
f 1604/202/516 1605/199/516 1606/201/516
f 1607/201/517 1608/199/517 1609/200/517
f 1610/199/518 1611/252/518 1612/200/518
f 1613/253/519 1614/199/519 1615/206/519
f 1616/206/520 1617/199/520 1618/205/520
f 1619/199/521 1620/202/521 1621/205/521
f 1622/204/522 1623/209/522 1624/202/522
s 1
f 1625/202/523 1626/209/523 1627/208/523
s 0
f 1628/186/524 1629/193/524 1630/254/524
s 1
f 1631/254/525 1632/193/525 1633/247/525
s 0
f 1634/193/526 1635/178/526 1636/247/526
f 1637/247/527 1638/178/527 1639/246/527
f 1640/178/528 1641/180/528 1642/246/528
f 1643/246/529 1644/180/529 1645/228/529
f 1646/255/530 1647/247/530 1648/246/530
f 1649/256/531 1650/257/531 1651/258/531
f 1652/257/532 1653/259/532 1654/258/532
f 1655/258/533 1656/259/533 1657/260/533
f 1658/259/534 1659/261/534 1660/260/534
f 1661/260/535 1662/261/535 1663/262/535
f 1664/261/536 1665/263/536 1666/262/536
f 1667/262/537 1668/263/537 1669/264/537
f 1670/263/538 1671/265/538 1672/264/538
f 1673/264/539 1674/265/539 1675/266/539
f 1676/265/540 1677/267/540 1678/266/540
f 1679/266/541 1680/267/541 1681/256/541
f 1682/267/542 1683/268/542 1684/256/542
f 1685/256/543 1686/268/543 1687/257/543
f 1688/268/544 1689/269/544 1690/257/544
f 1691/260/545 1692/262/545 1693/258/545
f 1694/258/546 1695/262/546 1696/270/546
f 1697/262/547 1698/264/547 1699/270/547
f 1700/270/548 1701/264/548 1702/266/548
f 1703/258/549 1704/270/549 1705/256/549
f 1706/256/550 1707/270/550 1708/266/550
f 1709/271/551 1710/272/551 1711/273/551
f 1712/273/552 1713/272/552 1714/274/552
f 1715/272/553 1716/275/553 1717/274/553
f 1718/276/554 1719/277/554 1720/278/554
f 1721/278/555 1722/277/555 1723/279/555
f 1724/277/556 1725/280/556 1726/279/556
f 1727/279/557 1728/280/557 1729/281/557
f 1730/280/558 1731/282/558 1732/281/558
f 1733/281/559 1734/282/559 1735/283/559
f 1736/284/560 1737/285/560 1738/286/560
f 1739/285/561 1740/287/561 1741/286/561
f 1742/286/562 1743/287/562 1744/276/562
s 1
f 1745/287/563 1746/277/563 1747/276/563
s 0
f 1748/288/564 1749/284/564 1750/286/564
f 1751/289/565 1752/281/565 1753/283/565
f 1754/290/566 1755/291/566 1756/292/566
f 1757/292/567 1758/291/567 1759/293/567
f 1760/291/568 1761/294/568 1762/293/568
f 1763/295/569 1764/291/569 1765/290/569
f 1766/296/570 1767/297/570 1768/298/570
f 1769/298/571 1770/297/571 1771/299/571
f 1772/297/572 1773/300/572 1774/299/572
f 1775/299/573 1776/300/573 1777/301/573
f 1778/302/574 1779/303/574 1780/304/574
f 1781/304/575 1782/303/575 1783/305/575
f 1784/31/575 1785/302/575 1786/32/575
f 1787/32/574 1788/302/574 1789/304/574
f 1790/29/576 1791/31/576 1792/30/576
f 1793/30/576 1794/31/576 1795/32/576
f 1796/306/577 1797/307/577 1798/308/577
f 1798/308/577 1797/307/577 1799/309/577
f 1800/310/578 1801/311/578 1802/312/578
f 1803/313/579 1804/312/579 1805/311/579
f 1806/314/580 1807/315/580 1808/316/580
f 1809/317/581 1810/318/581 1811/310/581
f 1812/310/582 1813/318/582 1814/311/582
f 1815/312/583 1816/313/583 1817/319/583
f 1818/319/584 1819/313/584 1820/320/584
f 1821/321/585 1822/322/585 1823/323/585
f 1824/322/586 1825/324/586 1826/323/586
f 1827/323/587 1828/324/587 1829/321/587
f 1830/324/588 1831/322/588 1832/321/588
f 1833/306/577 1834/307/577 1835/308/577
f 1835/308/577 1834/307/577 1836/309/577
f 1837/325/589 1838/326/589 1839/327/589
f 1840/328/590 1841/327/590 1842/326/590
f 1843/315/580 1844/314/580 1845/316/580
f 1846/327/591 1847/328/591 1848/329/591
f 1849/328/592 1850/330/592 1851/329/592
f 1852/329/593 1853/330/593 1854/325/593
f 1855/330/594 1856/326/594 1857/325/594
f 1858/322/595 1859/324/595 1860/321/595
f 1861/321/596 1862/324/596 1863/323/596
f 1864/324/597 1865/322/597 1866/323/597
f 1867/323/598 1868/322/598 1869/321/598
f 1870/331/599 1871/332/599 1872/333/599
f 1873/333/600 1874/332/600 1875/331/600
f 1876/332/601 1877/334/601 1878/331/601
f 1879/331/602 1880/334/602 1881/335/602
f 1882/332/603 1883/331/603 1884/334/603
f 1885/334/604 1886/331/604 1887/335/604
f 1888/331/605 1889/336/605 1890/335/605
f 1891/335/606 1892/336/606 1893/331/606
f 1894/337/607 1895/338/607 1896/339/607
f 1897/339/608 1898/338/608 1899/340/608
f 1898/338/608 1900/341/608 1899/340/608
f 1901/342/607 1902/338/607 1903/337/607
f 1904/343/609 1905/344/609 1906/345/609
f 1906/345/609 1905/344/609 1907/346/609
f 1908/335/610 1909/347/610 1910/334/610
f 1911/334/611 1912/347/611 1913/348/611
f 1914/347/612 1915/334/612 1916/348/612
f 1917/348/612 1918/334/612 1919/349/612
f 1920/334/613 1921/332/613 1922/349/613
f 1923/349/614 1924/332/614 1925/334/614
s 1
f 1926/334/611 1927/348/611 1928/349/611
f 1929/335/615 1930/334/615 1931/347/615
s 0
f 1932/331/616 1933/332/616 1934/333/616
f 1935/333/617 1936/332/617 1937/331/617
f 1938/332/618 1939/334/618 1940/331/618
f 1941/331/619 1942/334/619 1943/335/619
f 1944/331/620 1945/335/620 1946/336/620
f 1947/336/621 1948/335/621 1949/331/621
f 1950/335/622 1951/334/622 1952/331/622
f 1953/331/623 1954/334/623 1955/332/623
f 1956/341/608 1957/338/608 1958/340/608
f 1958/340/608 1957/338/608 1959/339/608
f 1960/338/607 1961/337/607 1962/339/607
f 1963/342/607 1964/337/607 1965/338/607
f 1966/346/577 1967/344/577 1968/345/577
f 1968/345/577 1967/344/577 1969/343/577
f 1970/350/624 1971/322/624 1972/351/624
f 1973/351/625 1974/322/625 1975/352/625
f 1976/322/626 1977/353/626 1978/352/626
f 1979/352/627 1980/353/627 1981/354/627
f 1982/353/628 1983/355/628 1984/354/628
f 1985/354/629 1986/355/629 1987/356/629
f 1988/355/630 1989/357/630 1990/356/630
f 1991/356/631 1992/357/631 1993/355/631
f 1994/357/632 1995/358/632 1996/355/632
f 1997/355/633 1998/358/633 1999/359/633
f 2000/356/634 2001/355/634 2002/354/634
f 2003/355/635 2004/353/635 2005/354/635
f 2006/354/636 2007/353/636 2008/352/636
f 2009/353/637 2010/322/637 2011/352/637
f 2012/352/638 2013/322/638 2014/350/638
f 2015/322/639 2016/360/639 2017/350/639
f 2018/357/640 2019/355/640 2020/358/640
f 2021/358/641 2022/355/641 2023/359/641
f 2024/355/642 2025/353/642 2026/359/642
f 2027/359/643 2028/353/643 2029/361/643
f 2030/353/644 2031/321/644 2032/361/644
f 2033/350/645 2034/360/645 2035/322/645
f 2036/322/646 2037/360/646 2038/324/646
f 2039/360/647 2040/322/647 2041/324/647
f 2042/321/648 2043/353/648 2044/362/648
f 2045/362/649 2046/353/649 2047/359/649
f 2048/353/650 2049/355/650 2050/359/650
f 2051/350/651 2052/351/651 2053/352/651
f 2054/321/652 2055/322/652 2056/353/652
f 2057/322/653 2058/321/653 2059/353/653
f 2060/363/654 2061/364/654 2062/365/654
f 2063/365/580 2064/364/580 2065/366/580
f 2066/364/580 2067/367/580 2068/366/580
f 2069/366/655 2070/367/655 2071/315/655
f 2072/367/656 2073/314/656 2074/315/656
f 2075/364/654 2076/363/654 2077/368/654
f 2078/368/657 2079/363/657 2080/369/657
f 2081/39/658 2082/370/658 2083/41/658
f 2084/41/659 2085/370/659 2086/39/659
f 2087/370/660 2088/371/660 2089/39/660
f 2090/39/661 2091/371/661 2092/372/661
f 2093/371/662 2094/39/662 2095/372/662
f 2096/372/663 2097/39/663 2098/42/663
f 2099/370/664 2100/39/664 2101/371/664
f 2102/39/665 2103/372/665 2104/42/665
f 2105/360/666 2106/322/666 2107/350/666
f 2108/350/667 2109/322/667 2110/352/667
f 2111/322/668 2112/353/668 2113/352/668
f 2114/352/669 2115/353/669 2116/354/669
f 2117/353/670 2118/355/670 2119/354/670
f 2120/354/671 2121/355/671 2122/356/671
f 2123/355/672 2124/357/672 2125/356/672
f 2126/356/673 2127/357/673 2128/355/673
f 2129/357/674 2130/358/674 2131/355/674
f 2132/355/675 2133/358/675 2134/359/675
f 2135/356/676 2136/355/676 2137/354/676
f 2138/355/677 2139/353/677 2140/354/677
f 2141/354/678 2142/353/678 2143/352/678
f 2144/353/679 2145/322/679 2146/352/679
f 2147/352/680 2148/322/680 2149/351/680
f 2150/322/681 2151/350/681 2152/351/681
f 2153/357/682 2154/355/682 2155/358/682
f 2156/358/683 2157/355/683 2158/359/683
f 2159/355/684 2160/353/684 2161/359/684
f 2162/359/685 2163/353/685 2164/362/685
f 2165/353/686 2166/321/686 2167/362/686
f 2168/322/687 2169/360/687 2170/324/687
s 1
f 2171/324/688 2172/360/688 2173/322/688
s 0
f 2174/360/689 2175/350/689 2176/322/689
f 2177/322/690 2178/353/690 2179/321/690
f 2180/321/691 2181/353/691 2182/361/691
f 2183/353/692 2184/359/692 2185/361/692
f 2186/351/693 2187/350/693 2188/352/693
f 2189/321/694 2190/353/694 2191/322/694
f 2192/359/695 2193/353/695 2194/355/695
f 2195/314/696 2196/367/696 2197/315/696
f 2198/315/697 2199/367/697 2200/373/697
f 2201/367/580 2202/364/580 2203/373/580
f 2204/373/580 2205/364/580 2206/365/580
f 2207/364/654 2208/363/654 2209/365/654
f 2210/364/654 2211/368/654 2212/363/654
f 2213/363/657 2214/368/657 2215/369/657
f 2216/41/698 2217/370/698 2218/39/698
f 2219/39/699 2220/370/699 2221/371/699
f 2222/370/700 2223/39/700 2224/371/700
f 2225/371/701 2226/39/701 2227/372/701
f 2228/39/702 2229/42/702 2230/372/702
f 2231/372/703 2232/42/703 2233/39/703
f 2234/41/704 2235/39/704 2236/370/704
f 2237/39/705 2238/371/705 2239/372/705
f 2240/374/706 2241/375/706 2242/376/706
f 2243/376/707 2244/375/707 2245/377/707
f 2246/375/708 2247/374/708 2248/377/708
f 2249/377/709 2250/374/709 2251/378/709
f 2252/374/710 2253/379/710 2254/378/710
f 2255/378/711 2256/379/711 2257/380/711
f 2258/379/712 2259/381/712 2260/380/712
f 2261/380/713 2262/381/713 2263/382/713
f 2264/381/714 2265/383/714 2266/382/714
f 2267/382/715 2268/383/715 2269/380/715
f 2270/383/716 2271/384/716 2272/380/716
f 2273/380/717 2274/384/717 2275/385/717
f 2276/384/718 2277/386/718 2278/385/718
f 2279/385/719 2280/386/719 2281/377/719
f 2282/386/720 2283/374/720 2284/377/720
f 2285/377/721 2286/374/721 2287/376/721
f 2288/387/722 2289/388/722 2290/389/722
f 2291/389/723 2292/388/723 2293/390/723
f 2294/388/724 2295/391/724 2296/390/724
s 1
f 2297/390/725 2298/391/725 2299/392/725
s 0
f 2300/391/726 2301/393/726 2302/392/726
f 2303/392/727 2304/393/727 2305/394/727
f 2306/393/728 2307/391/728 2308/394/728
f 2309/394/729 2310/391/729 2311/392/729
f 2312/391/730 2313/388/730 2314/392/730
f 2315/392/731 2316/388/731 2317/390/731
f 2318/388/732 2319/387/732 2320/390/732
f 2321/390/733 2322/387/733 2323/389/733
f 2324/395/734 2325/396/734 2326/389/734
f 2327/389/735 2328/396/735 2329/390/735
f 2330/396/736 2331/397/736 2332/390/736
f 2333/390/737 2334/397/737 2335/398/737
f 2336/397/738 2337/399/738 2338/398/738
f 2339/398/739 2340/399/739 2341/400/739
f 2342/399/740 2343/401/740 2344/400/740
f 2345/400/741 2346/401/741 2347/402/741
f 2348/401/742 2349/403/742 2350/402/742
f 2351/402/743 2352/403/743 2353/404/743
f 2354/403/744 2355/405/744 2356/404/744
f 2357/406/745 2358/405/745 2359/403/745
f 2360/155/746 2361/154/746 2362/407/746
f 2363/153/747 2364/408/747 2365/154/747
f 2366/154/748 2367/408/748 2368/407/748
f 2369/164/749 2370/165/749 2371/409/749
f 2372/409/750 2373/165/750 2374/410/750
f 2375/165/751 2376/166/751 2377/410/751
f 2378/410/752 2379/166/752 2380/411/752
f 2381/166/753 2382/412/753 2383/411/753
f 2384/166/754 2385/161/754 2386/412/754
f 2387/412/755 2388/161/755 2389/407/755
f 2390/161/756 2391/155/756 2392/407/756
f 2393/413/757 2394/414/757 2395/415/757
f 2396/415/757 2397/414/757 2398/416/757
f 2399/417/758 2400/418/758 2401/419/758
f 2402/420/759 2403/421/759 2404/422/759
f 2405/422/760 2406/421/760 2407/423/760
f 2408/424/761 2409/425/761 2410/426/761
f 2411/426/762 2412/425/762 2413/427/762
f 2414/428/763 2415/429/763 2416/144/763
f 2417/144/764 2418/429/764 2419/153/764
f 2420/428/765 2421/144/765 2422/114/765
f 2423/430/766 2424/431/766 2425/432/766
s 1
f 2426/431/767 2427/433/767 2428/432/767
s 0
f 2429/432/768 2430/433/768 2431/434/768
f 2432/433/769 2433/435/769 2434/434/769
f 2435/434/770 2436/435/770 2437/436/770
f 2438/435/771 2439/437/771 2440/436/771
f 2441/438/772 2442/439/772 2443/440/772
f 2444/440/773 2445/439/773 2446/441/773
f 2447/439/774 2448/442/774 2449/441/774
f 2450/441/775 2451/442/775 2452/443/775
f 2453/442/776 2454/442/776 2455/443/776
f 2456/443/777 2457/442/777 2458/443/777
f 2459/442/778 2460/441/778 2461/443/778
f 2462/438/779 2463/444/779 2464/439/779
f 2465/439/780 2466/444/780 2467/442/780
f 2468/444/780 2469/445/780 2470/442/780
f 2471/442/781 2472/445/781 2473/442/781
f 2474/445/782 2475/445/782 2476/442/782
f 2477/441/783 2478/442/783 2479/439/783
f 2480/439/784 2481/442/784 2482/444/784
f 2483/442/784 2484/445/784 2485/444/784
f 2486/446/785 2487/447/785 2488/443/785
f 2489/443/786 2490/447/786 2491/441/786
f 2492/448/787 2493/440/787 2494/441/787
f 2495/449/788 2496/450/788 2497/451/788
f 2498/451/789 2499/450/789 2500/452/789
f 2501/453/790 2502/454/790 2503/455/790
f 2504/455/791 2505/454/791 2506/456/791
f 2507/454/792 2508/457/792 2509/456/792
f 2510/456/793 2511/457/793 2512/458/793
f 2513/457/794 2514/459/794 2515/458/794
f 2516/458/795 2517/459/795 2518/460/795
f 2519/459/796 2520/461/796 2521/460/796
f 2522/460/797 2523/461/797 2524/454/797
f 2525/461/798 2526/462/798 2527/454/798
f 2528/454/799 2529/462/799 2530/457/799
f 2531/455/800 2532/456/800 2533/463/800
f 2534/463/801 2535/456/801 2536/463/801
f 2537/456/802 2538/458/802 2539/463/802
f 2540/463/803 2541/458/803 2542/453/803
f 2543/458/804 2544/460/804 2545/453/804
f 2546/453/805 2547/460/805 2548/454/805
f 2549/464/577 2550/465/577 2551/466/577
f 2551/466/577 2550/465/577 2552/467/577
f 2553/466/806 2554/467/806 2555/468/806
f 2556/468/807 2557/467/807 2558/468/807
f 2559/467/808 2560/465/808 2561/468/808
f 2562/468/808 2563/465/808 2564/469/808
f 2565/465/809 2566/470/809 2567/469/809
f 2568/469/810 2569/470/810 2570/471/810
f 2571/470/811 2572/472/811 2573/471/811
f 2574/471/812 2575/469/812 2576/445/812
f 2577/445/812 2578/469/812 2579/468/812
f 2580/469/813 2581/465/813 2582/468/813
f 2583/468/814 2584/465/814 2585/467/814
f 2586/471/815 2587/445/815 2588/469/815
f 2589/469/815 2590/445/815 2591/468/815
f 2592/445/816 2593/445/816 2594/468/816
f 2595/468/817 2596/445/817 2597/468/817
f 2598/473/818 2599/470/818 2600/465/818
f 2601/474/819 2602/475/819 2603/476/819
f 2604/476/820 2605/475/820 2606/477/820
f 2607/475/821 2608/478/821 2609/477/821
f 2610/477/821 2611/478/821 2612/479/821
f 2613/478/822 2614/480/822 2615/479/822
f 2616/479/823 2617/480/823 2618/481/823
f 2619/480/824 2620/482/824 2621/481/824
f 2622/481/825 2623/482/825 2624/483/825
f 2625/484/826 2626/485/826 2627/475/826
f 2628/485/826 2629/486/826 2630/475/826
f 2631/475/826 2632/486/826 2633/478/826
f 2634/486/827 2635/487/827 2636/478/827
f 2637/478/828 2638/487/828 2639/480/828
f 2640/487/829 2641/488/829 2642/480/829
f 2643/480/829 2644/488/829 2645/482/829
f 2646/488/829 2647/489/829 2648/482/829
f 2649/490/830 2650/484/830 2651/474/830
f 2652/474/831 2653/484/831 2654/475/831
f 2655/334/832 2656/347/832 2657/335/832
f 2658/335/833 2659/347/833 2660/334/833
f 2661/347/834 2662/348/834 2663/334/834
f 2664/334/834 2665/348/834 2666/349/834
f 2667/348/835 2668/334/835 2669/349/835
f 2670/349/836 2671/334/836 2672/332/836
f 2673/347/835 2674/334/835 2675/348/835
s 1
f 2676/334/837 2677/349/837 2678/332/837
s 0
f 2679/441/838 2680/447/838 2681/443/838
f 2682/443/839 2683/447/839 2684/446/839
f 2685/441/840 2686/442/840 2687/443/840
f 2688/443/841 2689/442/841 2690/443/841
f 2691/442/842 2692/442/842 2693/443/842
f 2694/443/843 2695/442/843 2696/441/843
f 2697/442/844 2698/439/844 2699/441/844
f 2700/441/845 2701/439/845 2702/440/845
f 2703/439/846 2704/438/846 2705/440/846
f 2706/445/847 2707/445/847 2708/442/847
f 2709/442/848 2710/445/848 2711/442/848
f 2712/445/849 2713/444/849 2714/442/849
f 2715/442/849 2716/444/849 2717/439/849
f 2718/444/850 2719/438/850 2720/439/850
f 2721/445/851 2722/442/851 2723/444/851
f 2724/444/851 2725/442/851 2726/439/851
f 2727/442/852 2728/441/852 2729/439/852
f 2730/448/853 2731/441/853 2732/440/853
f 2733/452/854 2734/450/854 2735/451/854
f 2736/451/855 2737/450/855 2738/449/855
f 2739/457/856 2740/462/856 2741/454/856
f 2742/462/857 2743/461/857 2744/454/857
f 2745/454/858 2746/461/858 2747/460/858
f 2748/461/859 2749/459/859 2750/460/859
f 2751/460/860 2752/459/860 2753/458/860
f 2754/459/861 2755/457/861 2756/458/861
f 2757/458/862 2758/457/862 2759/456/862
f 2760/457/863 2761/454/863 2762/456/863
f 2763/456/864 2764/454/864 2765/455/864
f 2766/454/865 2767/453/865 2768/455/865
f 2769/454/866 2770/460/866 2771/453/866
f 2772/460/867 2773/458/867 2774/453/867
f 2775/453/868 2776/458/868 2777/463/868
f 2778/458/869 2779/456/869 2780/463/869
f 2781/463/870 2782/456/870 2783/463/870
f 2784/456/871 2785/455/871 2786/463/871
f 2787/183/872 2788/491/872 2789/182/872
f 2790/182/873 2791/491/873 2792/492/873
f 2793/491/874 2794/493/874 2795/492/874
f 2796/492/875 2797/493/875 2798/494/875
f 2799/493/876 2800/495/876 2801/494/876
f 2802/494/877 2803/495/877 2804/242/877
f 2805/495/878 2806/496/878 2807/242/878
f 2808/242/879 2809/496/879 2810/240/879
f 2811/496/880 2812/497/880 2813/240/880
f 2814/240/881 2815/497/881 2816/239/881
f 2817/497/882 2818/498/882 2819/239/882
f 2820/239/883 2821/498/883 2822/237/883
f 2823/498/884 2824/499/884 2825/237/884
f 2826/237/885 2827/499/885 2828/500/885
f 2829/501/886 2830/497/886 2831/502/886
f 2832/497/887 2833/496/887 2834/502/887
f 2835/502/888 2836/496/888 2837/503/888
f 2838/496/889 2839/504/889 2840/503/889
f 2841/503/890 2842/504/890 2843/505/890
f 2844/504/891 2845/506/891 2846/505/891
f 2847/505/892 2848/506/892 2849/507/892
f 2850/506/893 2851/508/893 2852/507/893
f 2853/507/894 2854/508/894 2855/509/894
f 2856/508/895 2857/510/895 2858/509/895
f 2859/509/896 2860/510/896 2861/511/896
f 2862/510/897 2863/491/897 2864/511/897
f 2865/511/898 2866/491/898 2867/194/898
f 2868/491/899 2869/188/899 2870/194/899
f 2871/512/900 2872/513/900 2873/507/900
f 2874/507/901 2875/513/901 2876/505/901
f 2877/513/902 2878/514/902 2879/505/902
f 2880/505/903 2881/514/903 2882/503/903
f 2883/514/904 2884/515/904 2885/503/904
f 2886/503/905 2887/515/905 2888/502/905
f 2889/515/906 2890/501/906 2891/502/906
f 2892/512/907 2893/516/907 2894/513/907
f 2895/513/908 2896/516/908 2897/514/908
f 2898/516/909 2899/517/909 2900/514/909
f 2901/514/910 2902/517/910 2903/515/910
f 2904/517/911 2905/518/911 2906/515/911
f 2907/515/912 2908/518/912 2909/519/912
f 2910/496/913 2911/495/913 2912/504/913
f 2913/495/914 2914/493/914 2915/504/914
f 2916/504/915 2917/493/915 2918/508/915
f 2919/493/916 2920/510/916 2921/508/916
f 2922/507/917 2923/509/917 2924/520/917
f 2925/520/918 2926/509/918 2927/521/918
f 2928/509/919 2929/511/919 2930/521/919
f 2931/515/920 2932/519/920 2933/501/920
f 2934/501/921 2935/519/921 2936/522/921
f 2937/519/922 2938/523/922 2939/522/922
f 2940/182/923 2941/492/923 2942/180/923
f 2943/180/924 2944/492/924 2945/494/924
f 2946/501/925 2947/524/925 2948/497/925
f 2949/497/926 2950/524/926 2951/498/926
f 2952/504/927 2953/508/927 2954/506/927
f 2955/491/928 2956/510/928 2957/493/928
f 2958/243/929 2959/494/929 2960/242/929
f 2961/183/930 2962/188/930 2963/491/930
f 2964/525/931 2965/520/931 2966/521/931
f 2967/526/932 2968/516/932 2969/512/932
f 2970/224/933 2971/527/933 2972/223/933
f 2973/223/934 2974/527/934 2975/224/934
f 2976/251/935 2977/491/935 2978/194/935
f 2979/194/936 2980/491/936 2981/511/936
f 2982/491/937 2983/510/937 2984/511/937
s 1
f 2985/511/938 2986/510/938 2987/509/938
s 0
f 2988/510/939 2989/508/939 2990/509/939
f 2991/509/940 2992/508/940 2993/507/940
f 2994/508/941 2995/506/941 2996/507/941
f 2997/507/942 2998/506/942 2999/505/942
f 3000/506/943 3001/504/943 3002/505/943
f 3003/505/944 3004/504/944 3005/503/944
f 3006/504/945 3007/496/945 3008/503/945
f 3009/503/946 3010/496/946 3011/502/946
f 3012/496/947 3013/497/947 3014/502/947
f 3015/502/948 3016/497/948 3017/501/948
f 3018/500/949 3019/499/949 3020/237/949
f 3021/499/950 3022/498/950 3023/237/950
f 3024/237/951 3025/498/951 3026/239/951
f 3027/498/952 3028/497/952 3029/239/952
f 3030/239/953 3031/497/953 3032/240/953
f 3033/497/954 3034/496/954 3035/240/954
f 3036/240/955 3037/496/955 3038/242/955
f 3039/496/956 3040/495/956 3041/242/956
f 3042/242/957 3043/495/957 3044/494/957
f 3045/495/958 3046/493/958 3047/494/958
f 3048/494/959 3049/493/959 3050/492/959
f 3051/493/960 3052/491/960 3053/492/960
f 3054/492/961 3055/491/961 3056/182/961
f 3057/491/962 3058/183/962 3059/182/962
f 3060/507/963 3061/513/963 3062/512/963
f 3063/512/964 3064/513/964 3065/516/964
f 3066/513/965 3067/514/965 3068/516/965
f 3069/516/966 3070/514/966 3071/517/966
f 3072/514/967 3073/515/967 3074/517/967
f 3075/517/968 3076/515/968 3077/518/968
f 3078/515/969 3079/519/969 3080/518/969
f 3081/507/970 3082/505/970 3083/513/970
f 3084/513/971 3085/505/971 3086/514/971
f 3087/505/972 3088/503/972 3089/514/972
f 3090/514/973 3091/503/973 3092/515/973
f 3093/503/974 3094/502/974 3095/515/974
f 3096/515/975 3097/502/975 3098/501/975
f 3099/510/976 3100/493/976 3101/508/976
f 3102/508/977 3103/493/977 3104/504/977
f 3105/493/978 3106/495/978 3107/504/978
f 3108/504/979 3109/495/979 3110/496/979
f 3111/511/980 3112/509/980 3113/521/980
f 3114/521/981 3115/509/981 3116/520/981
f 3117/509/982 3118/507/982 3119/520/982
f 3120/523/983 3121/519/983 3122/522/983
f 3123/522/984 3124/519/984 3125/501/984
f 3126/519/985 3127/515/985 3128/501/985
f 3129/182/986 3130/180/986 3131/492/986
f 3132/492/987 3133/180/987 3134/494/987
f 3135/501/988 3136/497/988 3137/524/988
f 3138/524/989 3139/497/989 3140/498/989
f 3141/508/990 3142/504/990 3143/506/990
f 3144/510/991 3145/491/991 3146/493/991
f 3147/243/992 3148/242/992 3149/494/992
f 3150/525/993 3151/521/993 3152/520/993
f 3153/526/994 3154/512/994 3155/516/994
s 1
f 3156/251/995 3157/183/995 3158/491/995
s 0
f 3159/528/996 3160/529/996 3161/530/996
f 3162/530/997 3163/529/997 3164/531/997
f 3165/529/998 3166/530/998 3167/531/998
f 3168/531/999 3169/530/999 3170/532/999
f 3171/532/1000 3172/530/1000 3173/531/1000
f 3174/528/1001 3175/530/1001 3176/529/1001
f 3177/530/1002 3178/531/1002 3179/532/1002
f 3180/532/1003 3181/531/1003 3182/530/1003
f 3183/531/1004 3184/529/1004 3185/530/1004
f 3186/530/1005 3187/529/1005 3188/528/1005
f 3189/528/1006 3190/529/1006 3191/530/1006
f 3192/530/1007 3193/529/1007 3194/531/1007
f 3195/244/1008 3196/245/1008 3197/533/1008
f 3198/494/1009 3199/243/1009 3200/180/1009
f 3201/534/1010 3202/535/1010 3203/536/1010
f 3204/535/1011 3205/537/1011 3206/536/1011
f 3207/536/1012 3208/537/1012 3209/538/1012
f 3210/537/1013 3211/539/1013 3212/538/1013
f 3213/538/1014 3214/539/1014 3215/540/1014
f 3216/539/1015 3217/541/1015 3218/540/1015
f 3219/542/1016 3220/541/1016 3221/539/1016
f 3222/534/1017 3223/536/1017 3224/535/1017
f 3225/535/1018 3226/536/1018 3227/537/1018
f 3228/536/1019 3229/538/1019 3230/537/1019
f 3231/537/1020 3232/538/1020 3233/539/1020
f 3234/538/1021 3235/540/1021 3236/539/1021
f 3237/539/1022 3238/540/1022 3239/541/1022
f 3240/542/1023 3241/539/1023 3242/541/1023
f 3243/543/1024 3244/544/1024 3245/545/1024
f 3246/545/1024 3247/544/1024 3248/546/1024
f 3249/417/1025 3250/419/1025 3251/547/1025
f 3252/419/1026 3253/418/1026 3254/548/1026
f 3255/418/1027 3256/549/1027 3257/548/1027
f 3258/548/1028 3259/549/1028 3260/550/1028
f 3261/549/1028 3262/551/1028 3263/550/1028
f 3264/550/1029 3265/551/1029 3266/552/1029
f 3267/551/1030 3268/553/1030 3269/552/1030
f 3270/554/1031 3271/555/1031 3272/556/1031
f 3273/556/1032 3274/555/1032 3275/557/1032
f 3276/555/1033 3277/558/1033 3278/557/1033
f 3279/557/1034 3280/558/1034 3281/559/1034
f 3282/558/1035 3283/560/1035 3284/559/1035
f 3285/559/1036 3286/560/1036 3287/561/1036
f 3288/562/1037 3289/563/1037 3290/564/1037
f 3291/564/1038 3292/563/1038 3293/565/1038
f 3294/563/1039 3295/554/1039 3296/565/1039
f 3297/565/1039 3298/554/1039 3299/556/1039
f 3300/41/1040 3301/566/1040 3302/39/1040
f 3303/39/1041 3304/566/1041 3305/567/1041
s 1
f 3306/566/1042 3307/39/1042 3308/567/1042
s 0
f 3309/567/1043 3310/39/1043 3311/568/1043
f 3312/39/1044 3313/569/1044 3314/568/1044
f 3315/568/1045 3316/569/1045 3317/39/1045
f 3318/569/1046 3319/570/1046 3320/39/1046
f 3321/39/1047 3322/570/1047 3323/41/1047
f 3324/570/1048 3325/571/1048 3326/41/1048
f 3327/41/1049 3328/571/1049 3329/39/1049
f 3330/571/1050 3331/572/1050 3332/39/1050
f 3333/39/1051 3334/572/1051 3335/573/1051
f 3336/572/1052 3337/574/1052 3338/573/1052
f 3339/573/1053 3340/574/1053 3341/570/1053
f 3342/574/1054 3343/575/1054 3344/570/1054
f 3345/570/1055 3346/575/1055 3347/571/1055
f 3348/575/1056 3349/576/1056 3350/571/1056
f 3351/571/1057 3352/576/1057 3353/577/1057
f 3354/576/1058 3355/578/1058 3356/577/1058
f 3357/577/1059 3358/578/1059 3359/579/1059
f 3360/578/1060 3361/580/1060 3362/579/1060
f 3363/579/1061 3364/580/1061 3365/578/1061
f 3366/580/1062 3367/35/1062 3368/578/1062
f 3369/578/1063 3370/35/1063 3371/581/1063
f 3372/35/1064 3373/578/1064 3374/581/1064
f 3375/581/1065 3376/578/1065 3377/582/1065
f 3378/578/1066 3379/576/1066 3380/582/1066
f 3381/582/1067 3382/576/1067 3383/578/1067
f 3384/576/1068 3385/575/1068 3386/578/1068
f 3387/578/1069 3388/575/1069 3389/579/1069
f 3390/575/1070 3391/574/1070 3392/579/1070
f 3393/579/1071 3394/574/1071 3395/577/1071
f 3396/574/1072 3397/572/1072 3398/577/1072
f 3399/577/1073 3400/572/1073 3401/571/1073
f 3402/570/1074 3403/569/1074 3404/573/1074
s 1
f 3405/573/1075 3406/569/1075 3407/39/1075
s 0
f 3408/580/1076 3409/578/1076 3410/35/1076
f 3411/578/1077 3412/581/1077 3413/582/1077
s 1
f 3414/41/1078 3415/39/1078 3416/566/1078
s 0
f 3417/39/1079 3418/567/1079 3419/568/1079
f 3420/150/1080 3421/583/1080 3422/149/1080
f 3423/149/1081 3424/583/1081 3425/148/1081
f 3426/583/1082 3427/147/1082 3428/148/1082
f 3429/151/1083 3430/583/1083 3431/150/1083
f 3432/132/1084 3433/584/1084 3434/131/1084
f 3435/131/1085 3436/584/1085 3437/152/1085
f 3438/584/1086 3439/151/1086 3440/152/1086
f 3441/167/1087 3442/584/1087 3443/132/1087
f 3444/39/1088 3445/570/1088 3446/569/1088
f 3447/569/1089 3448/570/1089 3449/573/1089
f 3450/570/1090 3451/574/1090 3452/573/1090
f 3453/573/1091 3454/574/1091 3455/572/1091
f 3456/574/1092 3457/577/1092 3458/572/1092
f 3459/572/1093 3460/577/1093 3461/571/1093
f 3462/577/1094 3463/576/1094 3464/571/1094
f 3465/571/1095 3466/576/1095 3467/575/1095
f 3468/576/1096 3469/578/1096 3470/575/1096
f 3471/575/1097 3472/578/1097 3473/579/1097
f 3474/578/1098 3475/580/1098 3476/579/1098
f 3477/579/1099 3478/580/1099 3479/578/1099
f 3480/580/1100 3481/35/1100 3482/578/1100
f 3483/578/1101 3484/35/1101 3485/581/1101
f 3486/35/1102 3487/578/1102 3488/581/1102
f 3489/581/1103 3490/578/1103 3491/582/1103
f 3492/578/1104 3493/576/1104 3494/582/1104
f 3495/582/1105 3496/576/1105 3497/578/1105
f 3498/576/1106 3499/577/1106 3500/578/1106
f 3501/578/1107 3502/577/1107 3503/579/1107
f 3504/577/1108 3505/574/1108 3506/579/1108
f 3507/579/1109 3508/574/1109 3509/575/1109
f 3510/574/1110 3511/570/1110 3512/575/1110
f 3513/575/1111 3514/570/1111 3515/571/1111
f 3516/570/1112 3517/41/1112 3518/571/1112
f 3519/571/1113 3520/41/1113 3521/39/1113
f 3522/41/1114 3523/566/1114 3524/39/1114
f 3525/39/1115 3526/566/1115 3527/567/1115
f 3528/566/1116 3529/39/1116 3530/567/1116
f 3531/567/1117 3532/39/1117 3533/568/1117
f 3534/39/1118 3535/569/1118 3536/568/1118
f 3537/568/1119 3538/569/1119 3539/39/1119
f 3540/569/1120 3541/573/1120 3542/39/1120
f 3543/39/1121 3544/573/1121 3545/572/1121
f 3546/570/1122 3547/39/1122 3548/41/1122
f 3549/41/1123 3550/39/1123 3551/566/1123
f 3552/578/1124 3553/581/1124 3554/582/1124
f 3555/568/1125 3556/39/1125 3557/567/1125
f 3558/580/1126 3559/578/1126 3560/35/1126
f 3561/571/1127 3562/39/1127 3563/572/1127
f 3564/585/1128 3565/586/1128 3566/587/1128
f 3567/587/1129 3568/586/1129 3569/588/1129
f 3570/586/1130 3571/589/1130 3572/588/1130
f 3573/588/1131 3574/589/1131 3575/590/1131
f 3576/589/1132 3577/591/1132 3578/590/1132
f 3579/590/1133 3580/591/1133 3581/592/1133
f 3582/591/1134 3583/593/1134 3584/592/1134
f 3585/592/1135 3586/593/1135 3587/594/1135
f 3588/593/1136 3589/595/1136 3590/594/1136
f 3591/594/1137 3592/595/1137 3593/596/1137
f 3594/595/1138 3595/597/1138 3596/596/1138
f 3597/596/1139 3598/597/1139 3599/598/1139
f 3600/597/1140 3601/599/1140 3602/598/1140
f 3603/598/1141 3604/599/1141 3605/600/1141
f 3606/599/1142 3607/585/1142 3608/600/1142
f 3609/600/1143 3610/585/1143 3611/587/1143
f 3612/601/1144 3613/602/1144 3614/588/1144
f 3615/588/1145 3616/602/1145 3617/587/1145
f 3618/602/1146 3619/603/1146 3620/587/1146
f 3621/587/1147 3622/603/1147 3623/600/1147
f 3624/603/1148 3625/604/1148 3626/600/1148
f 3627/600/1149 3628/604/1149 3629/598/1149
f 3630/604/1150 3631/605/1150 3632/598/1150
f 3633/598/1151 3634/605/1151 3635/596/1151
f 3636/605/1152 3637/606/1152 3638/596/1152
f 3639/596/1153 3640/606/1153 3641/594/1153
f 3642/606/1154 3643/607/1154 3644/594/1154
f 3645/594/1155 3646/607/1155 3647/592/1155
f 3648/607/1156 3649/608/1156 3650/592/1156
f 3651/592/1157 3652/608/1157 3653/590/1157
f 3654/608/1158 3655/601/1158 3656/590/1158
f 3657/590/1159 3658/601/1159 3659/588/1159
f 3660/597/1160 3661/605/1160 3662/599/1160
f 3663/585/1161 3664/599/1161 3665/604/1161
f 3666/604/1162 3667/599/1162 3668/605/1162
f 3669/603/1163 3670/585/1163 3671/604/1163
f 3672/585/1164 3673/603/1164 3674/586/1164
f 3675/602/1165 3676/586/1165 3677/603/1165
f 3678/605/1166 3679/597/1166 3680/606/1166
f 3681/595/1167 3682/606/1167 3683/597/1167
f 3684/606/1168 3685/595/1168 3686/607/1168
f 3687/593/1169 3688/607/1169 3689/595/1169
f 3690/607/1170 3691/593/1170 3692/608/1170
f 3693/591/1171 3694/608/1171 3695/593/1171
f 3696/608/1172 3697/591/1172 3698/601/1172
f 3699/589/1173 3700/601/1173 3701/591/1173
f 3702/602/1174 3703/601/1174 3704/586/1174
f 3705/586/1175 3706/601/1175 3707/589/1175
f 3708/609/1176 3709/609/1176 3710/610/1176
f 3711/609/1177 3712/611/1177 3713/610/1177
f 3714/610/1178 3715/611/1178 3716/612/1178
f 3717/611/1179 3718/613/1179 3719/612/1179
f 3720/612/1180 3721/613/1180 3722/610/1180
f 3723/613/1181 3724/611/1181 3725/610/1181
f 3726/610/1182 3727/611/1182 3728/614/1182
f 3729/611/1183 3730/614/1183 3731/614/1183
f 3732/614/1184 3733/614/1184 3734/613/1184
f 3735/614/1185 3736/613/1185 3737/613/1185
f 3738/615/1186 3739/609/1186 3740/616/1186
s 1
f 3741/609/1187 3742/610/1187 3743/616/1187
s 0
f 3744/616/1188 3745/610/1188 3746/617/1188
f 3747/610/1189 3748/612/1189 3749/617/1189
f 3750/617/1190 3751/612/1190 3752/616/1190
f 3753/612/1191 3754/610/1191 3755/616/1191
f 3756/616/1192 3757/618/1192 3758/617/1192
f 3759/618/1193 3760/619/1193 3761/617/1193
f 3762/617/1194 3763/619/1194 3764/616/1194
f 3765/619/1195 3766/618/1195 3767/616/1195
f 3768/616/1196 3769/618/1196 3770/615/1196
f 3771/618/1197 3772/620/1197 3773/615/1197
f 3774/621/1198 3775/622/1198 3776/623/1198
f 3777/623/1199 3778/622/1199 3779/624/1199
f 3780/622/1200 3781/625/1200 3782/624/1200
f 3783/624/1201 3784/625/1201 3785/626/1201
f 3786/623/1202 3787/624/1202 3788/613/1202
f 3789/613/1203 3790/624/1203 3791/614/1203
f 3792/624/1204 3793/610/1204 3794/614/1204
f 3795/610/1205 3796/624/1205 3797/626/1205
f 3798/627/1206 3799/628/1206 3800/625/1206
f 3801/613/1207 3802/613/1207 3803/614/1207
f 3804/613/1207 3805/614/1207 3806/614/1207
f 3807/614/1208 3808/614/1208 3809/610/1208
f 3810/614/1209 3811/611/1209 3812/610/1209
f 3813/610/1210 3814/611/1210 3815/612/1210
f 3816/611/1211 3817/613/1211 3818/612/1211
f 3819/612/1212 3820/613/1212 3821/610/1212
f 3822/613/1213 3823/611/1213 3824/610/1213
f 3825/610/1214 3826/611/1214 3827/609/1214
f 3828/611/1215 3829/609/1215 3830/609/1215
f 3831/615/1216 3832/616/1216 3833/609/1216
f 3834/609/1217 3835/616/1217 3836/610/1217
f 3837/616/1218 3838/617/1218 3839/610/1218
f 3840/610/1219 3841/617/1219 3842/612/1219
f 3843/617/1220 3844/616/1220 3845/612/1220
f 3846/612/1221 3847/616/1221 3848/610/1221
f 3849/620/1222 3850/618/1222 3851/615/1222
f 3852/615/1223 3853/618/1223 3854/616/1223
s 1
f 3855/618/1224 3856/619/1224 3857/616/1224
s 0
f 3858/616/1225 3859/619/1225 3860/617/1225
f 3861/619/1226 3862/618/1226 3863/617/1226
f 3864/617/1227 3865/618/1227 3866/616/1227
f 3867/621/1228 3868/623/1228 3869/622/1228
f 3870/622/1229 3871/623/1229 3872/624/1229
f 3873/623/1230 3874/613/1230 3875/624/1230
f 3876/624/1231 3877/613/1231 3878/614/1231
f 3879/622/1232 3880/624/1232 3881/625/1232
f 3882/625/1233 3883/624/1233 3884/626/1233
f 3885/624/1234 3886/610/1234 3887/626/1234
f 3888/610/1235 3889/624/1235 3890/614/1235
f 3891/629/1236 3892/630/1236 3893/631/1236
f 3894/631/1237 3895/630/1237 3896/629/1237
f 3897/630/1238 3898/632/1238 3899/629/1238
f 3900/629/1239 3901/632/1239 3902/633/1239
f 3903/629/1240 3904/633/1240 3905/634/1240
f 3906/634/1241 3907/633/1241 3908/631/1241
f 3909/633/1242 3910/630/1242 3911/631/1242
f 3912/632/1243 3913/630/1243 3914/629/1243
f 3915/630/1244 3916/629/1244 3917/632/1244
f 3918/632/1245 3919/629/1245 3920/633/1245
f 3921/629/1246 3922/634/1246 3923/633/1246
f 3924/633/1247 3925/634/1247 3926/631/1247
f 3927/629/1248 3928/630/1248 3929/631/1248
f 3930/631/1249 3931/630/1249 3932/629/1249
f 3933/630/1250 3934/632/1250 3935/629/1250
f 3936/630/1251 3937/633/1251 3938/631/1251
f 3939/635/1252 3940/636/1252 3941/637/1252
s 1
f 3942/637/1253 3943/636/1253 3944/638/1253
s 0
f 3945/636/1254 3946/639/1254 3947/638/1254
f 3948/638/1255 3949/639/1255 3950/640/1255
f 3951/639/1256 3952/641/1256 3953/640/1256
f 3954/642/1257 3955/643/1257 3956/635/1257
f 3957/635/1258 3958/643/1258 3959/636/1258
f 3960/641/1259 3961/639/1259 3962/640/1259
f 3963/640/1260 3964/639/1260 3965/638/1260
f 3966/639/1261 3967/636/1261 3968/638/1261
f 3969/638/1262 3970/636/1262 3971/637/1262
f 3972/636/1263 3973/635/1263 3974/637/1263
f 3975/642/1257 3976/635/1257 3977/643/1257
f 3978/643/1258 3979/635/1258 3980/636/1258
f 3981/644/1264 3982/645/1264 3983/646/1264
f 3984/646/1265 3985/645/1265 3986/647/1265
f 3987/647/1266 3988/645/1266 3989/646/1266
f 3990/646/1267 3991/645/1267 3992/644/1267
f 3993/628/1268 3994/627/1268 3995/625/1268
f 3996/615/1269 3997/609/1269 3998/616/1269
f 3999/609/1270 4000/610/1270 4001/616/1270
f 4002/616/1271 4003/610/1271 4004/617/1271
f 4005/610/1272 4006/612/1272 4007/617/1272
f 4008/617/1273 4009/612/1273 4010/616/1273
f 4011/612/1274 4012/610/1274 4013/616/1274
f 4014/616/1275 4015/618/1275 4016/617/1275
f 4017/618/1276 4018/619/1276 4019/617/1276
f 4020/617/1277 4021/619/1277 4022/616/1277
f 4023/619/1278 4024/618/1278 4025/616/1278
f 4026/616/1279 4027/618/1279 4028/615/1279
f 4029/618/1280 4030/620/1280 4031/615/1280
f 4032/621/1281 4033/622/1281 4034/623/1281
f 4035/623/1282 4036/622/1282 4037/624/1282
f 4038/622/1283 4039/625/1283 4040/624/1283
f 4041/624/1284 4042/625/1284 4043/626/1284
f 4044/623/1285 4045/624/1285 4046/613/1285
f 4047/613/1286 4048/624/1286 4049/614/1286
f 4050/624/1287 4051/610/1287 4052/614/1287
f 4053/610/1288 4054/624/1288 4055/626/1288
f 4056/627/1289 4057/628/1289 4058/625/1289
f 4059/615/1290 4060/616/1290 4061/609/1290
f 4062/609/1291 4063/616/1291 4064/610/1291
f 4065/616/1292 4066/617/1292 4067/610/1292
f 4068/610/1293 4069/617/1293 4070/612/1293
f 4071/617/1294 4072/616/1294 4073/612/1294
f 4074/612/1295 4075/616/1295 4076/610/1295
f 4077/620/1296 4078/618/1296 4079/615/1296
f 4080/615/1297 4081/618/1297 4082/616/1297
f 4083/618/1298 4084/619/1298 4085/616/1298
f 4086/616/1299 4087/619/1299 4088/617/1299
f 4089/619/1300 4090/618/1300 4091/617/1300
f 4092/617/1301 4093/618/1301 4094/616/1301
f 4095/621/1302 4096/623/1302 4097/622/1302
f 4098/622/1303 4099/623/1303 4100/624/1303
f 4101/623/1304 4102/613/1304 4103/624/1304
f 4104/624/1305 4105/613/1305 4106/614/1305
f 4107/622/1306 4108/624/1306 4109/625/1306
f 4110/625/1307 4111/624/1307 4112/626/1307
f 4113/624/1308 4114/610/1308 4115/626/1308
f 4116/610/1309 4117/624/1309 4118/614/1309
f 4119/628/1310 4120/627/1310 4121/625/1310
f 4122/472/1311 4123/470/1311 4124/471/1311
f 4125/471/1312 4126/470/1312 4127/469/1312
f 4128/470/1313 4129/465/1313 4130/469/1313
f 4131/469/1314 4132/465/1314 4133/648/1314
f 4134/465/1314 4135/649/1314 4136/648/1314
f 4137/648/1315 4138/649/1315 4139/648/1315
f 4140/649/1316 4141/650/1316 4142/648/1316
f 4143/649/1317 4144/465/1317 4145/648/1317
f 4146/465/1317 4147/469/1317 4148/648/1317
f 4149/648/1318 4150/469/1318 4151/445/1318
f 4152/469/1318 4153/471/1318 4154/445/1318
f 4155/471/1319 4156/469/1319 4157/445/1319
f 4158/445/1320 4159/469/1320 4160/648/1320
f 4161/445/1321 4162/648/1321 4163/445/1321
f 4164/445/1322 4165/648/1322 4166/648/1322
f 4167/464/609 4168/650/609 4169/465/609
f 4169/465/609 4168/650/609 4170/649/609
f 4171/473/1323 4172/465/1323 4173/470/1323
f 4174/484/1324 4175/475/1324 4176/485/1324
f 4177/485/1324 4178/475/1324 4179/486/1324
f 4180/475/1324 4181/478/1324 4182/486/1324
f 4183/486/1325 4184/478/1325 4185/487/1325
f 4186/478/1326 4187/480/1326 4188/487/1326
f 4189/487/1327 4190/480/1327 4191/488/1327
f 4192/480/1327 4193/482/1327 4194/488/1327
f 4195/488/1327 4196/482/1327 4197/489/1327
f 4198/483/1328 4199/482/1328 4200/481/1328
f 4201/482/1328 4202/480/1328 4203/481/1328
f 4204/481/1329 4205/480/1329 4206/479/1329
f 4207/480/1330 4208/478/1330 4209/479/1330
f 4210/479/1331 4211/478/1331 4212/477/1331
f 4213/478/1331 4214/475/1331 4215/477/1331
f 4216/477/1332 4217/475/1332 4218/476/1332
f 4219/475/1333 4220/474/1333 4221/476/1333
f 4222/475/1334 4223/484/1334 4224/474/1334
f 4225/474/1335 4226/484/1335 4227/490/1335
