# Blender 5.2.0 LTS
# www.blender.org
mtllib Untitled.mtl
o Object_2
v 0.073785 1.383226 0.033340
v 0.069146 1.389458 0.045535
v 0.079157 1.360614 0.037511
v 0.079157 1.360614 0.037511
v 0.069146 1.389458 0.045535
v 0.073785 1.367811 0.051584
v 0.069146 1.389458 0.045535
v 0.056487 1.394010 0.054459
v 0.073785 1.367811 0.051584
v 0.073785 1.367811 0.051584
v 0.056487 1.394010 0.054459
v 0.059160 1.373078 0.061891
v 0.056487 1.394010 0.054459
v 0.039162 1.395689 0.057725
v 0.059160 1.373078 0.061891
v 0.059160 1.373078 0.061891
v 0.039162 1.395689 0.057725
v 0.039162 1.375008 0.065661
v 0.039162 1.395689 0.057725
v 0.021863 1.394010 0.054459
v 0.039162 1.375008 0.065661
v 0.039162 1.375008 0.065661
v 0.021863 1.394010 0.054459
v 0.019190 1.373078 0.061891
v 0.021863 1.394010 0.054459
v 0.004539 1.367811 0.051584
v 0.019190 1.373078 0.061891
v 0.073785 1.383226 0.033340
v 0.056487 1.403376 0.037326
v 0.069146 1.389458 0.045535
v 0.056487 1.403376 0.037326
v 0.049174 1.405998 0.042479
v 0.069146 1.389458 0.045535
v 0.069146 1.389458 0.045535
v 0.049174 1.405998 0.042479
v 0.056487 1.394010 0.054459
v 0.049174 1.405998 0.042479
v 0.039162 1.406963 0.044367
v 0.056487 1.394010 0.054459
v 0.056487 1.394010 0.054459
v 0.039162 1.406963 0.044367
v 0.039162 1.395689 0.057725
v 0.039162 1.406963 0.044367
v 0.021863 1.394010 0.054459
v 0.039162 1.395689 0.057725
v 0.009179 1.330972 0.043535
v 0.021863 1.325424 0.052114
v 0.004539 1.351844 0.051038
v 0.004539 1.351844 0.051038
v 0.021863 1.325424 0.052114
v 0.019190 1.345445 0.060946
v 0.021863 1.325424 0.052114
v 0.039162 1.323376 0.055252
v 0.019190 1.345445 0.060946
v 0.019190 1.345445 0.060946
v 0.039162 1.323376 0.055252
v 0.039162 1.343097 0.064572
v 0.039162 1.323376 0.055252
v 0.056487 1.325424 0.052114
v 0.039162 1.343097 0.064572
v 0.039162 1.343097 0.064572
v 0.056487 1.325424 0.052114
v 0.059160 1.345445 0.060946
v 0.056487 1.325424 0.052114
v 0.069146 1.330972 0.043535
v 0.059160 1.345445 0.060946
v 0.059160 1.345445 0.060946
v 0.069146 1.330972 0.043535
v 0.073785 1.351844 0.051038
v 0.069146 1.330972 0.043535
v 0.079157 1.360614 0.037511
v 0.073785 1.351844 0.051038
v 0.069146 1.330972 0.043535
v 0.056487 1.325424 0.052114
v 0.049174 1.314819 0.039360
v 0.056487 1.325424 0.052114
v 0.039162 1.323376 0.055252
v 0.049174 1.314819 0.039360
v 0.049174 1.314819 0.039360
v 0.039162 1.323376 0.055252
v 0.039162 1.313644 0.041175
v 0.039162 1.323376 0.055252
v 0.021863 1.325424 0.052114
v 0.039162 1.313644 0.041175
v 0.039162 1.313644 0.041175
v 0.021863 1.325424 0.052114
v 0.029176 1.314819 0.039360
v 0.021863 1.325424 0.052114
v 0.009179 1.330972 0.043535
v 0.029176 1.314819 0.039360
v -0.079157 1.360614 0.037511
v -0.069145 1.330972 0.043535
v -0.073785 1.351844 0.051038
v -0.073785 1.351844 0.051038
v -0.069145 1.330972 0.043535
v -0.059159 1.345445 0.060946
v -0.069145 1.330972 0.043535
v -0.056486 1.325424 0.052114
v -0.059159 1.345445 0.060946
v -0.059159 1.345445 0.060946
v -0.056486 1.325424 0.052114
v -0.039162 1.343097 0.064572
v -0.056486 1.325424 0.052114
v -0.039162 1.323376 0.055252
v -0.039162 1.343097 0.064572
v -0.039162 1.343097 0.064572
v -0.039162 1.323376 0.055252
v -0.019190 1.345445 0.060946
v -0.039162 1.323376 0.055252
v -0.021863 1.325424 0.052114
v -0.019190 1.345445 0.060946
v -0.019190 1.345445 0.060946
v -0.021863 1.325424 0.052114
v -0.004539 1.351844 0.051038
v -0.021863 1.325424 0.052114
v -0.009179 1.330972 0.043535
v -0.004539 1.351844 0.051038
v -0.069145 1.330972 0.043535
v -0.049173 1.314819 0.039360
v -0.056486 1.325424 0.052114
v -0.056486 1.325424 0.052114
v -0.049173 1.314819 0.039360
v -0.039162 1.323376 0.055252
v -0.049173 1.314819 0.039360
v -0.039162 1.313644 0.041175
v -0.039162 1.323376 0.055252
v -0.039162 1.323376 0.055252
v -0.039162 1.313644 0.041175
v -0.021863 1.325424 0.052114
v -0.039162 1.313644 0.041175
v -0.029176 1.314819 0.039360
v -0.021863 1.325424 0.052114
v -0.021863 1.325424 0.052114
v -0.029176 1.314819 0.039360
v -0.009179 1.330972 0.043535
v -0.004539 1.366626 0.051780
v -0.021863 1.392576 0.055482
v -0.019190 1.371032 0.062231
v -0.019190 1.371032 0.062231
v -0.021863 1.392576 0.055482
v -0.039162 1.372637 0.066059
v -0.021863 1.392576 0.055482
v -0.039162 1.393976 0.058797
v -0.039162 1.372637 0.066059
v -0.039162 1.372637 0.066059
v -0.039162 1.393976 0.058797
v -0.059159 1.371032 0.062231
v -0.039162 1.393976 0.058797
v -0.056486 1.392576 0.055482
v -0.059159 1.371032 0.062231
v -0.059159 1.371032 0.062231
v -0.056486 1.392576 0.055482
v -0.073785 1.366626 0.051780
v -0.056486 1.392576 0.055482
v -0.069145 1.388767 0.046434
v -0.073785 1.366626 0.051780
v -0.073785 1.366626 0.051780
v -0.069145 1.388767 0.046434
v -0.079157 1.360614 0.037511
v -0.069145 1.388767 0.046434
v -0.073785 1.383558 0.034071
v -0.079157 1.360614 0.037511
v -0.021863 1.392576 0.055482
v -0.039162 1.406382 0.045833
v -0.039162 1.393976 0.058797
v -0.039162 1.393976 0.058797
v -0.039162 1.406382 0.045833
v -0.056486 1.392576 0.055482
v -0.039162 1.406382 0.045833
v -0.049173 1.405580 0.043922
v -0.056486 1.392576 0.055482
v -0.056486 1.392576 0.055482
v -0.049173 1.405580 0.043922
v -0.069145 1.388767 0.046434
v -0.049173 1.405580 0.043922
v -0.056486 1.403376 0.038696
v -0.069145 1.388767 0.046434
v -0.069145 1.388767 0.046434
v -0.056486 1.403376 0.038696
v -0.073785 1.383558 0.034071
v 0.144444 0.237154 -0.028556
v 0.152009 0.276300 -0.026502
v 0.143309 0.235568 -0.008016
v 0.143309 0.235568 -0.008016
v 0.152009 0.276300 -0.026502
v 0.150874 0.274691 -0.005963
v 0.152009 0.276300 -0.026502
v 0.141342 0.289311 -0.025821
v 0.150874 0.274691 -0.005963
v 0.150874 0.274691 -0.005963
v 0.141342 0.289311 -0.025821
v 0.140207 0.287724 -0.005282
v 0.141342 0.289311 -0.025821
v 0.129944 0.276287 -0.026235
v 0.140207 0.287724 -0.005282
v 0.140207 0.287724 -0.005282
v 0.129944 0.276287 -0.026235
v 0.128835 0.274677 -0.005696
v 0.129944 0.276287 -0.026235
v 0.130650 0.261469 -0.006115
v 0.128835 0.274677 -0.005696
v 0.131785 0.263056 -0.026655
v 0.130650 0.261469 -0.006115
v 0.129944 0.276287 -0.026235
v 0.012735 0.236031 -0.006245
v 0.005169 0.275259 -0.005811
v 0.013869 0.236514 -0.026819
v 0.013869 0.236514 -0.026819
v 0.005169 0.275259 -0.005811
v 0.006304 0.275718 -0.026386
v 0.005169 0.275259 -0.005811
v 0.015862 0.288297 -0.005664
v 0.006304 0.275718 -0.026386
v 0.006304 0.275718 -0.026386
v 0.015862 0.288297 -0.005664
v 0.016971 0.288779 -0.026244
v 0.015862 0.288297 -0.005664
v 0.027235 0.275273 -0.006078
v 0.016971 0.288779 -0.026244
v 0.016971 0.288779 -0.026244
v 0.027235 0.275273 -0.006078
v 0.028369 0.275732 -0.026658
v 0.027235 0.275273 -0.006078
v 0.026528 0.262524 -0.027077
v 0.028369 0.275732 -0.026658
v 0.025394 0.262042 -0.006498
v 0.026528 0.262524 -0.027077
v 0.027235 0.275273 -0.006078
v 0.112342 0.252580 -0.018623
v 0.079409 0.375097 0.019896
v 0.080140 0.230397 0.009096
v 0.080140 0.230397 0.009096
v 0.079409 0.375097 0.019896
v 0.037901 0.257642 -0.018463
v 0.079409 0.375097 0.019896
v 0.037170 0.376525 -0.008468
v 0.037901 0.257642 -0.018463
v 0.037901 0.257642 -0.018463
v 0.037170 0.376525 -0.008468
v 0.079409 0.377952 -0.036832
v 0.037170 0.376525 -0.008468
v 0.078703 0.403976 -0.028191
v 0.079409 0.377952 -0.036832
v 0.079409 0.377952 -0.036832
v 0.078703 0.403976 -0.028191
v 0.112040 0.376524 -0.008463
v 0.078703 0.403976 -0.028191
v 0.118243 0.402910 -0.007014
v 0.112040 0.376524 -0.008463
v 0.112040 0.376524 -0.008463
v 0.118243 0.402910 -0.007014
v 0.078703 0.401845 0.014143
v 0.037901 0.257642 -0.018463
v 0.079409 0.377952 -0.036832
v 0.080140 0.233253 -0.047666
v 0.080140 0.233253 -0.047666
v 0.079409 0.377952 -0.036832
v 0.112342 0.252580 -0.018623
v 0.079409 0.377952 -0.036832
v 0.112040 0.376524 -0.008463
v 0.112342 0.252580 -0.018623
v 0.112342 0.252580 -0.018623
v 0.112040 0.376524 -0.008463
v 0.079409 0.375097 0.019896
v 0.112040 0.376524 -0.008463
v 0.078703 0.401845 0.014143
v 0.079409 0.375097 0.019896
v 0.079409 0.375097 0.019896
v 0.078703 0.401845 0.014143
v 0.037170 0.376525 -0.008468
v 0.078703 0.401845 0.014143
v 0.030790 0.402911 -0.007029
v 0.037170 0.376525 -0.008468
v 0.037170 0.376525 -0.008468
v 0.030790 0.402911 -0.007029
v 0.078703 0.403976 -0.028191
v 0.147193 0.280078 -0.017750
v 0.080039 0.237156 -0.062947
v 0.080039 0.232180 0.035944
v 0.080039 0.232180 0.035944
v 0.080039 0.237156 -0.062947
v 0.009835 0.276465 -0.017865
v -0.130650 0.261469 -0.006115
v -0.129944 0.276287 -0.026235
v -0.128835 0.274677 -0.005696
v -0.128835 0.274677 -0.005696
v -0.129944 0.276287 -0.026235
v -0.140208 0.287724 -0.005282
v -0.129944 0.276287 -0.026235
v -0.141342 0.289311 -0.025821
v -0.140208 0.287724 -0.005282
v -0.140208 0.287724 -0.005282
v -0.141342 0.289311 -0.025821
v -0.150874 0.274691 -0.005963
v -0.141342 0.289311 -0.025821
v -0.152009 0.276300 -0.026502
v -0.150874 0.274691 -0.005963
v -0.150874 0.274691 -0.005963
v -0.152009 0.276300 -0.026502
v -0.143309 0.235568 -0.008016
v -0.152009 0.276300 -0.026502
v -0.144444 0.237154 -0.028556
v -0.143309 0.235568 -0.008016
v -0.131785 0.263056 -0.026655
v -0.129944 0.276287 -0.026235
v -0.130650 0.261469 -0.006115
v -0.026529 0.262524 -0.027077
v -0.027235 0.275273 -0.006078
v -0.028369 0.275732 -0.026658
v -0.028369 0.275732 -0.026658
v -0.027235 0.275273 -0.006078
v -0.016971 0.288779 -0.026244
v -0.027235 0.275273 -0.006078
v -0.015862 0.288297 -0.005664
v -0.016971 0.288779 -0.026244
v -0.016971 0.288779 -0.026244
v -0.015862 0.288297 -0.005664
v -0.006304 0.275718 -0.026386
v -0.015862 0.288297 -0.005664
v -0.005170 0.275259 -0.005811
v -0.006304 0.275718 -0.026386
v -0.006304 0.275718 -0.026386
v -0.005170 0.275259 -0.005811
v -0.013869 0.236514 -0.026819
v -0.005170 0.275259 -0.005811
v -0.012735 0.236031 -0.006245
v -0.013869 0.236514 -0.026819
v -0.025394 0.262042 -0.006498
v -0.027235 0.275273 -0.006078
v -0.026529 0.262524 -0.027077
v -0.112343 0.252580 -0.018623
v -0.079409 0.377952 -0.036832
v -0.080140 0.233253 -0.047666
v -0.080140 0.233253 -0.047666
v -0.079409 0.377952 -0.036832
v -0.037901 0.257642 -0.018463
v -0.079409 0.377952 -0.036832
v -0.037170 0.376525 -0.008468
v -0.037901 0.257642 -0.018463
v -0.037901 0.257642 -0.018463
v -0.037170 0.376525 -0.008468
v -0.079409 0.375097 0.019896
v -0.037170 0.376525 -0.008468
v -0.078703 0.401845 0.014143
v -0.079409 0.375097 0.019896
v -0.079409 0.375097 0.019896
v -0.078703 0.401845 0.014143
v -0.112040 0.376524 -0.008463
v -0.078703 0.401845 0.014143
v -0.118243 0.402910 -0.007014
v -0.112040 0.376524 -0.008463
v -0.112040 0.376524 -0.008463
v -0.118243 0.402910 -0.007014
v -0.078703 0.403976 -0.028191
v -0.037901 0.257642 -0.018463
v -0.079409 0.375097 0.019896
v -0.080140 0.230397 0.009096
v -0.080140 0.230397 0.009096
v -0.079409 0.375097 0.019896
v -0.112343 0.252580 -0.018623
v -0.079409 0.375097 0.019896
v -0.112040 0.376524 -0.008463
v -0.112343 0.252580 -0.018623
v -0.112343 0.252580 -0.018623
v -0.112040 0.376524 -0.008463
v -0.079409 0.377952 -0.036832
v -0.112040 0.376524 -0.008463
v -0.078703 0.403976 -0.028191
v -0.079409 0.377952 -0.036832
v -0.079409 0.377952 -0.036832
v -0.078703 0.403976 -0.028191
v -0.037170 0.376525 -0.008468
v -0.078703 0.403976 -0.028191
v -0.030790 0.402911 -0.007029
v -0.037170 0.376525 -0.008468
v -0.037170 0.376525 -0.008468
v -0.030790 0.402911 -0.007029
v -0.078703 0.401845 0.014143
v -0.147193 0.280078 -0.017750
v -0.080039 0.232180 0.035944
v -0.080039 0.237156 -0.062947
v -0.080039 0.237156 -0.062947
v -0.080039 0.232180 0.035944
v -0.009835 0.276465 -0.017865
v 0.107324 0.974174 0.002352
v 0.147848 1.016761 -0.021387
v 0.147848 0.979927 0.002535
v 0.147848 0.979927 0.002535
v 0.147848 1.016761 -0.021387
v 0.300715 1.016761 -0.021387
v 0.147848 1.016761 -0.021387
v 0.133071 1.051076 0.004794
v 0.300715 1.016761 -0.021387
v 0.300715 1.051076 0.004794
v 0.133071 1.051076 0.004794
v 0.300715 1.014240 0.028721
v 0.300715 1.051076 0.004794
v 0.300715 1.051076 0.004794
v 0.300715 1.014240 0.028721
v 0.339675 1.059313 0.005055
v 0.300715 1.014240 0.028721
v 0.339675 1.015478 0.003664
v 0.339675 1.059313 0.005055
v 0.339675 1.059313 0.005055
v 0.339675 1.015478 0.003664
v 0.300715 1.016761 -0.021387
v 0.339675 1.015478 0.003664
v 0.339675 0.971045 0.002253
v 0.300715 1.016761 -0.021387
v 0.300715 1.016761 -0.021387
v 0.339675 0.971045 0.002253
v 0.300715 0.979927 0.002535
v 0.339675 0.971045 0.002253
v 0.300715 1.014240 0.028721
v 0.300715 0.979927 0.002535
v 0.300715 0.979927 0.002535
v 0.300715 1.014240 0.028721
v 0.147848 0.979927 0.002535
v 0.300715 1.014240 0.028721
v 0.147848 1.014240 0.028721
v 0.147848 0.979927 0.002535
v 0.147848 0.979927 0.002535
v 0.147848 1.014240 0.028721
v 0.107324 0.974174 0.002352
v 0.147848 1.014240 0.028721
v 0.099734 1.015501 0.003664
v 0.107324 0.974174 0.002352
v 0.107324 0.974174 0.002352
v 0.099734 1.015501 0.003664
v 0.147848 1.016761 -0.021387
v 0.099734 1.015501 0.003664
v 0.092219 1.061246 0.005117
v 0.147848 1.016761 -0.021387
v 0.147848 1.016761 -0.021387
v 0.092219 1.061246 0.005117
v 0.133071 1.051076 0.004794
v 0.092219 1.061246 0.005117
v 0.147848 1.014240 0.028721
v 0.133071 1.051076 0.004794
v 0.133071 1.051076 0.004794
v 0.147848 1.014240 0.028721
v 0.300715 1.014240 0.028721
v 0.147848 1.014240 0.028721
v 0.092219 1.061246 0.005117
v 0.099734 1.015501 0.003664
v 0.300715 1.014240 0.028721
v 0.339675 0.971045 0.002253
v 0.339675 1.015478 0.003664
v 0.339675 1.059313 0.005055
v 0.300715 1.016761 -0.021387
v 0.300715 1.051076 0.004794
v 0.300715 0.979927 0.002535
v -0.092219 1.061246 0.005117
v -0.147848 1.016761 -0.021387
v -0.133071 1.051076 0.004794
v -0.133071 1.051076 0.004794
v -0.147848 1.016761 -0.021387
v -0.300715 1.016761 -0.021387
v -0.147848 1.016761 -0.021387
v -0.147848 0.979927 0.002535
v -0.300715 1.016761 -0.021387
v -0.300715 0.979927 0.002535
v -0.147848 0.979927 0.002535
v -0.300715 1.014240 0.028721
v -0.300715 0.979927 0.002535
v -0.300715 0.979927 0.002535
v -0.300715 1.014240 0.028721
v -0.339675 0.971045 0.002253
v -0.300715 1.014240 0.028721
v -0.339675 1.015478 0.003664
v -0.339675 0.971045 0.002253
v -0.339675 0.971045 0.002253
v -0.339675 1.015478 0.003664
v -0.300715 1.016761 -0.021387
v -0.339675 1.015478 0.003664
v -0.339675 1.059313 0.005055
v -0.300715 1.016761 -0.021387
v -0.300715 1.016761 -0.021387
v -0.339675 1.059313 0.005055
v -0.300715 1.051076 0.004794
v -0.339675 1.059313 0.005055
v -0.300715 1.014240 0.028721
v -0.300715 1.051076 0.004794
v -0.300715 1.051076 0.004794
v -0.300715 1.014240 0.028721
v -0.133071 1.051076 0.004794
v -0.147848 1.014240 0.028721
v -0.133071 1.051076 0.004794
v -0.147848 1.014240 0.028721
v -0.092219 1.061246 0.005117
v -0.147848 1.014240 0.028721
v -0.099734 1.015501 0.003664
v -0.092219 1.061246 0.005117
v -0.092219 1.061246 0.005117
v -0.099734 1.015501 0.003664
v -0.147848 1.016761 -0.021387
v -0.099734 1.015501 0.003664
v -0.107324 0.974174 0.002352
v -0.147848 1.016761 -0.021387
v -0.147848 1.016761 -0.021387
v -0.107324 0.974174 0.002352
v -0.147848 0.979927 0.002535
v -0.107324 0.974174 0.002352
v -0.147848 1.014240 0.028721
v -0.147848 0.979927 0.002535
v -0.147848 0.979927 0.002535
v -0.147848 1.014240 0.028721
v -0.300715 1.014240 0.028721
v -0.099734 1.015501 0.003664
v -0.147848 1.014240 0.028721
v -0.107324 0.974174 0.002352
v -0.300715 1.016761 -0.021387
v -0.300715 1.051076 0.004794
v -0.133071 1.051076 0.004794
v -0.300715 1.016761 -0.021387
v -0.300715 0.979927 0.002535
v -0.339675 0.971045 0.002253
v -0.339675 1.015478 0.003664
v -0.300715 1.014240 0.028721
v -0.339675 1.059313 0.005055
v -0.071973 1.379601 0.050279
v -0.070069 1.379000 0.062347
v -0.058414 1.397325 0.052316
v -0.058414 1.397325 0.052316
v -0.070069 1.379000 0.062347
v -0.057312 1.396983 0.059189
v -0.070069 1.379000 0.062347
v -0.060188 1.378535 0.072104
v -0.057312 1.396983 0.059189
v -0.057312 1.396983 0.059189
v -0.060188 1.378535 0.072104
v -0.051690 1.396719 0.064747
v -0.060188 1.378535 0.072104
v -0.044994 1.378331 0.076931
v -0.051690 1.396719 0.064747
v -0.051690 1.396719 0.064747
v -0.044994 1.378331 0.076931
v -0.043024 1.396603 0.067496
v -0.044994 1.378331 0.076931
v -0.028534 1.378443 0.075534
v -0.043024 1.396603 0.067496
v -0.043024 1.396603 0.067496
v -0.028534 1.378443 0.075534
v -0.033674 1.396666 0.066701
v -0.028534 1.378443 0.075534
v -0.015244 1.378840 0.068293
v -0.033674 1.396666 0.066701
v -0.033674 1.396666 0.066701
v -0.015244 1.378840 0.068293
v -0.026084 1.396893 0.062574
v -0.015244 1.378840 0.068293
v -0.008665 1.379417 0.057139
v -0.026084 1.396893 0.062574
v -0.026084 1.396893 0.062574
v -0.008665 1.379417 0.057139
v -0.022356 1.397220 0.056226
v -0.008622 1.339632 0.055866
v -0.015198 1.339057 0.066991
v -0.022134 1.322321 0.053854
v -0.022134 1.322321 0.053854
v -0.015198 1.339057 0.066991
v -0.025862 1.321993 0.060202
v -0.015198 1.339057 0.066991
v -0.028461 1.338661 0.074210
v -0.025862 1.321993 0.060202
v -0.025862 1.321993 0.060202
v -0.028461 1.338661 0.074210
v -0.033452 1.321767 0.064329
v -0.028461 1.338661 0.074210
v -0.044870 1.338549 0.075604
v -0.033452 1.321767 0.064329
v -0.033452 1.321767 0.064329
v -0.044870 1.338549 0.075604
v -0.042803 1.321703 0.065124
v -0.044870 1.338549 0.075604
v -0.060015 1.338753 0.070790
v -0.042803 1.321703 0.065124
v -0.042803 1.321703 0.065124
v -0.060015 1.338753 0.070790
v -0.051468 1.321819 0.062375
v -0.060015 1.338753 0.070790
v -0.069873 1.339216 0.061063
v -0.051468 1.321819 0.062375
v -0.051468 1.321819 0.062375
v -0.069873 1.339216 0.061063
v -0.057090 1.322084 0.056817
v -0.069873 1.339216 0.061063
v -0.071781 1.339815 0.049027
v -0.057090 1.322084 0.056817
v -0.057090 1.322084 0.056817
v -0.071781 1.339815 0.049027
v -0.058192 1.322426 0.049944
v -0.060188 1.378535 0.072104
v -0.070069 1.379000 0.062347
v -0.062897 1.358726 0.074036
v -0.062897 1.358726 0.074036
v -0.070069 1.379000 0.062347
v -0.074142 1.359255 0.062925
v -0.070069 1.379000 0.062347
v -0.071973 1.379601 0.050279
v -0.074142 1.359255 0.062925
v -0.074142 1.359255 0.062925
v -0.071973 1.379601 0.050279
v -0.076319 1.359940 0.049176
v -0.062897 1.358726 0.074036
v -0.074142 1.359255 0.062925
v -0.060015 1.338753 0.070790
v -0.060015 1.338753 0.070790
v -0.074142 1.359255 0.062925
v -0.069873 1.339216 0.061063
v -0.074142 1.359255 0.062925
v -0.076319 1.359940 0.049176
v -0.069873 1.339216 0.061063
v -0.069873 1.339216 0.061063
v -0.076319 1.359940 0.049176
v -0.071781 1.339815 0.049027
v -0.004203 1.359730 0.056991
v -0.011685 1.359073 0.069695
v -0.008622 1.339632 0.055866
v -0.008622 1.339632 0.055866
v -0.011685 1.359073 0.069695
v -0.015198 1.339057 0.066991
v -0.011685 1.359073 0.069695
v -0.026839 1.358621 0.077946
v -0.015198 1.339057 0.066991
v -0.015198 1.339057 0.066991
v -0.026839 1.358621 0.077946
v -0.028461 1.338661 0.074210
v -0.026839 1.358621 0.077946
v -0.011685 1.359073 0.069695
v -0.028534 1.378443 0.075534
v -0.028534 1.378443 0.075534
v -0.011685 1.359073 0.069695
v -0.015244 1.378840 0.068293
v -0.011685 1.359073 0.069695
v -0.004203 1.359730 0.056991
v -0.015244 1.378840 0.068293
v -0.015244 1.378840 0.068293
v -0.004203 1.359730 0.056991
v -0.008665 1.379417 0.057139
v -0.040389 1.403072 0.054455
v -0.058414 1.397325 0.052316
v -0.057312 1.396983 0.059189
v -0.040389 1.403072 0.054455
v -0.057312 1.396983 0.059189
v -0.051690 1.396719 0.064747
v -0.040389 1.403072 0.054455
v -0.051690 1.396719 0.064747
v -0.043024 1.396603 0.067496
v -0.040389 1.403072 0.054455
v -0.043024 1.396603 0.067496
v -0.033674 1.396666 0.066701
v -0.040133 1.316575 0.051716
v -0.057090 1.322084 0.056817
v -0.058192 1.322426 0.049944
v -0.040389 1.403072 0.054455
v -0.033674 1.396666 0.066701
v -0.026084 1.396893 0.062574
v -0.040133 1.316575 0.051716
v -0.051468 1.321819 0.062375
v -0.057090 1.322084 0.056817
v -0.040133 1.316575 0.051716
v -0.042803 1.321703 0.065124
v -0.051468 1.321819 0.062375
v -0.040133 1.316575 0.051716
v -0.033452 1.321767 0.064329
v -0.042803 1.321703 0.065124
v -0.040389 1.403072 0.054455
v -0.026084 1.396893 0.062574
v -0.022356 1.397220 0.056226
v -0.040133 1.316575 0.051716
v -0.025862 1.321993 0.060202
v -0.033452 1.321767 0.064329
v -0.040133 1.316575 0.051716
v -0.022134 1.322321 0.053854
v -0.025862 1.321993 0.060202
v -0.028534 1.378443 0.075534
v -0.044994 1.378331 0.076931
v -0.026839 1.358621 0.077946
v -0.026839 1.358621 0.077946
v -0.044994 1.378331 0.076931
v -0.045591 1.358494 0.079533
v -0.044994 1.378331 0.076931
v -0.060188 1.378535 0.072104
v -0.045591 1.358494 0.079533
v -0.045591 1.358494 0.079533
v -0.060188 1.378535 0.072104
v -0.062897 1.358726 0.074036
v -0.026839 1.358621 0.077946
v -0.045591 1.358494 0.079533
v -0.028461 1.338661 0.074210
v -0.028461 1.338661 0.074210
v -0.045591 1.358494 0.079533
v -0.044870 1.338549 0.075604
v -0.045591 1.358494 0.079533
v -0.062897 1.358726 0.074036
v -0.044870 1.338549 0.075604
v -0.044870 1.338549 0.075604
v -0.062897 1.358726 0.074036
v -0.060015 1.338753 0.070790
v 0.010447 1.379417 0.055355
v 0.015901 1.378840 0.066831
v 0.024191 1.397220 0.055177
v 0.024191 1.397220 0.055177
v 0.015901 1.378840 0.066831
v 0.027279 1.396893 0.061707
v 0.015901 1.378840 0.066831
v 0.028437 1.378443 0.074764
v 0.027279 1.396893 0.061707
v 0.027279 1.396893 0.061707
v 0.028437 1.378443 0.074764
v 0.034439 1.396666 0.066230
v 0.028437 1.378443 0.074764
v 0.044714 1.378331 0.077038
v 0.034439 1.396666 0.066230
v 0.034439 1.396666 0.066230
v 0.044714 1.378331 0.077038
v 0.043712 1.396603 0.067522
v 0.044714 1.378331 0.077038
v 0.060373 1.378535 0.073037
v 0.043712 1.396603 0.067522
v 0.043712 1.396603 0.067522
v 0.060373 1.378535 0.073037
v 0.052602 1.396719 0.065244
v 0.060373 1.378535 0.073037
v 0.071170 1.379000 0.063834
v 0.052602 1.396719 0.065244
v 0.052602 1.396719 0.065244
v 0.071170 1.379000 0.063834
v 0.058786 1.396983 0.060002
v 0.071170 1.379000 0.063834
v 0.074292 1.379601 0.051899
v 0.058786 1.396983 0.060002
v 0.058786 1.396983 0.060002
v 0.074292 1.379601 0.051899
v 0.060541 1.397325 0.053206
v 0.074199 1.339815 0.050641
v 0.071102 1.339216 0.062542
v 0.060555 1.322426 0.050828
v 0.060555 1.322426 0.050828
v 0.071102 1.339216 0.062542
v 0.058800 1.322084 0.057624
v 0.071102 1.339216 0.062542
v 0.060330 1.338753 0.071716
v 0.058800 1.322084 0.057624
v 0.058800 1.322084 0.057624
v 0.060330 1.338753 0.071716
v 0.052616 1.321819 0.062866
v 0.060330 1.338753 0.071716
v 0.044722 1.338549 0.075708
v 0.052616 1.321819 0.062866
v 0.052616 1.321819 0.062866
v 0.044722 1.338549 0.075708
v 0.043726 1.321703 0.065145
v 0.044722 1.338549 0.075708
v 0.028495 1.338661 0.073440
v 0.043726 1.321703 0.065145
v 0.043726 1.321703 0.065145
v 0.028495 1.338661 0.073440
v 0.034453 1.321767 0.063852
v 0.028495 1.338661 0.073440
v 0.015984 1.339057 0.065530
v 0.034453 1.321767 0.063852
v 0.034453 1.321767 0.063852
v 0.015984 1.339057 0.065530
v 0.027293 1.321993 0.059329
v 0.015984 1.339057 0.065530
v 0.010555 1.339632 0.054083
v 0.027293 1.321993 0.059329
v 0.027293 1.321993 0.059329
v 0.010555 1.339632 0.054083
v 0.024205 1.322321 0.052799
v 0.028437 1.378443 0.074764
v 0.015901 1.378840 0.066831
v 0.026507 1.358621 0.077079
v 0.026507 1.358621 0.077079
v 0.015901 1.378840 0.066831
v 0.012237 1.359073 0.068039
v 0.015901 1.378840 0.066831
v 0.010447 1.379417 0.055355
v 0.012237 1.359073 0.068039
v 0.012237 1.359073 0.068039
v 0.010447 1.379417 0.055355
v 0.006011 1.359730 0.054969
v 0.026507 1.358621 0.077079
v 0.012237 1.359073 0.068039
v 0.028495 1.338661 0.073440
v 0.028495 1.338661 0.073440
v 0.012237 1.359073 0.068039
v 0.015984 1.339057 0.065530
v 0.012237 1.359073 0.068039
v 0.006011 1.359730 0.054969
v 0.015984 1.339057 0.065530
v 0.015984 1.339057 0.065530
v 0.006011 1.359730 0.054969
v 0.010555 1.339632 0.054083
v 0.078711 1.359940 0.051032
v 0.075200 1.359255 0.064628
v 0.074199 1.339815 0.050641
v 0.074199 1.339815 0.050641
v 0.075200 1.359255 0.064628
v 0.071102 1.339216 0.062542
v 0.075200 1.359255 0.064628
v 0.062857 1.358726 0.075108
v 0.071102 1.339216 0.062542
v 0.071102 1.339216 0.062542
v 0.062857 1.358726 0.075108
v 0.060330 1.338753 0.071716
v 0.062857 1.358726 0.075108
v 0.075200 1.359255 0.064628
v 0.060373 1.378535 0.073037
v 0.060373 1.378535 0.073037
v 0.075200 1.359255 0.064628
v 0.071170 1.379000 0.063834
v 0.075200 1.359255 0.064628
v 0.078711 1.359940 0.051032
v 0.071170 1.379000 0.063834
v 0.071170 1.379000 0.063834
v 0.078711 1.359940 0.051032
v 0.074292 1.379601 0.051899
v 0.042352 1.403072 0.054375
v 0.024191 1.397220 0.055177
v 0.027279 1.396893 0.061707
v 0.042352 1.403072 0.054375
v 0.027279 1.396893 0.061707
v 0.034439 1.396666 0.066230
v 0.042352 1.403072 0.054375
v 0.034439 1.396666 0.066230
v 0.043712 1.396603 0.067522
v 0.042352 1.403072 0.054375
v 0.043712 1.396603 0.067522
v 0.052602 1.396719 0.065244
v 0.042369 1.316575 0.051629
v 0.027293 1.321993 0.059329
v 0.024205 1.322321 0.052799
v 0.042352 1.403072 0.054375
v 0.052602 1.396719 0.065244
v 0.058786 1.396983 0.060002
v 0.042369 1.316575 0.051629
v 0.034453 1.321767 0.063852
v 0.027293 1.321993 0.059329
v 0.042369 1.316575 0.051629
v 0.043726 1.321703 0.065145
v 0.034453 1.321767 0.063852
v 0.042369 1.316575 0.051629
v 0.052616 1.321819 0.062866
v 0.043726 1.321703 0.065145
v 0.042352 1.403072 0.054375
v 0.058786 1.396983 0.060002
v 0.060541 1.397325 0.053206
v 0.042369 1.316575 0.051629
v 0.058800 1.322084 0.057624
v 0.052616 1.321819 0.062866
v 0.042369 1.316575 0.051629
v 0.060555 1.322426 0.050828
v 0.058800 1.322084 0.057624
v 0.060373 1.378535 0.073037
v 0.044714 1.378331 0.077038
v 0.062857 1.358726 0.075108
v 0.062857 1.358726 0.075108
v 0.044714 1.378331 0.077038
v 0.045051 1.358494 0.079665
v 0.044714 1.378331 0.077038
v 0.028437 1.378443 0.074764
v 0.045051 1.358494 0.079665
v 0.045051 1.358494 0.079665
v 0.028437 1.378443 0.074764
v 0.026507 1.358621 0.077079
v 0.062857 1.358726 0.075108
v 0.045051 1.358494 0.079665
v 0.060330 1.338753 0.071716
v 0.060330 1.338753 0.071716
v 0.045051 1.358494 0.079665
v 0.044722 1.338549 0.075708
v 0.045051 1.358494 0.079665
v 0.026507 1.358621 0.077079
v 0.044722 1.338549 0.075708
v 0.044722 1.338549 0.075708
v 0.026507 1.358621 0.077079
v 0.028495 1.338661 0.073440
v 0.114133 1.065331 0.007743
v 0.092194 0.956432 0.059969
v 0.122152 0.959509 -0.001183
v 0.122152 0.959509 -0.001183
v 0.092194 0.956432 0.059969
v 0.095573 0.878584 0.056653
v 0.092194 0.956432 0.059969
v -0.000479 0.878170 0.072661
v 0.095573 0.878584 0.056653
v 0.095573 0.878584 0.056653
v -0.000479 0.878170 0.072661
v 0.094337 0.809317 0.054091
v -0.000479 0.878170 0.072661
v -0.000504 0.808530 0.069743
v 0.094337 0.809317 0.054091
v 0.094337 0.809317 0.054091
v -0.000504 0.808530 0.069743
v -0.000151 0.756433 0.062141
v -0.000504 0.808530 0.069743
v -0.094363 0.809317 0.054095
v -0.000151 0.756433 0.062141
v -0.000151 0.756433 0.062141
v -0.094363 0.809317 0.054095
v -0.094489 0.757186 0.048106
v -0.094363 0.809317 0.054095
v -0.125153 0.812304 -0.005260
v -0.094489 0.757186 0.048106
v -0.094489 0.757186 0.048106
v -0.125153 0.812304 -0.005260
v -0.122883 0.759692 -0.004901
v -0.125153 0.812304 -0.005260
v -0.095977 0.815059 -0.060025
v -0.122883 0.759692 -0.004901
v -0.122883 0.759692 -0.004901
v -0.095977 0.815059 -0.060025
v -0.095548 0.763105 -0.055793
v -0.095977 0.815059 -0.060025
v -0.000000 0.816067 -0.080053
v -0.095548 0.763105 -0.055793
v -0.095548 0.763105 -0.055793
v -0.000000 0.816067 -0.080053
v -0.000000 0.760798 -0.074074
v -0.000000 0.816067 -0.080053
v 0.095548 0.763127 -0.055773
v -0.000000 0.760798 -0.074074
v -0.000000 0.760798 -0.074074
v 0.095548 0.763127 -0.055773
v -0.000000 0.714127 -0.046573
v 0.095548 0.763127 -0.055773
v 0.083771 0.723049 -0.036560
v -0.000000 0.714127 -0.046573
v 0.122883 0.759692 -0.004906
v 0.095977 0.815059 -0.060025
v 0.124144 0.812304 -0.005260
v 0.124144 0.812304 -0.005260
v 0.095977 0.815059 -0.060025
v 0.094312 0.884403 -0.058997
v 0.095977 0.815059 -0.060025
v -0.000000 0.816067 -0.080053
v 0.094312 0.884403 -0.058997
v 0.094312 0.884403 -0.058997
v -0.000000 0.816067 -0.080053
v -0.000000 0.885795 -0.078875
v -0.000000 0.816067 -0.080053
v -0.095977 0.815059 -0.060025
v -0.000000 0.885795 -0.078875
v -0.000000 0.885795 -0.078875
v -0.095977 0.815059 -0.060025
v -0.094287 0.885140 -0.058988
v -0.095977 0.815059 -0.060025
v -0.126010 0.882538 -0.003612
v -0.094287 0.885140 -0.058988
v -0.094287 0.885140 -0.058988
v -0.126010 0.882538 -0.003612
v -0.123135 0.959509 -0.001183
v -0.126010 0.882538 -0.003612
v -0.095573 0.879344 0.056667
v -0.123135 0.959509 -0.001183
v -0.123135 0.959509 -0.001183
v -0.095573 0.879344 0.056667
v -0.093177 0.956432 0.059969
v -0.095573 0.879344 0.056667
v -0.000479 0.878170 0.072661
v -0.093177 0.956432 0.059969
v -0.093177 0.956432 0.059969
v -0.000479 0.878170 0.072661
v -0.000479 0.955686 0.074811
v -0.000479 0.878170 0.072661
v 0.092194 0.956432 0.059969
v -0.000479 0.955686 0.074811
v -0.000479 0.955686 0.074811
v 0.092194 0.956432 0.059969
v 0.086671 1.053556 0.054894
v 0.092194 0.956432 0.059969
v 0.114133 1.065331 0.007743
v 0.086671 1.053556 0.054894
v 0.122883 0.759692 -0.004906
v 0.094489 0.757163 0.048091
v 0.106316 0.725916 -0.005133
v 0.106316 0.725916 -0.005133
v 0.094489 0.757163 0.048091
v 0.087504 0.725361 0.025130
v 0.094489 0.757163 0.048091
v -0.000151 0.756433 0.062141
v 0.087504 0.725361 0.025130
v 0.087504 0.725361 0.025130
v -0.000151 0.756433 0.062141
v -0.000000 0.719226 0.033462
v -0.000151 0.756433 0.062141
v -0.094489 0.757186 0.048106
v -0.000000 0.719226 0.033462
v -0.000000 0.719226 0.033462
v -0.094489 0.757186 0.048106
v -0.087504 0.725361 0.025130
v -0.094489 0.757186 0.048106
v -0.122883 0.759692 -0.004901
v -0.087504 0.725361 0.025130
v -0.087504 0.725361 0.025130
v -0.122883 0.759692 -0.004901
v -0.106316 0.725939 -0.005132
v -0.122883 0.759692 -0.004901
v -0.095548 0.763105 -0.055793
v -0.106316 0.725939 -0.005132
v -0.106316 0.725939 -0.005132
v -0.095548 0.763105 -0.055793
v -0.083797 0.723026 -0.036570
v -0.095548 0.763105 -0.055793
v -0.000000 0.760798 -0.074074
v -0.083797 0.723026 -0.036570
v -0.083797 0.723026 -0.036570
v -0.000000 0.760798 -0.074074
v -0.000000 0.714127 -0.046573
v 0.086671 1.053556 0.054894
v -0.000656 1.049537 0.069718
v -0.000479 0.955686 0.074811
v -0.000656 1.049537 0.069718
v -0.081779 1.053555 0.054899
v -0.000479 0.955686 0.074811
v -0.000479 0.955686 0.074811
v -0.081779 1.053555 0.054899
v -0.093177 0.956432 0.059969
v -0.081779 1.053555 0.054899
v -0.115822 1.065307 0.007762
v -0.093177 0.956432 0.059969
v -0.093177 0.956432 0.059969
v -0.115822 1.065307 0.007762
v -0.123135 0.959509 -0.001183
v -0.115822 1.065307 0.007762
v -0.089924 0.962290 -0.056448
v -0.123135 0.959509 -0.001183
v -0.123135 0.959509 -0.001183
v -0.089924 0.962290 -0.056448
v -0.094287 0.885140 -0.058988
v -0.089924 0.962290 -0.056448
v -0.000000 0.885795 -0.078875
v -0.094287 0.885140 -0.058988
v 0.125077 0.881457 -0.003647
v 0.094312 0.884403 -0.058997
v 0.122152 0.959509 -0.001183
v 0.122152 0.959509 -0.001183
v 0.094312 0.884403 -0.058997
v 0.092144 0.962084 -0.052359
v 0.094312 0.884403 -0.058997
v -0.000000 0.885795 -0.078875
v 0.092144 0.962084 -0.052359
v 0.092144 0.962084 -0.052359
v -0.000000 0.885795 -0.078875
v 0.000000 0.963212 -0.074775
v -0.000000 0.885795 -0.078875
v -0.089924 0.962290 -0.056448
v 0.000000 0.963212 -0.074775
v 0.000000 0.963212 -0.074775
v -0.089924 0.962290 -0.056448
v -0.077442 1.069772 -0.044768
v -0.089924 0.962290 -0.056448
v -0.115822 1.065307 0.007762
v -0.077442 1.069772 -0.044768
v -0.000479 0.878170 0.072661
v -0.095573 0.879344 0.056667
v -0.000504 0.808530 0.069743
v -0.000504 0.808530 0.069743
v -0.095573 0.879344 0.056667
v -0.094363 0.809317 0.054095
v -0.095573 0.879344 0.056667
v -0.126010 0.882538 -0.003612
v -0.094363 0.809317 0.054095
v -0.094363 0.809317 0.054095
v -0.126010 0.882538 -0.003612
v -0.125153 0.812304 -0.005260
v -0.126010 0.882538 -0.003612
v -0.095977 0.815059 -0.060025
v -0.125153 0.812304 -0.005260
v 0.122152 0.959509 -0.001183
v 0.095573 0.878584 0.056653
v 0.125077 0.881457 -0.003647
v 0.125077 0.881457 -0.003647
v 0.095573 0.878584 0.056653
v 0.124144 0.812304 -0.005260
v 0.095573 0.878584 0.056653
v 0.094337 0.809317 0.054091
v 0.124144 0.812304 -0.005260
v 0.124144 0.812304 -0.005260
v 0.094337 0.809317 0.054091
v 0.094489 0.757163 0.048091
v 0.094337 0.809317 0.054091
v -0.000151 0.756433 0.062141
v 0.094489 0.757163 0.048091
v 0.122152 0.959509 -0.001183
v 0.092144 0.962084 -0.052359
v 0.114133 1.065331 0.007743
v 0.114133 1.065331 0.007743
v 0.092144 0.962084 -0.052359
v 0.081956 1.069527 -0.040374
v 0.092144 0.962084 -0.052359
v 0.000000 0.963212 -0.074775
v 0.081956 1.069527 -0.040374
v 0.081956 1.069527 -0.040374
v 0.000000 0.963212 -0.074775
v 0.000000 1.067313 -0.064614
v 0.000000 0.963212 -0.074775
v -0.077442 1.069772 -0.044768
v 0.000000 1.067313 -0.064614
v 0.106316 0.725916 -0.005133
v 0.083771 0.723049 -0.036560
v 0.122883 0.759692 -0.004906
v 0.083771 0.723049 -0.036560
v 0.095548 0.763127 -0.055773
v 0.122883 0.759692 -0.004906
v 0.122883 0.759692 -0.004906
v 0.095548 0.763127 -0.055773
v 0.095977 0.815059 -0.060025
v 0.095548 0.763127 -0.055773
v -0.000000 0.816067 -0.080053
v 0.095977 0.815059 -0.060025
v 0.125077 0.881457 -0.003647
v 0.124144 0.812304 -0.005260
v 0.094312 0.884403 -0.058997
v 0.122883 0.759692 -0.004906
v 0.124144 0.812304 -0.005260
v 0.094489 0.757163 0.048091
v 0.025192 1.401217 0.087843
v 0.059916 1.405141 0.078976
v 0.025520 1.410358 0.088467
v 0.025520 1.410358 0.088467
v 0.059916 1.405141 0.078976
v 0.060244 1.414305 0.079601
v 0.059916 1.405141 0.078976
v 0.091261 1.395641 0.070418
v 0.060244 1.414305 0.079601
v -0.091437 1.395013 0.070418
v -0.060092 1.403411 0.078976
v -0.060446 1.412575 0.079601
v -0.060446 1.412575 0.079601
v -0.060092 1.403411 0.078976
v -0.025721 1.409731 0.088467
v -0.060092 1.403411 0.078976
v -0.025368 1.400590 0.087843
v -0.025721 1.409731 0.088467
v 0.026831 1.329159 0.073616
v 0.036767 1.352351 0.043246
v 0.012886 1.354434 0.070552
v 0.012886 1.354434 0.070552
v 0.036767 1.352351 0.043246
v 0.028016 1.387303 0.081015
v 0.036767 1.352351 0.043246
v 0.073836 1.388463 0.067121
v 0.028016 1.387303 0.081015
v 0.028016 1.387303 0.081015
v 0.073836 1.388463 0.067121
v 0.086823 1.402165 0.067355
v 0.073836 1.388463 0.067121
v 0.077114 1.349408 0.058219
v 0.086823 1.402165 0.067355
v 0.086823 1.402165 0.067355
v 0.077114 1.349408 0.058219
v 0.092724 1.349900 0.051651
v 0.077114 1.349408 0.058219
v 0.069297 1.328938 0.072039
v 0.092724 1.349900 0.051651
v 0.092724 1.349900 0.051651
v 0.069297 1.328938 0.072039
v 0.078198 1.314177 0.074081
v 0.069297 1.328938 0.072039
v 0.026831 1.329159 0.073616
v 0.078198 1.314177 0.074081
v 0.078198 1.314177 0.074081
v 0.026831 1.329159 0.073616
v 0.016669 1.316395 0.081776
v 0.026831 1.329159 0.073616
v 0.012886 1.354434 0.070552
v 0.016669 1.316395 0.081776
v 0.016669 1.316395 0.081776
v 0.012886 1.354434 0.070552
v 0.011297 1.354089 0.074666
v 0.012886 1.354434 0.070552
v 0.028016 1.387303 0.081015
v 0.011297 1.354089 0.074666
v 0.011297 1.354089 0.074666
v 0.028016 1.387303 0.081015
v 0.000000 1.387165 0.082399
v 0.028016 1.387303 0.081015
v 0.000000 1.412489 0.087524
v 0.000000 1.387165 0.082399
v 0.000000 1.275239 0.104544
v 0.019039 1.284006 0.104813
v 0.000000 1.283906 0.126970
v 0.000000 1.283906 0.126970
v 0.019039 1.284006 0.104813
v 0.000000 1.307254 0.101741
v 0.019039 1.284006 0.104813
v 0.016669 1.316395 0.081776
v 0.000000 1.307254 0.101741
v 0.000000 1.307254 0.101741
v 0.016669 1.316395 0.081776
v 0.000000 1.322035 0.087865
v 0.016669 1.316395 0.081776
v 0.011297 1.354089 0.074666
v 0.000000 1.322035 0.087865
v 0.000000 1.322035 0.087865
v 0.011297 1.354089 0.074666
v 0.000000 1.354712 0.077851
v 0.011297 1.354089 0.074666
v 0.000000 1.387165 0.082399
v 0.000000 1.354712 0.077851
v 0.073836 1.388463 0.067121
v 0.036767 1.352351 0.043246
v 0.077114 1.349408 0.058219
v 0.077114 1.349408 0.058219
v 0.036767 1.352351 0.043246
v 0.069297 1.328938 0.072039
v 0.036767 1.352351 0.043246
v 0.026831 1.329159 0.073616
v 0.069297 1.328938 0.072039
v 0.000000 1.412489 0.087524
v 0.028016 1.387303 0.081015
v 0.040448 1.412766 0.083866
v 0.040448 1.412766 0.083866
v 0.028016 1.387303 0.081015
v 0.086823 1.402165 0.067355
v 0.000000 1.272043 0.091099
v 0.019039 1.284006 0.104813
v 0.000000 1.275239 0.104544
v -0.091362 1.282726 -0.026850
v -0.096960 1.276674 -0.008715
v -0.114461 1.337376 -0.021897
v -0.095119 1.265200 0.006326
v -0.115293 1.270655 -0.004070
v -0.096960 1.276674 -0.008715
v -0.096960 1.276674 -0.008715
v -0.115293 1.270655 -0.004070
v -0.110527 1.277578 -0.013847
v -0.115293 1.270655 -0.004070
v -0.127195 1.345412 -0.026330
v -0.110527 1.277578 -0.013847
v -0.110527 1.277578 -0.013847
v -0.127195 1.345412 -0.026330
v -0.096960 1.276674 -0.008715
v -0.127195 1.345412 -0.026330
v -0.114461 1.337376 -0.021897
v -0.096960 1.276674 -0.008715
v -0.127195 1.345412 -0.026330
v -0.115293 1.270655 -0.004070
v -0.134231 1.355939 -0.019351
v -0.134231 1.355939 -0.019351
v -0.115293 1.270655 -0.004070
v -0.112393 1.352855 0.004836
v -0.115293 1.270655 -0.004070
v -0.095119 1.265200 0.006326
v -0.112393 1.352855 0.004836
v -0.134231 1.355939 -0.019351
v -0.112393 1.352855 0.004836
v -0.127195 1.345412 -0.026330
v -0.127195 1.345412 -0.026330
v -0.112393 1.352855 0.004836
v -0.114461 1.337376 -0.021897
v -0.089697 1.452058 0.040415
v -0.088109 1.459730 0.030409
v -0.096229 1.424599 0.045649
v -0.096229 1.424599 0.045649
v -0.088109 1.459730 0.030409
v -0.120034 1.441468 0.009951
v -0.088109 1.459730 0.030409
v -0.121723 1.440095 -0.022751
v -0.120034 1.441468 0.009951
v -0.120034 1.441468 0.009951
v -0.121723 1.440095 -0.022751
v -0.114461 1.337376 -0.021897
v -0.121723 1.440095 -0.022751
v -0.092497 1.412289 -0.073842
v -0.114461 1.337376 -0.021897
v -0.114461 1.337376 -0.021897
v -0.092497 1.412289 -0.073842
v -0.077745 1.300511 -0.075256
v -0.092497 1.412289 -0.073842
v 0.000000 1.422027 -0.091034
v -0.077745 1.300511 -0.075256
v -0.077745 1.300511 -0.075256
v 0.000000 1.422027 -0.091034
v 0.000000 1.302965 -0.089209
v -0.114461 1.337376 -0.021897
v -0.077745 1.300511 -0.075256
v -0.091362 1.282726 -0.026850
v -0.091362 1.282726 -0.026850
v -0.077745 1.300511 -0.075256
v -0.064808 1.241928 -0.027219
v -0.077745 1.300511 -0.075256
v -0.053713 1.245356 -0.061908
v -0.064808 1.241928 -0.027219
v -0.064808 1.241928 -0.027219
v -0.053713 1.245356 -0.061908
v -0.042440 1.218075 -0.028163
v -0.053713 1.245356 -0.061908
v 0.000000 1.212242 -0.053769
v -0.042440 1.218075 -0.028163
v -0.088109 1.459730 0.030409
v -0.081401 1.468203 -0.046855
v -0.121723 1.440095 -0.022751
v -0.121723 1.440095 -0.022751
v -0.081401 1.468203 -0.046855
v -0.092497 1.412289 -0.073842
v -0.081401 1.468203 -0.046855
v 0.000000 1.480082 -0.073141
v -0.092497 1.412289 -0.073842
v -0.092497 1.412289 -0.073842
v 0.000000 1.480082 -0.073141
v 0.000000 1.422027 -0.091034
v 0.000000 1.302965 -0.089209
v 0.000000 1.247688 -0.075272
v -0.077745 1.300511 -0.075256
v -0.077745 1.300511 -0.075256
v 0.000000 1.247688 -0.075272
v -0.053713 1.245356 -0.061908
v 0.000000 1.247688 -0.075272
v 0.000000 1.212242 -0.053769
v -0.053713 1.245356 -0.061908
v -0.096229 1.424599 0.045649
v -0.120034 1.441468 0.009951
v -0.102533 1.355623 0.029080
v -0.102533 1.355623 0.029080
v -0.120034 1.441468 0.009951
v -0.112393 1.352855 0.004836
v -0.120034 1.441468 0.009951
v -0.114461 1.337376 -0.021897
v -0.112393 1.352855 0.004836
v -0.088109 1.459730 0.030409
v -0.019064 1.491235 0.015297
v -0.081401 1.468203 -0.046855
v -0.081401 1.468203 -0.046855
v -0.019064 1.491235 0.015297
v 0.000000 1.480082 -0.073141
v 0.089672 1.437992 0.043774
v 0.104727 1.445962 0.033309
v 0.075979 1.452021 0.043904
v 0.075979 1.452021 0.043904
v 0.104727 1.445962 0.033309
v 0.075979 1.473329 0.034503
v 0.104727 1.445962 0.033309
v 0.119454 1.440279 -0.026865
v 0.075979 1.473329 0.034503
v 0.075979 1.473329 0.034503
v 0.119454 1.440279 -0.026865
v 0.084906 1.467771 -0.046497
v 0.119454 1.440279 -0.026865
v 0.092497 1.412289 -0.073842
v 0.084906 1.467771 -0.046497
v 0.084906 1.467771 -0.046497
v 0.092497 1.412289 -0.073842
v 0.000000 1.480082 -0.073141
v 0.092497 1.412289 -0.073842
v 0.000000 1.422027 -0.091034
v 0.000000 1.480082 -0.073141
v 0.104727 1.445962 0.033309
v 0.114461 1.337376 -0.021897
v 0.119454 1.440279 -0.026865
v 0.119454 1.440279 -0.026865
v 0.114461 1.337376 -0.021897
v 0.092497 1.412289 -0.073842
v 0.114461 1.337376 -0.021897
v 0.077745 1.300511 -0.075256
v 0.092497 1.412289 -0.073842
v 0.092497 1.412289 -0.073842
v 0.077745 1.300511 -0.075256
v 0.000000 1.422027 -0.091034
v 0.077745 1.300511 -0.075256
v 0.000000 1.302965 -0.089209
v 0.000000 1.422027 -0.091034
v 0.000000 1.212242 -0.053769
v 0.053713 1.245356 -0.061908
v 0.042441 1.218075 -0.028163
v 0.042441 1.218075 -0.028163
v 0.053713 1.245356 -0.061908
v 0.064808 1.241928 -0.027219
v 0.053713 1.245356 -0.061908
v 0.077745 1.300511 -0.075256
v 0.064808 1.241928 -0.027219
v 0.064808 1.241928 -0.027219
v 0.077745 1.300511 -0.075256
v 0.091362 1.282726 -0.026850
v 0.077745 1.300511 -0.075256
v 0.114461 1.337376 -0.021897
v 0.091362 1.282726 -0.026850
v 0.114461 1.337376 -0.021897
v 0.104727 1.445962 0.033309
v 0.112393 1.352855 0.004836
v 0.112393 1.352855 0.004836
v 0.104727 1.445962 0.033309
v 0.098044 1.351028 0.029689
v 0.104727 1.445962 0.033309
v 0.089672 1.437992 0.043774
v 0.098044 1.351028 0.029689
v 0.000000 1.212242 -0.053769
v 0.000000 1.247688 -0.075272
v 0.053713 1.245356 -0.061908
v 0.053713 1.245356 -0.061908
v 0.000000 1.247688 -0.075272
v 0.077745 1.300511 -0.075256
v 0.000000 1.247688 -0.075272
v 0.000000 1.302965 -0.089209
v 0.077745 1.300511 -0.075256
v 0.075979 1.473329 0.034503
v 0.084906 1.467771 -0.046497
v -0.019064 1.491235 0.015297
v -0.019064 1.491235 0.015297
v 0.084906 1.467771 -0.046497
v 0.000000 1.480082 -0.073141
v 0.096960 1.276674 -0.008715
v 0.091362 1.282726 -0.026850
v 0.114461 1.337376 -0.021897
v -0.091362 1.282726 -0.026850
v -0.064808 1.241928 -0.027219
v -0.096960 1.276674 -0.008715
v -0.096960 1.276674 -0.008715
v -0.064808 1.241928 -0.027219
v -0.093858 1.250277 -0.002593
v -0.064808 1.241928 -0.027219
v -0.042440 1.218075 -0.028163
v -0.093858 1.250277 -0.002593
v -0.093858 1.250277 -0.002593
v -0.042440 1.218075 -0.028163
v -0.090883 1.221539 0.000553
v -0.042440 1.218075 -0.028163
v -0.080871 1.192858 0.005352
v -0.090883 1.221539 0.000553
v -0.090883 1.221539 0.000553
v -0.080871 1.192858 0.005352
v -0.099860 1.221822 0.027907
v -0.096960 1.276674 -0.008715
v -0.093858 1.250277 -0.002593
v -0.095119 1.265200 0.006326
v -0.095119 1.265200 0.006326
v -0.093858 1.250277 -0.002593
v -0.100314 1.254336 0.029407
v -0.093858 1.250277 -0.002593
v -0.090883 1.221539 0.000553
v -0.100314 1.254336 0.029407
v -0.100314 1.254336 0.029407
v -0.090883 1.221539 0.000553
v -0.099860 1.221822 0.027907
v -0.099709 1.287099 0.030519
v -0.095119 1.265200 0.006326
v -0.100314 1.254336 0.029407
v -0.092724 1.349900 0.051651
v -0.102533 1.355623 0.029080
v -0.099709 1.287099 0.030519
v -0.099709 1.287099 0.030519
v -0.102533 1.355623 0.029080
v -0.095119 1.265200 0.006326
v -0.102533 1.355623 0.029080
v -0.112393 1.352855 0.004836
v -0.095119 1.265200 0.006326
v -0.096229 1.424599 0.045649
v -0.086823 1.402165 0.067355
v -0.089697 1.452058 0.040415
v -0.089697 1.452058 0.040415
v -0.086823 1.402165 0.067355
v -0.058731 1.435667 0.076697
v -0.086823 1.402165 0.067355
v -0.040448 1.412766 0.083866
v -0.058731 1.435667 0.076697
v -0.058731 1.435667 0.076697
v -0.040448 1.412766 0.083866
v 0.000000 1.428192 0.083711
v -0.040448 1.412766 0.083866
v 0.000000 1.412489 0.087524
v 0.000000 1.428192 0.083711
v -0.102533 1.355623 0.029080
v -0.092724 1.349900 0.051651
v -0.096229 1.424599 0.045649
v -0.096229 1.424599 0.045649
v -0.092724 1.349900 0.051651
v -0.086823 1.402165 0.067355
v 0.000000 1.412489 0.087524
v -0.028016 1.387303 0.081015
v 0.000000 1.387165 0.082399
v 0.000000 1.387165 0.082399
v -0.028016 1.387303 0.081015
v -0.011297 1.354089 0.074666
v -0.028016 1.387303 0.081015
v -0.012886 1.354434 0.070552
v -0.011297 1.354089 0.074666
v -0.011297 1.354089 0.074666
v -0.012886 1.354434 0.070552
v -0.016669 1.316395 0.081776
v -0.012886 1.354434 0.070552
v -0.026831 1.329159 0.073616
v -0.016669 1.316395 0.081776
v -0.016669 1.316395 0.081776
v -0.026831 1.329159 0.073616
v -0.078198 1.314177 0.074081
v -0.026831 1.329159 0.073616
v -0.069297 1.328938 0.072039
v -0.078198 1.314177 0.074081
v -0.078198 1.314177 0.074081
v -0.069297 1.328938 0.072039
v -0.092724 1.349900 0.051651
v -0.069297 1.328938 0.072039
v -0.077114 1.349408 0.058219
v -0.092724 1.349900 0.051651
v -0.092724 1.349900 0.051651
v -0.077114 1.349408 0.058219
v -0.086823 1.402165 0.067355
v -0.077114 1.349408 0.058219
v -0.073836 1.388463 0.067121
v -0.086823 1.402165 0.067355
v -0.086823 1.402165 0.067355
v -0.073836 1.388463 0.067121
v -0.028016 1.387303 0.081015
v -0.073836 1.388463 0.067121
v -0.036767 1.352351 0.043246
v -0.028016 1.387303 0.081015
v -0.028016 1.387303 0.081015
v -0.036767 1.352351 0.043246
v -0.012886 1.354434 0.070552
v -0.036767 1.352351 0.043246
v -0.026831 1.329159 0.073616
v -0.012886 1.354434 0.070552
v 0.000000 1.387165 0.082399
v -0.011297 1.354089 0.074666
v 0.000000 1.354712 0.077851
v 0.000000 1.354712 0.077851
v -0.011297 1.354089 0.074666
v 0.000000 1.322035 0.087865
v -0.011297 1.354089 0.074666
v -0.016669 1.316395 0.081776
v 0.000000 1.322035 0.087865
v 0.000000 1.322035 0.087865
v -0.016669 1.316395 0.081776
v 0.000000 1.307254 0.101741
v -0.016669 1.316395 0.081776
v -0.019039 1.284006 0.104822
v 0.000000 1.307254 0.101741
v 0.000000 1.307254 0.101741
v -0.019039 1.284006 0.104822
v 0.000000 1.283906 0.126970
v -0.019039 1.284006 0.104822
v 0.000000 1.275239 0.104544
v 0.000000 1.283906 0.126970
v -0.026831 1.329159 0.073616
v -0.036767 1.352351 0.043246
v -0.069297 1.328938 0.072039
v -0.069297 1.328938 0.072039
v -0.036767 1.352351 0.043246
v -0.077114 1.349408 0.058219
v -0.036767 1.352351 0.043246
v -0.073836 1.388463 0.067121
v -0.077114 1.349408 0.058219
v 0.000000 1.412489 0.087524
v -0.040448 1.412766 0.083866
v -0.028016 1.387303 0.081015
v -0.028016 1.387303 0.081015
v -0.040448 1.412766 0.083866
v -0.086823 1.402165 0.067355
v 0.000000 1.272043 0.091099
v 0.000000 1.275239 0.104544
v -0.019039 1.284006 0.104822
v 0.099860 1.221822 0.027907
v 0.080871 1.192858 0.005352
v 0.090883 1.221539 0.000553
v 0.080871 1.192858 0.005352
v 0.042441 1.218075 -0.028163
v 0.090883 1.221539 0.000553
v 0.090883 1.221539 0.000553
v 0.042441 1.218075 -0.028163
v 0.093858 1.250277 -0.002593
v 0.042441 1.218075 -0.028163
v 0.064808 1.241928 -0.027219
v 0.093858 1.250277 -0.002593
v 0.093858 1.250277 -0.002593
v 0.064808 1.241928 -0.027219
v 0.096960 1.276674 -0.008715
v 0.064808 1.241928 -0.027219
v 0.091362 1.282726 -0.026850
v 0.096960 1.276674 -0.008715
v 0.099860 1.221822 0.027907
v 0.090883 1.221539 0.000553
v 0.100314 1.254336 0.029407
v 0.090883 1.221539 0.000553
v 0.093858 1.250277 -0.002593
v 0.100314 1.254336 0.029407
v 0.100314 1.254336 0.029407
v 0.093858 1.250277 -0.002593
v 0.095119 1.273209 0.006326
v 0.093858 1.250277 -0.002593
v 0.096960 1.276674 -0.008715
v 0.095119 1.273209 0.006326
v 0.099709 1.287099 0.030519
v 0.100314 1.254336 0.029407
v 0.095119 1.273209 0.006326
v 0.112393 1.352855 0.004836
v 0.098044 1.351028 0.029689
v 0.095119 1.273209 0.006326
v 0.095119 1.273209 0.006326
v 0.098044 1.351028 0.029689
v 0.099709 1.287099 0.030519
v 0.098044 1.351028 0.029689
v 0.092724 1.349900 0.051651
v 0.099709 1.287099 0.030519
v 0.114461 1.337376 -0.021897
v 0.127195 1.345412 -0.026330
v 0.096960 1.276674 -0.008715
v 0.096960 1.276674 -0.008715
v 0.127195 1.345412 -0.026330
v 0.110527 1.277578 -0.013847
v 0.127195 1.345412 -0.026330
v 0.115293 1.270655 -0.004070
v 0.110527 1.277578 -0.013847
v 0.110527 1.277578 -0.013847
v 0.115293 1.270655 -0.004070
v 0.096960 1.276674 -0.008715
v 0.115293 1.270655 -0.004070
v 0.095119 1.273209 0.006326
v 0.096960 1.276674 -0.008715
v 0.095119 1.273209 0.006326
v 0.115293 1.270655 -0.004070
v 0.112393 1.352855 0.004836
v 0.112393 1.352855 0.004836
v 0.115293 1.270655 -0.004070
v 0.134231 1.355939 -0.019351
v 0.115293 1.270655 -0.004070
v 0.127195 1.345412 -0.026330
v 0.134231 1.355939 -0.019351
v 0.114461 1.337376 -0.021897
v 0.112393 1.352855 0.004836
v 0.127195 1.345412 -0.026330
v 0.127195 1.345412 -0.026330
v 0.112393 1.352855 0.004836
v 0.134231 1.355939 -0.019351
v 0.000000 1.412489 0.087524
v 0.040448 1.412766 0.083866
v 0.000000 1.428192 0.083711
v 0.000000 1.428192 0.083711
v 0.040448 1.412766 0.083866
v 0.053486 1.446192 0.065846
v 0.040448 1.412766 0.083866
v 0.086823 1.402165 0.067355
v 0.053486 1.446192 0.065846
v 0.053486 1.446192 0.065846
v 0.086823 1.402165 0.067355
v 0.089672 1.437992 0.043774
v 0.086823 1.402165 0.067355
v 0.092724 1.349900 0.051651
v 0.089672 1.437992 0.043774
v 0.089672 1.437992 0.043774
v 0.092724 1.349900 0.051651
v 0.098044 1.351028 0.029689
v 0.075979 1.452021 0.043904
v 0.053486 1.446192 0.065846
v 0.089672 1.437992 0.043774
v 0.053032 1.473112 0.070873
v 0.075979 1.473329 0.034503
v -0.019064 1.504061 0.029726
v 0.075979 1.473329 0.034503
v -0.019064 1.491235 0.015297
v -0.019064 1.504061 0.029726
v -0.019064 1.504061 0.029726
v -0.019064 1.491235 0.015297
v -0.079308 1.481134 0.040159
v -0.019064 1.491235 0.015297
v -0.088109 1.459730 0.030409
v -0.079308 1.481134 0.040159
v -0.079308 1.481134 0.040159
v -0.088109 1.459730 0.030409
v -0.086318 1.468878 0.058379
v -0.088109 1.459730 0.030409
v -0.089697 1.452058 0.040415
v -0.086318 1.468878 0.058379
v -0.086318 1.468878 0.058379
v -0.089697 1.452058 0.040415
v -0.060597 1.449197 0.086737
v -0.089697 1.452058 0.040415
v -0.058731 1.435667 0.076697
v -0.060597 1.449197 0.086737
v -0.060597 1.449197 0.086737
v -0.058731 1.435667 0.076697
v 0.000000 1.444489 0.096035
v -0.058731 1.435667 0.076697
v 0.000000 1.428192 0.083711
v 0.000000 1.444489 0.096035
v 0.000000 1.444489 0.096035
v 0.000000 1.428192 0.083711
v 0.053032 1.473112 0.070873
v 0.000000 1.428192 0.083711
v 0.053486 1.446192 0.065846
v 0.053032 1.473112 0.070873
v 0.053032 1.473112 0.070873
v 0.053486 1.446192 0.065846
v 0.075979 1.473329 0.034503
v 0.053486 1.446192 0.065846
v 0.075979 1.452021 0.043904
v 0.075979 1.473329 0.034503
v -0.079308 1.481134 0.040159
v -0.086318 1.468878 0.058379
v -0.019064 1.504061 0.029726
v -0.019064 1.504061 0.029726
v -0.086318 1.468878 0.058379
v -0.019064 1.486671 0.063417
v -0.086318 1.468878 0.058379
v -0.060597 1.449197 0.086737
v -0.019064 1.486671 0.063417
v -0.019064 1.486671 0.063417
v -0.060597 1.449197 0.086737
v 0.000000 1.444489 0.096035
v -0.019064 1.504061 0.029726
v -0.019064 1.486671 0.063417
v 0.053032 1.473112 0.070873
v 0.053032 1.473112 0.070873
v -0.019064 1.486671 0.063417
v 0.000000 1.444489 0.096035
v -0.164189 0.599149 0.008272
v -0.158969 0.621303 0.026481
v -0.164189 0.676552 0.011737
v -0.164189 0.676552 0.011737
v -0.158969 0.621303 0.026481
v -0.155666 0.674677 0.049014
v -0.158969 0.621303 0.026481
v -0.154380 0.605171 0.046168
v -0.155666 0.674677 0.049014
v -0.139048 0.590357 0.027284
v -0.177327 0.725034 -0.024243
v -0.141821 0.598633 0.011196
v -0.141821 0.598633 0.011196
v -0.177327 0.725034 -0.024243
v -0.117235 0.602498 0.006750
v -0.177327 0.725034 -0.024243
v -0.144494 0.730218 -0.030174
v -0.117235 0.602498 0.006750
v -0.117235 0.602498 0.006750
v -0.144494 0.730218 -0.030174
v -0.106845 0.595443 0.021464
v -0.144494 0.730218 -0.030174
v -0.111863 0.774137 0.024516
v -0.106845 0.595443 0.021464
v -0.106845 0.595443 0.021464
v -0.111863 0.774137 0.024516
v -0.112544 0.769996 0.066052
v -0.112544 0.769996 0.066052
v -0.169333 0.761044 0.076313
v -0.127195 0.582669 0.045850
v -0.169333 0.761044 0.076313
v -0.193542 0.761272 0.039275
v -0.127195 0.582669 0.045850
v -0.127195 0.582669 0.045850
v -0.193542 0.761272 0.039275
v -0.139048 0.590357 0.027284
v -0.193542 0.761272 0.039275
v -0.177327 0.725034 -0.024243
v -0.139048 0.590357 0.027284
v -0.102710 0.586534 0.041423
v -0.112544 0.769996 0.066052
v -0.127195 0.582669 0.045850
v -0.102710 0.586534 0.041423
v -0.106845 0.595443 0.021464
v -0.112544 0.769996 0.066052
v -0.169333 0.761044 0.076313
v -0.111863 0.774137 0.024516
v -0.193542 0.761272 0.039275
v -0.193542 0.761272 0.039275
v -0.111863 0.774137 0.024516
v -0.177327 0.725034 -0.024243
v -0.111863 0.774137 0.024516
v -0.144494 0.730218 -0.030174
v -0.177327 0.725034 -0.024243
v -0.112544 0.769996 0.066052
v -0.111863 0.774137 0.024516
v -0.169333 0.761044 0.076313
v -0.127195 0.582669 0.045850
v -0.139048 0.590357 0.027284
v -0.102710 0.586534 0.041423
v -0.102710 0.586534 0.041423
v -0.139048 0.590357 0.027284
v -0.106845 0.595443 0.021464
v -0.139048 0.590357 0.027284
v -0.141821 0.598633 0.011196
v -0.106845 0.595443 0.021464
v -0.106845 0.595443 0.021464
v -0.141821 0.598633 0.011196
v -0.117235 0.602498 0.006750
v -0.148327 0.680170 -0.011154
v -0.154682 0.704072 -0.017599
v -0.150572 0.666114 -0.042812
v -0.150572 0.666114 -0.042812
v -0.154682 0.704072 -0.017599
v -0.156952 0.690039 -0.049257
v -0.140334 0.650148 -0.003065
v -0.146714 0.674072 -0.009510
v -0.142603 0.636114 -0.034723
v -0.142603 0.636114 -0.034723
v -0.146714 0.674072 -0.009510
v -0.148958 0.660016 -0.041168
v -0.132138 0.619237 0.005267
v -0.138493 0.643161 -0.001177
v -0.134382 0.605203 -0.026390
v -0.134382 0.605203 -0.026390
v -0.138493 0.643161 -0.001177
v -0.140737 0.629128 -0.032835
v 0.079762 0.111013 -0.110934
v 0.079762 0.058346 -0.112244
v 0.079762 0.109368 -0.069095
v 0.079762 0.056702 -0.070404
v 0.021435 0.015896 -0.028033
v 0.027209 -0.003499 -0.025493
v 0.136854 0.015671 -0.023562
v 0.131104 -0.003724 -0.021022
v 0.136854 0.015671 -0.023562
v 0.027209 -0.003499 -0.025493
v 0.131104 -0.003724 -0.021022
v 0.027209 -0.003499 -0.025493
v 0.079838 -0.001696 -0.061336
v 0.079838 0.017860 -0.067055
v 0.079838 -0.001696 -0.061336
v 0.021435 0.015896 -0.028033
v 0.021435 0.015896 -0.028033
v 0.079838 -0.001696 -0.061336
v 0.027209 -0.003499 -0.025493
v 0.136854 0.015671 -0.023562
v 0.131104 -0.003724 -0.021022
v 0.079838 0.017860 -0.067055
v 0.079838 0.017860 -0.067055
v 0.131104 -0.003724 -0.021022
v 0.079838 -0.001696 -0.061336
v 0.021435 0.015896 -0.028033
v 0.025873 0.078666 -0.024145
v 0.079838 0.017860 -0.067055
v 0.025873 0.078666 -0.024145
v 0.079762 0.086307 -0.070190
v 0.079838 0.017860 -0.067055
v 0.079838 0.017860 -0.067055
v 0.079762 0.086307 -0.070190
v 0.136854 0.015671 -0.023562
v 0.079762 0.086307 -0.070190
v 0.131810 0.078666 -0.024145
v 0.136854 0.015671 -0.023562
v -0.079762 0.111013 -0.110934
v -0.079762 0.058346 -0.112244
v -0.079762 0.109368 -0.069095
v -0.079762 0.056702 -0.070404
v -0.136854 0.015671 -0.023562
v -0.131104 -0.003724 -0.021022
v -0.021435 0.015896 -0.028033
v -0.027209 -0.003499 -0.025493
v -0.021435 0.015896 -0.028033
v -0.131104 -0.003724 -0.021022
v -0.027209 -0.003499 -0.025493
v -0.131104 -0.003724 -0.021022
v -0.079838 -0.001696 -0.061336
v -0.021435 0.015896 -0.028033
v -0.027209 -0.003499 -0.025493
v -0.079838 0.017860 -0.067055
v -0.027209 -0.003499 -0.025493
v -0.079838 -0.001696 -0.061336
v -0.079838 0.017860 -0.067055
v -0.079838 0.017860 -0.067055
v -0.079838 -0.001696 -0.061336
v -0.136854 0.015671 -0.023562
v -0.079838 -0.001696 -0.061336
v -0.131104 -0.003724 -0.021022
v -0.136854 0.015671 -0.023562
v -0.131810 0.078666 -0.024145
v -0.079762 0.086307 -0.070190
v -0.136854 0.015671 -0.023562
v -0.136854 0.015671 -0.023562
v -0.079762 0.086307 -0.070190
v -0.079838 0.017860 -0.067055
v -0.079762 0.086307 -0.070190
v -0.025873 0.078666 -0.024145
v -0.079838 0.017860 -0.067055
v -0.079838 0.017860 -0.067055
v -0.025873 0.078666 -0.024145
v -0.021435 0.015896 -0.028033
v 0.610432 1.017069 -0.021086
v 0.379897 1.051052 0.004793
v 0.610432 1.049414 0.005290
v 0.610432 1.049414 0.005290
v 0.379897 1.051052 0.004793
v 0.610432 1.014522 0.029537
v 0.379897 1.051052 0.004793
v 0.379897 1.014217 0.028720
v 0.610432 1.014522 0.029537
v 0.610432 1.014522 0.029537
v 0.379897 1.014217 0.028720
v 0.379897 0.979903 0.002534
v 0.379897 1.051052 0.004793
v 0.610432 1.017069 -0.021086
v 0.379897 1.016739 -0.021388
v 0.379897 1.016739 -0.021388
v 0.610432 1.017069 -0.021086
v 0.379897 0.979903 0.002534
v 0.610432 1.017069 -0.021086
v 0.610432 0.975044 0.002929
v 0.379897 0.979903 0.002534
v 0.379897 0.979903 0.002534
v 0.610432 0.975044 0.002929
v 0.610432 1.014522 0.029537
v 0.556745 0.996899 0.027540
v 0.589906 1.014473 0.030509
v 0.545674 1.014473 0.030509
v 0.545674 1.014473 0.030509
v 0.589906 1.014473 0.030509
v 0.556745 1.032266 0.028663
v 0.578861 1.032266 0.028663
v 0.578861 0.996899 0.027540
v 0.589906 1.014473 0.030509
v 0.556745 0.996899 0.027540
v 0.610432 0.975044 0.002929
v 0.610432 1.017069 -0.021086
v 0.610432 1.014522 0.029537
v 0.610432 1.049414 0.005290
v 0.379897 0.979903 0.002534
v 0.339675 0.971045 0.002253
v 0.379897 1.016739 -0.021388
v 0.379897 1.016739 -0.021388
v 0.339675 0.971045 0.002253
v 0.339675 1.015478 0.003664
v 0.339675 0.971045 0.002253
v 0.379897 1.014217 0.028720
v 0.339675 1.015478 0.003664
v 0.339675 1.015478 0.003664
v 0.379897 1.014217 0.028720
v 0.339675 1.059313 0.005055
v 0.379897 1.014217 0.028720
v 0.379897 1.051052 0.004793
v 0.339675 1.059313 0.005055
v 0.339675 1.059313 0.005055
v 0.379897 1.051052 0.004793
v 0.379897 1.016739 -0.021388
v 0.379897 1.016739 -0.021388
v 0.339675 1.015478 0.003664
v 0.339675 1.059313 0.005055
v 0.379897 0.979903 0.002534
v 0.379897 1.014217 0.028720
v 0.339675 0.971045 0.002253
v -0.610432 1.014522 0.029537
v -0.379897 1.051052 0.004793
v -0.610432 1.049414 0.005290
v -0.610432 1.049414 0.005290
v -0.379897 1.051052 0.004793
v -0.610432 1.017069 -0.021086
v -0.379897 1.051052 0.004793
v -0.379897 1.016739 -0.021388
v -0.610432 1.017069 -0.021086
v -0.610432 1.017069 -0.021086
v -0.379897 1.016739 -0.021388
v -0.379897 0.979903 0.002534
v -0.610432 1.017069 -0.021086
v -0.379897 0.979903 0.002534
v -0.610432 0.975044 0.002929
v -0.610432 0.975044 0.002929
v -0.379897 0.979903 0.002534
v -0.610432 1.014522 0.029537
v -0.379897 0.979903 0.002534
v -0.379897 1.014217 0.028720
v -0.610432 1.014522 0.029537
v -0.610432 1.014522 0.029537
v -0.379897 1.014217 0.028720
v -0.379897 1.051052 0.004793
v -0.578861 1.032266 0.028663
v -0.589906 1.014473 0.030509
v -0.556745 1.032266 0.028663
v -0.545674 1.014473 0.030509
v -0.589906 1.014473 0.030509
v -0.556745 0.996899 0.027540
v -0.545674 1.014473 0.030509
v -0.578861 0.996899 0.027540
v -0.556745 0.996899 0.027540
v -0.589906 1.014473 0.030509
v -0.610432 1.049414 0.005290
v -0.610432 1.017069 -0.021086
v -0.610432 1.014522 0.029537
v -0.610432 0.975044 0.002929
v -0.147193 0.280078 -0.017750
v -0.131810 0.078666 -0.024145
v -0.080039 0.232180 0.035944
v -0.080039 0.232180 0.035944
v -0.131810 0.078666 -0.024145
v -0.079712 0.081483 0.023383
v -0.131810 0.078666 -0.024145
v -0.128860 0.026638 0.056205
v -0.079712 0.081483 0.023383
v -0.079712 0.081483 0.023383
v -0.128860 0.026638 0.056205
v -0.079232 0.039922 0.062003
v -0.128860 0.026638 0.056205
v -0.091816 0.020433 0.121368
v -0.079232 0.039922 0.062003
v -0.079232 0.039922 0.062003
v -0.091816 0.020433 0.121368
v -0.075349 0.022216 0.122103
v -0.091816 0.020433 0.121368
v -0.074492 -0.002469 0.130843
v -0.075349 0.022216 0.122103
v -0.075349 0.022216 0.122103
v -0.074492 -0.002469 0.130843
v -0.056058 0.020433 0.121368
v -0.074492 -0.002469 0.130843
v -0.056058 -0.003949 0.124533
v -0.056058 0.020433 0.121368
v -0.056058 0.020433 0.121368
v -0.056058 -0.003949 0.124533
v -0.016795 -0.007555 0.055120
v -0.075349 0.022216 0.122103
v -0.056058 0.020433 0.121368
v -0.079232 0.039922 0.062003
v -0.056058 0.020433 0.121368
v -0.018787 0.026638 0.056205
v -0.079232 0.039922 0.062003
v -0.079232 0.039922 0.062003
v -0.018787 0.026638 0.056205
v -0.079712 0.081483 0.023383
v -0.018787 0.026638 0.056205
v -0.025873 0.078666 -0.024145
v -0.079712 0.081483 0.023383
v -0.079712 0.081483 0.023383
v -0.025873 0.078666 -0.024145
v -0.009835 0.276465 -0.017865
v -0.025873 0.078666 -0.024145
v -0.080039 0.237156 -0.062947
v -0.009835 0.276465 -0.017865
v -0.074492 -0.002469 0.130843
v -0.091816 0.020433 0.121368
v -0.091816 -0.003949 0.124533
v -0.091816 -0.003949 0.124533
v -0.091816 0.020433 0.121368
v -0.131230 -0.007555 0.055120
v -0.091816 0.020433 0.121368
v -0.128860 0.026638 0.056205
v -0.131230 -0.007555 0.055120
v -0.131230 -0.007555 0.055120
v -0.128860 0.026638 0.056205
v -0.133550 -0.005916 0.022542
v -0.128860 0.026638 0.056205
v -0.136854 0.015671 -0.023562
v -0.133550 -0.005916 0.022542
v -0.147193 0.280078 -0.017750
v -0.080039 0.237156 -0.062947
v -0.131810 0.078666 -0.024145
v -0.131810 0.078666 -0.024145
v -0.080039 0.237156 -0.062947
v -0.079762 0.086307 -0.070190
v -0.080039 0.237156 -0.062947
v -0.025873 0.078666 -0.024145
v -0.079762 0.086307 -0.070190
v -0.021435 0.015896 -0.028033
v -0.018787 0.026638 0.056205
v -0.018736 -0.005804 0.020307
v -0.018736 -0.005804 0.020307
v -0.018787 0.026638 0.056205
v -0.016795 -0.007555 0.055120
v -0.018787 0.026638 0.056205
v -0.056058 0.020433 0.121368
v -0.016795 -0.007555 0.055120
v -0.009835 0.276465 -0.017865
v -0.080039 0.232180 0.035944
v -0.079712 0.081483 0.023383
v -0.021435 0.015896 -0.028033
v -0.025873 0.078666 -0.024145
v -0.018787 0.026638 0.056205
v -0.131810 0.078666 -0.024145
v -0.136854 0.015671 -0.023562
v -0.128860 0.026638 0.056205
v -0.056058 -0.003949 0.124533
v -0.131230 -0.007555 0.055120
v -0.016795 -0.007555 0.055120
v -0.016795 -0.007555 0.055120
v -0.131230 -0.007555 0.055120
v -0.018736 -0.005804 0.020307
v -0.131230 -0.007555 0.055120
v -0.133550 -0.005916 0.022542
v -0.018736 -0.005804 0.020307
v -0.018736 -0.005804 0.020307
v -0.133550 -0.005916 0.022542
v -0.021435 0.015896 -0.028033
v -0.133550 -0.005916 0.022542
v -0.136854 0.015671 -0.023562
v -0.021435 0.015896 -0.028033
v -0.131230 -0.007555 0.055120
v -0.056058 -0.003949 0.124533
v -0.091816 -0.003949 0.124533
v -0.091816 -0.003949 0.124533
v -0.056058 -0.003949 0.124533
v -0.074492 -0.002469 0.130843
v -0.078703 0.401845 0.014143
v -0.128936 0.444640 -0.004558
v -0.118243 0.402910 -0.007014
v -0.118243 0.402910 -0.007014
v -0.128936 0.444640 -0.004558
v -0.078703 0.403976 -0.028191
v -0.128936 0.444640 -0.004558
v -0.078451 0.444341 -0.004568
v -0.078703 0.403976 -0.028191
v -0.078703 0.403976 -0.028191
v -0.078451 0.444341 -0.004568
v -0.020981 0.444065 -0.004576
v -0.078451 0.444341 -0.004568
v -0.078703 0.401845 0.014143
v -0.020981 0.444065 -0.004576
v -0.020981 0.444065 -0.004576
v -0.078703 0.401845 0.014143
v -0.030790 0.402911 -0.007029
v -0.128936 0.444640 -0.004558
v -0.078703 0.401845 0.014143
v -0.078451 0.444341 -0.004568
v -0.078703 0.403976 -0.028191
v -0.020981 0.444065 -0.004576
v -0.030790 0.402911 -0.007029
v 0.080039 0.237156 -0.062947
v 0.025873 0.078666 -0.024145
v 0.009835 0.276465 -0.017865
v 0.009835 0.276465 -0.017865
v 0.025873 0.078666 -0.024145
v 0.079711 0.081483 0.023383
v 0.025873 0.078666 -0.024145
v 0.018787 0.026638 0.056205
v 0.079711 0.081483 0.023383
v 0.079711 0.081483 0.023383
v 0.018787 0.026638 0.056205
v 0.079232 0.039922 0.062003
v 0.018787 0.026638 0.056205
v 0.056058 0.020433 0.121368
v 0.079232 0.039922 0.062003
v 0.079232 0.039922 0.062003
v 0.056058 0.020433 0.121368
v 0.075349 0.022216 0.122103
v 0.056058 0.020433 0.121368
v 0.074491 -0.002469 0.130843
v 0.075349 0.022216 0.122103
v 0.075349 0.022216 0.122103
v 0.074491 -0.002469 0.130843
v 0.091816 0.020433 0.121368
v 0.074491 -0.002469 0.130843
v 0.091816 -0.003949 0.124533
v 0.091816 0.020433 0.121368
v 0.091816 0.020433 0.121368
v 0.091816 -0.003949 0.124533
v 0.131230 -0.007555 0.055120
v 0.075349 0.022216 0.122103
v 0.091816 0.020433 0.121368
v 0.079232 0.039922 0.062003
v 0.091816 0.020433 0.121368
v 0.128860 0.026638 0.056205
v 0.079232 0.039922 0.062003
v 0.079232 0.039922 0.062003
v 0.128860 0.026638 0.056205
v 0.079711 0.081483 0.023383
v 0.128860 0.026638 0.056205
v 0.131810 0.078666 -0.024145
v 0.079711 0.081483 0.023383
v 0.079711 0.081483 0.023383
v 0.131810 0.078666 -0.024145
v 0.080039 0.232180 0.035944
v 0.131810 0.078666 -0.024145
v 0.147193 0.280078 -0.017750
v 0.080039 0.232180 0.035944
v 0.074491 -0.002469 0.130843
v 0.056058 0.020433 0.121368
v 0.056058 -0.003949 0.124533
v 0.056058 -0.003949 0.124533
v 0.056058 0.020433 0.121368
v 0.016795 -0.007555 0.055120
v 0.056058 0.020433 0.121368
v 0.018787 0.026638 0.056205
v 0.016795 -0.007555 0.055120
v 0.016795 -0.007555 0.055120
v 0.018787 0.026638 0.056205
v 0.018736 -0.005804 0.020307
v 0.018787 0.026638 0.056205
v 0.021435 0.015896 -0.028033
v 0.018736 -0.005804 0.020307
v 0.025873 0.078666 -0.024145
v 0.080039 0.237156 -0.062947
v 0.079762 0.086307 -0.070190
v 0.079762 0.086307 -0.070190
v 0.080039 0.237156 -0.062947
v 0.131810 0.078666 -0.024145
v 0.080039 0.237156 -0.062947
v 0.147193 0.280078 -0.017750
v 0.131810 0.078666 -0.024145
v 0.131810 0.078666 -0.024145
v 0.128860 0.026638 0.056205
v 0.136854 0.015671 -0.023562
v 0.136854 0.015671 -0.023562
v 0.128860 0.026638 0.056205
v 0.133550 -0.005916 0.022542
v 0.128860 0.026638 0.056205
v 0.131230 -0.007555 0.055120
v 0.133550 -0.005916 0.022542
v 0.080039 0.232180 0.035944
v 0.009835 0.276465 -0.017865
v 0.079711 0.081483 0.023383
v 0.021435 0.015896 -0.028033
v 0.018787 0.026638 0.056205
v 0.025873 0.078666 -0.024145
v 0.131230 -0.007555 0.055120
v 0.128860 0.026638 0.056205
v 0.091816 0.020433 0.121368
v 0.136854 0.015671 -0.023562
v 0.133550 -0.005916 0.022542
v 0.021435 0.015896 -0.028033
v 0.021435 0.015896 -0.028033
v 0.133550 -0.005916 0.022542
v 0.018736 -0.005804 0.020307
v 0.133550 -0.005916 0.022542
v 0.131230 -0.007555 0.055120
v 0.018736 -0.005804 0.020307
v 0.018736 -0.005804 0.020307
v 0.131230 -0.007555 0.055120
v 0.016795 -0.007555 0.055120
v 0.131230 -0.007555 0.055120
v 0.056058 -0.003949 0.124533
v 0.016795 -0.007555 0.055120
v 0.131230 -0.007555 0.055120
v 0.091816 -0.003949 0.124533
v 0.056058 -0.003949 0.124533
v 0.056058 -0.003949 0.124533
v 0.091816 -0.003949 0.124533
v 0.074491 -0.002469 0.130843
v 0.118243 0.402910 -0.007014
v 0.128935 0.444640 -0.004558
v 0.078703 0.401845 0.014143
v 0.078703 0.401845 0.014143
v 0.128935 0.444640 -0.004558
v 0.078451 0.444341 -0.004568
v 0.128935 0.444640 -0.004558
v 0.078703 0.403976 -0.028191
v 0.078451 0.444341 -0.004568
v 0.078451 0.444341 -0.004568
v 0.078703 0.403976 -0.028191
v 0.020981 0.444065 -0.004576
v 0.078703 0.403976 -0.028191
v 0.030790 0.402911 -0.007029
v 0.020981 0.444065 -0.004576
v 0.020981 0.444065 -0.004576
v 0.030790 0.402911 -0.007029
v 0.078703 0.401845 0.014143
v 0.118243 0.402910 -0.007014
v 0.078703 0.403976 -0.028191
v 0.128935 0.444640 -0.004558
v 0.078703 0.401845 0.014143
v 0.078451 0.444341 -0.004568
v 0.020981 0.444065 -0.004576
v -0.030261 1.061170 0.058382
v -0.000656 1.049537 0.069718
v -0.000630 1.092804 0.068208
v -0.000630 1.092804 0.068208
v -0.000656 1.049537 0.069718
v 0.043147 1.097312 0.044114
v -0.000656 1.049537 0.069718
v 0.030261 1.061147 0.058376
v 0.043147 1.097312 0.044114
v 0.043147 1.097312 0.044114
v 0.030261 1.061147 0.058376
v 0.065212 1.105698 0.013951
v 0.030261 1.061147 0.058376
v 0.065237 1.082758 0.013190
v 0.065212 1.105698 0.013951
v 0.065212 1.105698 0.013951
v 0.065237 1.082758 0.013190
v 0.051443 1.117713 -0.028804
v 0.065237 1.082758 0.013190
v 0.053233 1.081630 -0.033564
v 0.051443 1.117713 -0.028804
v 0.051443 1.117713 -0.028804
v 0.053233 1.081630 -0.033564
v 0.000000 1.125622 -0.050852
v 0.053233 1.081630 -0.033564
v -0.000403 1.081312 -0.050135
v 0.000000 1.125622 -0.050852
v 0.000000 1.125622 -0.050852
v -0.000403 1.081312 -0.050135
v -0.052401 1.117689 -0.028786
v -0.000403 1.081312 -0.050135
v -0.054192 1.081583 -0.033541
v -0.052401 1.117689 -0.028786
v -0.052401 1.117689 -0.028786
v -0.054192 1.081583 -0.033541
v -0.064783 1.106798 0.010864
v -0.054192 1.081583 -0.033541
v -0.064783 1.083887 0.009979
v -0.064783 1.106798 0.010864
v -0.064783 1.106798 0.010864
v -0.064783 1.083887 0.009979
v -0.043172 1.097335 0.044106
v -0.064783 1.083887 0.009979
v -0.030261 1.061170 0.058382
v -0.043172 1.097335 0.044106
v -0.043172 1.097335 0.044106
v -0.030261 1.061170 0.058382
v -0.000630 1.092804 0.068208
v 0.066119 1.058904 0.054868
v 0.080695 1.080502 0.016336
v 0.046727 1.084365 0.065525
v 0.046727 1.084365 0.065525
v 0.080695 1.080502 0.016336
v 0.072600 1.102122 0.013103
v 0.080695 1.080502 0.016336
v 0.064531 1.081201 -0.035573
v 0.072600 1.102122 0.013103
v 0.072600 1.102122 0.013103
v 0.064531 1.081201 -0.035573
v 0.059008 1.100871 -0.031669
v 0.064531 1.081201 -0.035573
v 0.000000 1.075639 -0.054206
v 0.059008 1.100871 -0.031669
v 0.059008 1.100871 -0.031669
v 0.000000 1.075639 -0.054206
v 0.000000 1.102679 -0.053400
v 0.000000 1.075639 -0.054206
v -0.064682 1.081245 -0.035538
v 0.000000 1.102679 -0.053400
v 0.000000 1.102679 -0.053400
v -0.064682 1.081245 -0.035538
v -0.059008 1.100893 -0.031644
v -0.064682 1.081245 -0.035538
v -0.080846 1.080479 0.016340
v -0.059008 1.100893 -0.031644
v -0.059008 1.100893 -0.031644
v -0.080846 1.080479 0.016340
v -0.072600 1.102122 0.013103
v -0.080846 1.080479 0.016340
v -0.066094 1.058904 0.054858
v -0.072600 1.102122 0.013103
v -0.072600 1.102122 0.013103
v -0.066094 1.058904 0.054858
v -0.046753 1.084388 0.065530
v -0.030261 1.061170 0.058382
v -0.064783 1.083887 0.009979
v -0.046753 1.084388 0.065530
v -0.046753 1.084388 0.065530
v -0.064783 1.083887 0.009979
v -0.072600 1.102122 0.013103
v -0.064783 1.083887 0.009979
v -0.054192 1.081583 -0.033541
v -0.072600 1.102122 0.013103
v -0.072600 1.102122 0.013103
v -0.054192 1.081583 -0.033541
v -0.059008 1.100893 -0.031644
v -0.054192 1.081583 -0.033541
v -0.000403 1.081362 -0.051140
v -0.059008 1.100893 -0.031644
v -0.059008 1.100893 -0.031644
v -0.000403 1.081362 -0.051140
v 0.000000 1.102679 -0.053400
v -0.000403 1.081362 -0.051140
v 0.053233 1.081630 -0.033564
v 0.000000 1.102679 -0.053400
v 0.000000 1.102679 -0.053400
v 0.053233 1.081630 -0.033564
v 0.059008 1.100871 -0.031669
v 0.053233 1.081630 -0.033564
v 0.065237 1.082758 0.013190
v 0.059008 1.100871 -0.031669
v 0.059008 1.100871 -0.031669
v 0.065237 1.082758 0.013190
v 0.072600 1.102122 0.013103
v 0.065237 1.082758 0.013190
v 0.046727 1.084365 0.065525
v 0.072600 1.102122 0.013103
v 0.030261 1.061147 0.058376
v 0.046727 1.084365 0.065525
v 0.065237 1.082758 0.013190
v -0.115822 1.065307 0.007762
v -0.081779 1.053555 0.054899
v -0.064783 1.083887 0.009979
v -0.000656 1.049537 0.069718
v -0.030261 1.061170 0.058382
v -0.081779 1.053555 0.054899
v -0.081779 1.053555 0.054899
v -0.030261 1.061170 0.058382
v -0.064783 1.083887 0.009979
v 0.114133 1.065331 0.007743
v 0.081956 1.069527 -0.040374
v 0.065237 1.082758 0.013190
v 0.065237 1.082758 0.013190
v 0.081956 1.069527 -0.040374
v 0.053233 1.081630 -0.033564
v 0.081956 1.069527 -0.040374
v 0.000000 1.067313 -0.064614
v 0.053233 1.081630 -0.033564
v 0.053233 1.081630 -0.033564
v 0.000000 1.067313 -0.064614
v -0.000403 1.081312 -0.050135
v 0.000000 1.067313 -0.064614
v -0.054192 1.081583 -0.033541
v -0.000403 1.081312 -0.050135
v 0.000000 1.067313 -0.064614
v -0.077442 1.069772 -0.044768
v -0.054192 1.081583 -0.033541
v -0.054192 1.081583 -0.033541
v -0.077442 1.069772 -0.044768
v -0.064783 1.083887 0.009979
v -0.077442 1.069772 -0.044768
v -0.115822 1.065307 0.007762
v -0.064783 1.083887 0.009979
v 0.071415 1.119151 -0.045458
v 0.077719 1.105998 -0.037364
v 0.058882 1.108181 -0.051430
v 0.058882 1.108181 -0.051430
v 0.077719 1.105998 -0.037364
v 0.065186 1.095028 -0.043336
v 0.077719 1.105998 -0.037364
v 0.071415 1.119151 -0.045458
v 0.051973 1.125466 -0.030802
v 0.060622 1.079295 -0.059522
v 0.068465 1.111213 -0.041146
v 0.113755 1.051426 -0.069960
v 0.113755 1.051426 -0.069960
v 0.068465 1.111213 -0.041146
v 0.095750 1.081896 -0.035174
v 0.045164 1.086261 -0.062385
v 0.064733 1.111979 -0.042635
v 0.083973 1.069329 -0.095968
v 0.083973 1.069329 -0.095968
v 0.064733 1.111979 -0.042635
v 0.093581 1.084521 -0.052090
v 0.065237 1.082758 0.013190
v 0.030261 1.061147 0.058376
v 0.086671 1.053556 0.054894
v 0.086671 1.053556 0.054894
v 0.030261 1.061147 0.058376
v -0.000656 1.049537 0.069718
v 0.065237 1.082758 0.013190
v 0.086671 1.053556 0.054894
v 0.114133 1.065331 0.007743
v -0.000630 1.092804 0.068208
v 0.043147 1.097312 0.044114
v -0.043172 1.097335 0.044106
v 0.043147 1.097312 0.044114
v 0.065212 1.105698 0.013951
v -0.043172 1.097335 0.044106
v -0.043172 1.097335 0.044106
v 0.065212 1.105698 0.013951
v -0.064783 1.106798 0.010864
v 0.065212 1.105698 0.013951
v 0.051443 1.117713 -0.028804
v -0.064783 1.106798 0.010864
v -0.064783 1.106798 0.010864
v 0.051443 1.117713 -0.028804
v -0.052401 1.117689 -0.028786
v 0.051443 1.117713 -0.028804
v 0.000000 1.125622 -0.050852
v -0.052401 1.117689 -0.028786
v 0.744840 1.002346 -0.034911
v 0.779917 1.021606 -0.032481
v 0.779917 1.004470 -0.033154
v 0.779917 1.004470 -0.033154
v 0.779917 1.021606 -0.032481
v 0.815347 1.015420 -0.029536
v 0.779917 1.021606 -0.032481
v 0.779917 1.018894 0.021431
v 0.815347 1.015420 -0.029536
v 0.815347 1.015420 -0.029536
v 0.779917 1.018894 0.021431
v 0.826266 1.013034 0.017879
v 0.779917 1.018894 0.021431
v 0.779917 1.001778 0.020353
v 0.826266 1.013034 0.017879
v 0.826266 1.013034 0.017879
v 0.779917 1.001778 0.020353
v 0.826266 1.004267 0.017601
v 0.779917 1.001778 0.020353
v 0.815347 1.006653 -0.029814
v 0.826266 1.004267 0.017601
v 0.744840 1.002346 -0.034911
v 0.744840 1.027806 -0.033845
v 0.779917 1.021606 -0.032481
v 0.779917 1.021606 -0.032481
v 0.744840 1.027806 -0.033845
v 0.779917 1.018894 0.021431
v 0.744840 1.027806 -0.033845
v 0.744840 1.024979 0.022326
v 0.779917 1.018894 0.021431
v 0.779917 1.018894 0.021431
v 0.744840 1.024979 0.022326
v 0.779917 1.001778 0.020353
v 0.744840 1.024979 0.022326
v 0.744840 0.999560 0.020454
v 0.779917 1.001778 0.020353
v 0.815347 1.006653 -0.029814
v 0.779917 1.001778 0.020353
v 0.779917 1.004470 -0.033154
v 0.779917 1.004470 -0.033154
v 0.779917 1.001778 0.020353
v 0.744840 1.002346 -0.034911
v 0.779917 1.001778 0.020353
v 0.744840 0.999560 0.020454
v 0.744840 1.002346 -0.034911
v 0.826266 1.004267 0.017601
v 0.815347 1.006653 -0.029814
v 0.826266 1.013034 0.017879
v 0.826266 1.013034 0.017879
v 0.815347 1.006653 -0.029814
v 0.815347 1.015420 -0.029536
v 0.815347 1.006653 -0.029814
v 0.779917 1.004470 -0.033154
v 0.815347 1.015420 -0.029536
v 0.716168 0.955178 0.063839
v 0.729659 0.961448 0.056008
v 0.715941 0.968633 0.071251
v 0.715941 0.968633 0.071251
v 0.729659 0.961448 0.056008
v 0.729256 0.975234 0.063722
v 0.715941 0.968633 0.071251
v 0.695111 0.968237 0.049813
v 0.716168 0.955178 0.063839
v 0.716168 0.955178 0.063839
v 0.695111 0.968237 0.049813
v 0.719043 0.974489 0.046025
v 0.695111 0.968237 0.049813
v 0.700130 1.002968 0.026014
v 0.719043 0.974489 0.046025
v 0.719043 0.974489 0.046025
v 0.700130 1.002968 0.026014
v 0.718387 0.987111 0.054412
v 0.700130 1.002968 0.026014
v 0.697658 1.014131 0.035010
v 0.718387 0.987111 0.054412
v 0.718387 0.987111 0.054412
v 0.697658 1.014131 0.035010
v 0.696045 0.981913 0.058787
v 0.697658 1.014131 0.035010
v 0.658799 1.007579 0.035604
v 0.696045 0.981913 0.058787
v 0.696045 0.981913 0.058787
v 0.658799 1.007579 0.035604
v 0.695111 0.968237 0.049813
v 0.658799 1.007579 0.035604
v 0.657513 0.991995 0.024692
v 0.695111 0.968237 0.049813
v 0.695111 0.968237 0.049813
v 0.657513 0.991995 0.024692
v 0.700130 1.002968 0.026014
v 0.716168 0.955178 0.063839
v 0.719043 0.974489 0.046025
v 0.729659 0.961448 0.056008
v 0.729659 0.961448 0.056008
v 0.719043 0.974489 0.046025
v 0.729256 0.975234 0.063722
v 0.719043 0.974489 0.046025
v 0.718387 0.987111 0.054412
v 0.729256 0.975234 0.063722
v 0.729256 0.975234 0.063722
v 0.718387 0.987111 0.054412
v 0.715941 0.968633 0.071251
v 0.718387 0.987111 0.054412
v 0.696045 0.981913 0.058787
v 0.715941 0.968633 0.071251
v 0.715941 0.968633 0.071251
v 0.696045 0.981913 0.058787
v 0.695111 0.968237 0.049813
v -0.808261 1.003203 0.038754
v -0.808261 1.011970 0.039032
v -0.808261 1.003784 0.027205
v -0.808261 1.012551 0.027483
v -0.808261 1.003784 0.027205
v -0.808261 1.012551 0.027483
v -0.766955 1.001652 0.022846
v -0.766955 1.001652 0.022846
v -0.808261 1.012551 0.027483
v -0.766955 1.018771 0.023881
v -0.808261 1.012551 0.027483
v -0.808261 1.011970 0.039032
v -0.766955 1.018771 0.023881
v -0.766955 1.018771 0.023881
v -0.808261 1.011970 0.039032
v -0.766955 1.017934 0.040506
v -0.808261 1.011970 0.039032
v -0.766955 1.000822 0.039347
v -0.766955 1.017934 0.040506
v -0.766955 1.017934 0.040506
v -0.766955 1.000822 0.039347
v -0.744840 1.024012 0.041548
v -0.766955 1.000822 0.039347
v -0.744840 0.998607 0.039400
v -0.744840 1.024012 0.041548
v -0.744840 0.998607 0.039400
v -0.766955 1.000822 0.039347
v -0.744840 0.999560 0.020454
v -0.744840 0.999560 0.020454
v -0.766955 1.000822 0.039347
v -0.766955 1.001652 0.022846
v -0.766955 1.000822 0.039347
v -0.808261 1.003203 0.038754
v -0.766955 1.001652 0.022846
v -0.766955 1.001652 0.022846
v -0.808261 1.003203 0.038754
v -0.808261 1.003784 0.027205
v -0.744840 1.024012 0.041548
v -0.744840 1.024980 0.022326
v -0.766955 1.017934 0.040506
v -0.766955 1.017934 0.040506
v -0.744840 1.024980 0.022326
v -0.766955 1.018771 0.023881
v -0.744840 1.024980 0.022326
v -0.744840 0.999560 0.020454
v -0.766955 1.018771 0.023881
v -0.766955 1.018771 0.023881
v -0.744840 0.999560 0.020454
v -0.766955 1.001652 0.022846
v -0.808261 1.003203 0.038754
v -0.766955 1.000822 0.039347
v -0.808261 1.011970 0.039032
v -0.651133 1.033291 0.038988
v -0.651133 0.993785 0.036297
v -0.605666 1.024732 0.019454
v -0.605666 1.024732 0.019454
v -0.651133 0.993785 0.036297
v -0.605818 1.004349 0.015980
v -0.651133 0.993785 0.036297
v -0.651133 0.997166 -0.030903
v -0.605818 1.004349 0.015980
v -0.605818 1.004349 0.015980
v -0.651133 0.997166 -0.030903
v -0.605818 1.005602 -0.008919
v -0.651133 0.997166 -0.030903
v -0.651133 1.036711 -0.028970
v -0.605818 1.005602 -0.008919
v -0.605818 1.005602 -0.008919
v -0.651133 1.036711 -0.028970
v -0.605666 1.026269 -0.011094
v -0.651133 1.036711 -0.028970
v -0.651133 1.033291 0.038988
v -0.605666 1.026269 -0.011094
v -0.605666 1.026269 -0.011094
v -0.651133 1.033291 0.038988
v -0.605666 1.024732 0.019454
v -0.744840 0.998607 0.039400
v -0.744840 0.999560 0.020454
v -0.651133 0.993785 0.036297
v -0.744840 0.999560 0.020454
v -0.744840 1.002346 -0.034911
v -0.651133 0.993785 0.036297
v -0.651133 0.993785 0.036297
v -0.744840 1.002346 -0.034911
v -0.651133 0.997166 -0.030903
v -0.744840 1.002346 -0.034911
v -0.744840 1.027806 -0.033845
v -0.651133 0.997166 -0.030903
v -0.651133 0.997166 -0.030903
v -0.744840 1.027806 -0.033845
v -0.651133 1.036711 -0.028970
v -0.744840 1.027806 -0.033845
v -0.744840 1.024980 0.022326
v -0.651133 1.036711 -0.028970
v -0.651133 1.036711 -0.028970
v -0.744840 1.024980 0.022326
v -0.651133 1.033291 0.038988
v -0.744840 1.024980 0.022326
v -0.744840 1.024012 0.041548
v -0.651133 1.033291 0.038988
v -0.744840 1.024012 0.041548
v -0.744840 0.998607 0.039400
v -0.651133 1.033291 0.038988
v -0.651133 1.033291 0.038988
v -0.744840 0.998607 0.039400
v -0.651133 0.993785 0.036297
v -0.379897 1.016739 -0.021388
v -0.339675 0.971045 0.002253
v -0.379897 0.979903 0.002534
v -0.379897 0.979903 0.002534
v -0.339675 0.971045 0.002253
v -0.379897 1.014217 0.028720
v -0.339675 0.971045 0.002253
v -0.339675 1.015478 0.003664
v -0.379897 1.014217 0.028720
v -0.379897 1.014217 0.028720
v -0.339675 1.015478 0.003664
v -0.339675 1.059313 0.005055
v -0.339675 1.015478 0.003664
v -0.379897 1.016739 -0.021388
v -0.339675 1.059313 0.005055
v -0.339675 1.059313 0.005055
v -0.379897 1.016739 -0.021388
v -0.379897 1.051052 0.004793
v -0.339675 0.971045 0.002253
v -0.379897 1.016739 -0.021388
v -0.339675 1.015478 0.003664
v -0.379897 1.014217 0.028720
v -0.339675 1.059313 0.005055
v -0.379897 1.051052 0.004793
v -0.815347 1.015420 -0.029536
v -0.815347 1.006653 -0.029814
v -0.826266 1.013034 0.017879
v -0.826266 1.013034 0.017879
v -0.815347 1.006653 -0.029814
v -0.826266 1.004267 0.017601
v -0.815347 1.006653 -0.029814
v -0.779917 1.001778 0.020353
v -0.826266 1.004267 0.017601
v -0.826266 1.004267 0.017601
v -0.779917 1.001778 0.020353
v -0.826266 1.013034 0.017879
v -0.779917 1.001778 0.020353
v -0.779917 1.018894 0.021431
v -0.826266 1.013034 0.017879
v -0.826266 1.013034 0.017879
v -0.779917 1.018894 0.021431
v -0.815347 1.015420 -0.029536
v -0.779917 1.018894 0.021431
v -0.779917 1.021606 -0.032481
v -0.815347 1.015420 -0.029536
v -0.815347 1.015420 -0.029536
v -0.779917 1.021606 -0.032481
v -0.779917 1.004470 -0.033154
v -0.779917 1.021606 -0.032481
v -0.744840 1.002346 -0.034911
v -0.779917 1.004470 -0.033154
v -0.744840 0.999560 0.020454
v -0.744840 1.024980 0.022326
v -0.779917 1.001778 0.020353
v -0.779917 1.001778 0.020353
v -0.744840 1.024980 0.022326
v -0.779917 1.018894 0.021431
v -0.744840 1.024980 0.022326
v -0.744840 1.027806 -0.033845
v -0.779917 1.018894 0.021431
v -0.779917 1.018894 0.021431
v -0.744840 1.027806 -0.033845
v -0.779917 1.021606 -0.032481
v -0.744840 1.027806 -0.033845
v -0.744840 1.002346 -0.034911
v -0.779917 1.021606 -0.032481
v -0.744840 0.999560 0.020454
v -0.779917 1.001778 0.020353
v -0.744840 1.002346 -0.034911
v -0.744840 1.002346 -0.034911
v -0.779917 1.001778 0.020353
v -0.779917 1.004470 -0.033154
v -0.779917 1.001778 0.020353
v -0.815347 1.006653 -0.029814
v -0.779917 1.004470 -0.033154
v -0.815347 1.006653 -0.029814
v -0.815347 1.015420 -0.029536
v -0.779917 1.004470 -0.033154
v -0.729256 0.975234 0.063722
v -0.729659 0.961448 0.056008
v -0.715941 0.968633 0.071251
v -0.715941 0.968633 0.071251
v -0.729659 0.961448 0.056008
v -0.716168 0.955178 0.063839
v -0.700130 1.002968 0.026014
v -0.657513 0.991995 0.024692
v -0.695111 0.968237 0.049813
v -0.657513 0.991995 0.024692
v -0.658799 1.007579 0.035604
v -0.695111 0.968237 0.049813
v -0.695111 0.968237 0.049813
v -0.658799 1.007579 0.035604
v -0.696045 0.981913 0.058787
v -0.658799 1.007579 0.035604
v -0.697658 1.014131 0.035010
v -0.696045 0.981913 0.058787
v -0.696045 0.981913 0.058787
v -0.697658 1.014131 0.035010
v -0.718387 0.987111 0.054412
v -0.697658 1.014131 0.035010
v -0.700130 1.002968 0.026014
v -0.718387 0.987111 0.054412
v -0.718387 0.987111 0.054412
v -0.700130 1.002968 0.026014
v -0.719043 0.974489 0.046025
v -0.700130 1.002968 0.026014
v -0.695111 0.968237 0.049813
v -0.719043 0.974489 0.046025
v -0.719043 0.974489 0.046025
v -0.695111 0.968237 0.049813
v -0.716168 0.955178 0.063839
v -0.695111 0.968237 0.049813
v -0.715941 0.968633 0.071251
v -0.716168 0.955178 0.063839
v -0.695111 0.968237 0.049813
v -0.696045 0.981913 0.058787
v -0.715941 0.968633 0.071251
v -0.696045 0.981913 0.058787
v -0.718387 0.987111 0.054412
v -0.715941 0.968633 0.071251
v -0.715941 0.968633 0.071251
v -0.718387 0.987111 0.054412
v -0.729256 0.975234 0.063722
v -0.718387 0.987111 0.054412
v -0.719043 0.974489 0.046025
v -0.729256 0.975234 0.063722
v -0.729256 0.975234 0.063722
v -0.719043 0.974489 0.046025
v -0.729659 0.961448 0.056008
v -0.719043 0.974489 0.046025
v -0.716168 0.955178 0.063839
v -0.729659 0.961448 0.056008
v 0.016669 1.316395 0.081776
v 0.032328 1.283961 0.087401
v 0.078198 1.314177 0.074081
v 0.078198 1.314177 0.074081
v 0.032328 1.283961 0.087401
v 0.076610 1.285172 0.075237
v 0.032328 1.283961 0.087401
v 0.077417 1.270715 0.069872
v 0.076610 1.285172 0.075237
v 0.076610 1.285172 0.075237
v 0.077417 1.270715 0.069872
v 0.094867 1.288390 0.050672
v 0.077417 1.270715 0.069872
v 0.094035 1.255346 0.049633
v 0.094867 1.288390 0.050672
v 0.094867 1.288390 0.050672
v 0.094035 1.255346 0.049633
v 0.100314 1.254336 0.029407
v 0.094035 1.255346 0.049633
v 0.091866 1.223956 0.048254
v 0.100314 1.254336 0.029407
v 0.100314 1.254336 0.029407
v 0.091866 1.223956 0.048254
v 0.099860 1.221822 0.027907
v 0.091866 1.223956 0.048254
v 0.088790 1.192026 0.031496
v 0.099860 1.221822 0.027907
v 0.099860 1.221822 0.027907
v 0.088790 1.192026 0.031496
v 0.080871 1.192858 0.005352
v 0.088790 1.192026 0.031496
v 0.063472 1.165160 0.009361
v 0.080871 1.192858 0.005352
v 0.080871 1.192858 0.005352
v 0.063472 1.165160 0.009361
v 0.042441 1.218075 -0.028163
v 0.063472 1.165160 0.009361
v 0.039541 1.190681 -0.025590
v 0.042441 1.218075 -0.028163
v 0.042441 1.218075 -0.028163
v 0.039541 1.190681 -0.025590
v 0.000000 1.192981 -0.036044
v 0.046021 1.152377 0.049973
v 0.088790 1.192026 0.031496
v 0.085890 1.194792 0.052093
v 0.088790 1.192026 0.031496
v 0.091866 1.223956 0.048254
v 0.085890 1.194792 0.052093
v 0.085890 1.194792 0.052093
v 0.091866 1.223956 0.048254
v 0.074643 1.198985 0.065879
v 0.091866 1.223956 0.048254
v 0.077820 1.226543 0.062329
v 0.074643 1.198985 0.065879
v 0.074643 1.198985 0.065879
v 0.077820 1.226543 0.062329
v 0.065363 1.213838 0.071154
v 0.077820 1.226543 0.062329
v 0.067103 1.244973 0.071338
v 0.065363 1.213838 0.071154
v 0.065363 1.213838 0.071154
v 0.067103 1.244973 0.071338
v 0.059501 1.245254 0.075507
v 0.067103 1.244973 0.071338
v 0.068818 1.260187 0.073569
v 0.059501 1.245254 0.075507
v 0.059501 1.245254 0.075507
v 0.068818 1.260187 0.073569
v 0.032480 1.247844 0.085595
v 0.068818 1.260187 0.073569
v 0.032732 1.262607 0.086255
v 0.032480 1.247844 0.085595
v 0.032480 1.247844 0.085595
v 0.032732 1.262607 0.086255
v 0.000000 1.264726 0.090414
v 0.032732 1.262607 0.086255
v 0.032328 1.283961 0.087401
v 0.000000 1.264726 0.090414
v 0.000000 1.264726 0.090414
v 0.032328 1.283961 0.087401
v 0.000000 1.272043 0.091099
v 0.032328 1.283961 0.087401
v 0.019039 1.284006 0.104813
v 0.000000 1.272043 0.091099
v 0.032202 1.235665 0.087244
v 0.034926 1.212434 0.083951
v 0.059501 1.245254 0.075507
v 0.059501 1.245254 0.075507
v 0.034926 1.212434 0.083951
v 0.065363 1.213838 0.071154
v 0.034926 1.212434 0.083951
v 0.041381 1.176181 0.084853
v 0.065363 1.213838 0.071154
v 0.065363 1.213838 0.071154
v 0.041381 1.176181 0.084853
v 0.074643 1.198985 0.065879
v 0.041381 1.176181 0.084853
v 0.047862 1.157660 0.077338
v 0.074643 1.198985 0.065879
v 0.074643 1.198985 0.065879
v 0.047862 1.157660 0.077338
v 0.085890 1.194792 0.052093
v 0.047862 1.157660 0.077338
v 0.046021 1.152377 0.049973
v 0.085890 1.194792 0.052093
v 0.032202 1.235665 0.087244
v 0.000000 1.211110 0.088267
v 0.034926 1.212434 0.083951
v 0.034926 1.212434 0.083951
v 0.000000 1.211110 0.088267
v 0.041381 1.176181 0.084853
v 0.000000 1.211110 0.088267
v 0.000000 1.167711 0.093334
v 0.041381 1.176181 0.084853
v 0.041381 1.176181 0.084853
v 0.000000 1.167711 0.093334
v 0.047862 1.157660 0.077338
v 0.000000 1.167711 0.093334
v 0.000000 1.148212 0.080976
v 0.047862 1.157660 0.077338
v 0.047862 1.157660 0.077338
v 0.000000 1.148212 0.080976
v 0.000000 1.143407 0.053717
v 0.091866 1.223956 0.048254
v 0.094035 1.255346 0.049633
v 0.077820 1.226543 0.062329
v 0.094035 1.255346 0.049633
v 0.077417 1.270715 0.069872
v 0.077820 1.226543 0.062329
v 0.077820 1.226543 0.062329
v 0.077417 1.270715 0.069872
v 0.068818 1.260187 0.073569
v 0.077417 1.270715 0.069872
v 0.032732 1.262607 0.086255
v 0.068818 1.260187 0.073569
v 0.059501 1.245254 0.075507
v 0.032480 1.247844 0.085595
v 0.032631 1.235250 0.087233
v 0.032631 1.235250 0.087233
v 0.032480 1.247844 0.085595
v 0.000000 1.248877 0.091634
v 0.032480 1.247844 0.085595
v 0.000000 1.264726 0.090414
v 0.000000 1.248877 0.091634
v 0.047862 1.157660 0.077338
v 0.000000 1.143407 0.053717
v 0.046021 1.152377 0.049973
v 0.046021 1.152377 0.049973
v 0.000000 1.143407 0.053717
v 0.041054 1.142360 0.037434
v 0.000000 1.143407 0.053717
v 0.000000 1.134361 0.046627
v 0.041054 1.142360 0.037434
v 0.078198 1.314177 0.074081
v 0.076610 1.285172 0.075237
v 0.092724 1.349900 0.051651
v 0.092724 1.349900 0.051651
v 0.076610 1.285172 0.075237
v 0.094867 1.288390 0.050672
v 0.046021 1.152377 0.049973
v 0.041054 1.142360 0.037434
v 0.088790 1.192026 0.031496
v 0.088790 1.192026 0.031496
v 0.041054 1.142360 0.037434
v 0.063472 1.165160 0.009361
v 0.077820 1.226543 0.062329
v 0.068818 1.260187 0.073569
v 0.067103 1.244973 0.071338
v 0.032328 1.283961 0.087401
v 0.032732 1.262607 0.086255
v 0.077417 1.270715 0.069872
v 0.099709 1.287099 0.030519
v 0.094867 1.288390 0.050672
v 0.100314 1.254336 0.029407
v 0.016669 1.316395 0.081776
v 0.019039 1.284006 0.104813
v 0.032328 1.283961 0.087401
v 0.000000 1.230086 0.095174
v 0.032631 1.235250 0.087233
v 0.000000 1.248877 0.091634
v 0.000000 1.230266 0.093743
v 0.000000 1.211110 0.088267
v 0.032202 1.235665 0.087244
v 0.000000 1.212242 -0.053769
v 0.000000 1.192981 -0.036044
v -0.042440 1.218075 -0.028163
v 0.042441 1.218075 -0.028163
v 0.000000 1.192981 -0.036044
v 0.000000 1.212242 -0.053769
v -0.019039 1.284006 0.104822
v -0.032328 1.283961 0.087401
v 0.000000 1.272043 0.091099
v 0.000000 1.272043 0.091099
v -0.032328 1.283961 0.087401
v 0.000000 1.264726 0.090414
v -0.032328 1.283961 0.087401
v -0.032732 1.262607 0.086255
v 0.000000 1.264726 0.090414
v 0.000000 1.264726 0.090414
v -0.032732 1.262607 0.086255
v -0.032480 1.247844 0.085595
v -0.032732 1.262607 0.086255
v -0.074320 1.256639 0.071896
v -0.032480 1.247844 0.085595
v -0.032480 1.247844 0.085595
v -0.074320 1.256639 0.071896
v -0.064158 1.249792 0.073835
v -0.074320 1.256639 0.071896
v -0.067103 1.229240 0.069666
v -0.064158 1.249792 0.073835
v -0.064158 1.249792 0.073835
v -0.067103 1.229240 0.069666
v -0.065363 1.213838 0.071154
v -0.067103 1.229240 0.069666
v -0.077820 1.226543 0.062329
v -0.065363 1.213838 0.071154
v -0.065363 1.213838 0.071154
v -0.077820 1.226543 0.062329
v -0.074643 1.198985 0.065879
v -0.077820 1.226543 0.062329
v -0.091866 1.223956 0.048254
v -0.074643 1.198985 0.065879
v -0.074643 1.198985 0.065879
v -0.091866 1.223956 0.048254
v -0.085890 1.194792 0.052093
v -0.091866 1.223956 0.048254
v -0.088790 1.192026 0.031496
v -0.085890 1.194792 0.052093
v -0.085890 1.194792 0.052093
v -0.088790 1.192026 0.031496
v -0.046021 1.152377 0.049973
v 0.000000 1.192981 -0.036044
v -0.039541 1.190681 -0.025590
v -0.042440 1.218075 -0.028163
v -0.039541 1.190681 -0.025590
v -0.063472 1.165160 0.009361
v -0.042440 1.218075 -0.028163
v -0.042440 1.218075 -0.028163
v -0.063472 1.165160 0.009361
v -0.080871 1.192858 0.005352
v -0.063472 1.165160 0.009361
v -0.088790 1.192026 0.031496
v -0.080871 1.192858 0.005352
v -0.080871 1.192858 0.005352
v -0.088790 1.192026 0.031496
v -0.099860 1.221822 0.027907
v -0.088790 1.192026 0.031496
v -0.091866 1.223956 0.048254
v -0.099860 1.221822 0.027907
v -0.099860 1.221822 0.027907
v -0.091866 1.223956 0.048254
v -0.100314 1.254336 0.029407
v -0.091866 1.223956 0.048254
v -0.094035 1.255346 0.049633
v -0.100314 1.254336 0.029407
v -0.100314 1.254336 0.029407
v -0.094035 1.255346 0.049633
v -0.094867 1.288390 0.050672
v -0.094035 1.255346 0.049633
v -0.082919 1.261642 0.068008
v -0.094867 1.288390 0.050672
v -0.094867 1.288390 0.050672
v -0.082919 1.261642 0.068008
v -0.076610 1.285172 0.075237
v -0.082919 1.261642 0.068008
v -0.032328 1.283961 0.087401
v -0.076610 1.285172 0.075237
v -0.076610 1.285172 0.075237
v -0.032328 1.283961 0.087401
v -0.078198 1.314177 0.074081
v -0.032328 1.283961 0.087401
v -0.016669 1.316395 0.081776
v -0.078198 1.314177 0.074081
v -0.064158 1.249792 0.073835
v -0.034926 1.212434 0.083951
v -0.032202 1.233621 0.087244
v -0.032202 1.233621 0.087244
v -0.034926 1.212434 0.083951
v 0.000000 1.211110 0.088267
v -0.034926 1.212434 0.083951
v -0.041381 1.176181 0.084853
v 0.000000 1.211110 0.088267
v 0.000000 1.211110 0.088267
v -0.041381 1.176181 0.084853
v 0.000000 1.167711 0.093334
v -0.041381 1.176181 0.084853
v -0.047862 1.157660 0.077338
v 0.000000 1.167711 0.093334
v 0.000000 1.167711 0.093334
v -0.047862 1.157660 0.077338
v 0.000000 1.148212 0.080976
v -0.047862 1.157660 0.077338
v 0.000000 1.143407 0.053717
v 0.000000 1.148212 0.080976
v -0.064158 1.249792 0.073835
v -0.065363 1.213838 0.071154
v -0.034926 1.212434 0.083951
v -0.034926 1.212434 0.083951
v -0.065363 1.213838 0.071154
v -0.041381 1.176181 0.084853
v -0.065363 1.213838 0.071154
v -0.074643 1.198985 0.065879
v -0.041381 1.176181 0.084853
v -0.041381 1.176181 0.084853
v -0.074643 1.198985 0.065879
v -0.047862 1.157660 0.077338
v -0.074643 1.198985 0.065879
v -0.085890 1.194792 0.052093
v -0.047862 1.157660 0.077338
v -0.047862 1.157660 0.077338
v -0.085890 1.194792 0.052093
v -0.046021 1.152377 0.049973
v -0.032732 1.262607 0.086255
v -0.082919 1.261642 0.068008
v -0.074320 1.256639 0.071896
v -0.074320 1.256639 0.071896
v -0.082919 1.261642 0.068008
v -0.077820 1.226543 0.062329
v -0.082919 1.261642 0.068008
v -0.094035 1.255346 0.049633
v -0.077820 1.226543 0.062329
v -0.077820 1.226543 0.062329
v -0.094035 1.255346 0.049633
v -0.091866 1.223956 0.048254
v 0.000000 1.264726 0.090414
v -0.032480 1.247844 0.085595
v 0.000000 1.248877 0.091634
v 0.000000 1.248877 0.091634
v -0.032480 1.247844 0.085595
v -0.032631 1.234174 0.087233
v -0.032480 1.247844 0.085595
v -0.064158 1.249792 0.073835
v -0.032631 1.234174 0.087233
v 0.000000 1.134361 0.046627
v 0.000000 1.143407 0.053717
v -0.041054 1.142360 0.037434
v -0.041054 1.142360 0.037434
v 0.000000 1.143407 0.053717
v -0.046021 1.152377 0.049973
v 0.000000 1.143407 0.053717
v -0.047862 1.157660 0.077338
v -0.046021 1.152377 0.049973
v -0.078198 1.314177 0.074081
v -0.092724 1.349900 0.051651
v -0.076610 1.285172 0.075237
v -0.076610 1.285172 0.075237
v -0.092724 1.349900 0.051651
v -0.094867 1.288390 0.050672
v -0.046021 1.152377 0.049973
v -0.088790 1.192026 0.031496
v -0.041054 1.142360 0.037434
v -0.041054 1.142360 0.037434
v -0.088790 1.192026 0.031496
v -0.063472 1.165160 0.009361
v -0.074320 1.256639 0.071896
v -0.077820 1.226543 0.062329
v -0.067103 1.229240 0.069666
v -0.032732 1.262607 0.086255
v -0.032328 1.283961 0.087401
v -0.082919 1.261642 0.068008
v -0.099709 1.287099 0.030519
v -0.100314 1.254336 0.029407
v -0.094867 1.288390 0.050672
v 0.000000 1.230086 0.095174
v 0.000000 1.248877 0.091634
v -0.032631 1.234174 0.087233
v 0.000000 1.230266 0.093743
v -0.032202 1.233621 0.087244
v 0.000000 1.211110 0.088267
v -0.019039 1.284006 0.104822
v -0.016669 1.316395 0.081776
v -0.032328 1.283961 0.087401
v 0.000000 1.230086 0.095174
v 0.000000 1.232258 0.029370
v 0.032631 1.235250 0.087233
v 0.032631 1.235250 0.087233
v 0.000000 1.232258 0.029370
v 0.054217 1.231418 0.046066
v 0.000000 1.232258 0.029370
v 0.032202 1.235665 0.087244
v 0.054217 1.231418 0.046066
v 0.054217 1.231418 0.046066
v 0.032202 1.235665 0.087244
v 0.059501 1.245254 0.075507
v 0.059501 1.245254 0.075507
v 0.032631 1.235250 0.087233
v 0.054217 1.231418 0.046066
v 0.000000 1.230266 0.093743
v 0.032202 1.235665 0.087244
v 0.000000 1.232258 0.029370
v -0.032202 1.233621 0.087244
v -0.054217 1.231418 0.046066
v -0.064158 1.249792 0.073835
v -0.064158 1.249792 0.073835
v -0.054217 1.231418 0.046066
v -0.032631 1.234174 0.087233
v -0.054217 1.231418 0.046066
v 0.000000 1.232258 0.029370
v -0.032631 1.234174 0.087233
v -0.032631 1.234174 0.087233
v 0.000000 1.232258 0.029370
v 0.000000 1.230086 0.095174
v 0.000000 1.230266 0.093743
v 0.000000 1.232258 0.029370
v -0.032202 1.233621 0.087244
v -0.032202 1.233621 0.087244
v 0.000000 1.232258 0.029370
v -0.054217 1.231418 0.046066
v -0.092724 1.349900 0.051651
v -0.099709 1.287099 0.030519
v -0.094867 1.288390 0.050672
v 0.094867 1.288390 0.050672
v 0.099709 1.287099 0.030519
v 0.092724 1.349900 0.051651
v 0.000000 1.134361 0.046627
v 0.000000 1.073228 0.040442
v 0.041054 1.142360 0.037434
v 0.000000 1.073228 0.040442
v 0.052805 1.099013 0.013515
v 0.041054 1.142360 0.037434
v 0.041054 1.142360 0.037434
v 0.052805 1.099013 0.013515
v 0.063472 1.165160 0.009361
v 0.052805 1.099013 0.013515
v 0.040675 1.099645 -0.027449
v 0.063472 1.165160 0.009361
v 0.063472 1.165160 0.009361
v 0.040675 1.099645 -0.027449
v 0.039541 1.190681 -0.025590
v 0.040675 1.099645 -0.027449
v 0.000000 1.192981 -0.036044
v 0.039541 1.190681 -0.025590
v 0.000000 1.096170 -0.037165
v 0.000000 1.192981 -0.036044
v 0.040675 1.099645 -0.027449
v 0.000000 1.134361 0.046627
v -0.041054 1.142360 0.037434
v 0.000000 1.073228 0.040442
v 0.000000 1.073228 0.040442
v -0.041054 1.142360 0.037434
v -0.052805 1.099013 0.013515
v -0.041054 1.142360 0.037434
v -0.063472 1.165160 0.009361
v -0.052805 1.099013 0.013515
v -0.052805 1.099013 0.013515
v -0.063472 1.165160 0.009361
v -0.040675 1.099645 -0.027449
v -0.063472 1.165160 0.009361
v -0.039541 1.190681 -0.025590
v -0.040675 1.099645 -0.027449
v -0.040675 1.099645 -0.027449
v -0.039541 1.190681 -0.025590
v 0.000000 1.192981 -0.036044
v 0.000000 1.096170 -0.037165
v -0.040675 1.099645 -0.027449
v 0.000000 1.192981 -0.036044
v 0.051973 1.125466 -0.030802
v 0.039440 1.114519 -0.036773
v 0.058277 1.112313 -0.022708
v 0.058277 1.112313 -0.022708
v 0.039440 1.114519 -0.036773
v 0.045744 1.101367 -0.028679
v 0.077719 1.105998 -0.037364
v 0.051973 1.125466 -0.030802
v 0.058277 1.112313 -0.022708
v 0.051973 1.125466 -0.030802
v 0.071415 1.119151 -0.045458
v 0.039440 1.114519 -0.036773
v 0.071415 1.119151 -0.045458
v 0.058882 1.108181 -0.051430
v 0.039440 1.114519 -0.036773
v 0.039440 1.114519 -0.036773
v 0.058882 1.108181 -0.051430
v 0.045744 1.101367 -0.028679
v 0.058882 1.108181 -0.051430
v 0.065186 1.095028 -0.043336
v 0.045744 1.101367 -0.028679
v 0.045744 1.101367 -0.028679
v 0.065186 1.095028 -0.043336
v 0.058277 1.112313 -0.022708
v 0.065186 1.095028 -0.043336
v 0.077719 1.105998 -0.037364
v 0.058277 1.112313 -0.022708
v -0.001879 1.014274 -0.072371
v -0.001859 1.016551 -0.071330
v 0.005938 1.015566 -0.071791
v 0.005938 1.015566 -0.071791
v -0.001859 1.016551 -0.071330
v 0.005964 1.017848 -0.070754
v -0.001859 1.016551 -0.071330
v -0.001832 1.018540 -0.070428
v 0.005964 1.017848 -0.070754
v 0.005964 1.017848 -0.070754
v -0.001832 1.018540 -0.070428
v 0.005991 1.019832 -0.069848
v -0.001832 1.018540 -0.070428
v -0.001704 1.026191 -0.066901
v 0.005991 1.019832 -0.069848
v 0.005991 1.019832 -0.069848
v -0.001704 1.026191 -0.066901
v 0.005944 1.025898 -0.067061
v -0.005235 1.012962 -0.074035
v -0.005211 1.015738 -0.072235
v 0.008921 1.013791 -0.073514
v 0.008921 1.013791 -0.073514
v -0.005211 1.015738 -0.072235
v 0.008946 1.016570 -0.071711
v -0.005211 1.015738 -0.072235
v -0.005162 1.017923 -0.070831
v 0.008946 1.016570 -0.071711
v 0.008946 1.016570 -0.071711
v -0.005162 1.017923 -0.070831
v 0.008994 1.018755 -0.070307
v -0.117764 0.488574 -0.003755
v -0.128936 0.444640 -0.004558
v -0.078199 0.488419 0.020401
v -0.078199 0.488419 0.020401
v -0.128936 0.444640 -0.004558
v -0.078451 0.444341 -0.004568
v -0.128936 0.444640 -0.004558
v -0.078199 0.488246 -0.027917
v -0.078451 0.444341 -0.004568
v -0.078451 0.444341 -0.004568
v -0.078199 0.488246 -0.027917
v -0.021006 0.444065 -0.004576
v -0.078199 0.488246 -0.027917
v -0.032051 0.489287 -0.003723
v -0.021006 0.444065 -0.004576
v -0.021006 0.444065 -0.004576
v -0.032051 0.489287 -0.003723
v -0.078199 0.488419 0.020401
v -0.032051 0.489287 -0.003723
v -0.076509 0.528926 0.023802
v -0.078199 0.488419 0.020401
v -0.078199 0.488419 0.020401
v -0.076509 0.528926 0.023802
v -0.117764 0.488574 -0.003755
v -0.076509 0.528926 0.023802
v -0.111712 0.527432 -0.004670
v -0.117764 0.488574 -0.003755
v -0.117764 0.488574 -0.003755
v -0.111712 0.527432 -0.004670
v -0.078199 0.488246 -0.027917
v -0.111712 0.527432 -0.004670
v -0.076509 0.526982 -0.033285
v -0.078199 0.488246 -0.027917
v -0.078199 0.488246 -0.027917
v -0.076509 0.526982 -0.033285
v -0.036741 0.528259 -0.004615
v -0.076509 0.526982 -0.033285
v -0.030891 0.637548 -0.005041
v -0.036741 0.528259 -0.004615
v -0.036741 0.528259 -0.004615
v -0.030891 0.637548 -0.005041
v -0.076509 0.528926 0.023802
v -0.030891 0.637548 -0.005041
v -0.072096 0.641961 0.023604
v -0.076509 0.528926 0.023802
v -0.076509 0.528926 0.023802
v -0.072096 0.641961 0.023604
v -0.111712 0.527432 -0.004670
v -0.072096 0.641961 0.023604
v -0.112822 0.646583 -0.004592
v -0.111712 0.527432 -0.004670
v -0.111712 0.527432 -0.004670
v -0.112822 0.646583 -0.004592
v -0.072121 0.643503 -0.033166
v -0.112822 0.646583 -0.004592
v -0.070406 0.687067 -0.033258
v -0.072121 0.643503 -0.033166
v -0.072121 0.643503 -0.033166
v -0.070406 0.687067 -0.033258
v -0.019241 0.674295 -0.005235
v -0.070406 0.687067 -0.033258
v 0.000807 0.702897 -0.004327
v -0.019241 0.674295 -0.005235
v -0.019241 0.674295 -0.005235
v 0.000807 0.702897 -0.004327
v -0.070406 0.684211 0.023504
v 0.000807 0.702897 -0.004327
v -0.060572 0.719373 -0.003804
v -0.070406 0.684211 0.023504
v -0.070406 0.684211 0.023504
v -0.060572 0.719373 -0.003804
v -0.104450 0.726437 -0.003579
v -0.060572 0.719373 -0.003804
v -0.070406 0.687067 -0.033258
v -0.104450 0.726437 -0.003579
v -0.104450 0.726437 -0.003579
v -0.070406 0.687067 -0.033258
v -0.111561 0.693117 -0.004637
v -0.070406 0.687067 -0.033258
v -0.112822 0.646583 -0.004592
v -0.111561 0.693117 -0.004637
v -0.111561 0.693117 -0.004637
v -0.112822 0.646583 -0.004592
v -0.070406 0.684211 0.023504
v -0.112822 0.646583 -0.004592
v -0.072096 0.641961 0.023604
v -0.070406 0.684211 0.023504
v -0.070406 0.684211 0.023504
v -0.072096 0.641961 0.023604
v -0.019241 0.674295 -0.005235
v -0.072096 0.641961 0.023604
v -0.030891 0.637548 -0.005041
v -0.019241 0.674295 -0.005235
v -0.019241 0.674295 -0.005235
v -0.030891 0.637548 -0.005041
v -0.072121 0.643503 -0.033166
v -0.030891 0.637548 -0.005041
v -0.076509 0.526982 -0.033285
v -0.072121 0.643503 -0.033166
v -0.072121 0.643503 -0.033166
v -0.076509 0.526982 -0.033285
v -0.111712 0.527432 -0.004670
v -0.076509 0.528926 0.023802
v -0.032051 0.489287 -0.003723
v -0.036741 0.528259 -0.004615
v -0.036741 0.528259 -0.004615
v -0.032051 0.489287 -0.003723
v -0.078199 0.488246 -0.027917
v 0.000807 0.702897 -0.004327
v -0.070406 0.687067 -0.033258
v -0.060572 0.719373 -0.003804
v -0.070406 0.684211 0.023504
v -0.104450 0.726437 -0.003579
v -0.111561 0.693117 -0.004637
v -0.117764 0.488574 -0.003755
v -0.078199 0.488246 -0.027917
v -0.128936 0.444640 -0.004558
v -0.078199 0.488419 0.020401
v -0.078451 0.444341 -0.004568
v -0.021006 0.444065 -0.004576
v -0.087504 0.725361 0.025130
v -0.000000 0.699402 -0.006328
v -0.000000 0.719226 0.033462
v -0.000000 0.719226 0.033462
v -0.000000 0.699402 -0.006328
v 0.087504 0.725361 0.025130
v -0.000000 0.699402 -0.006328
v 0.106316 0.725916 -0.005133
v 0.087504 0.725361 0.025130
v -0.106316 0.725939 -0.005132
v -0.000000 0.699402 -0.006328
v -0.087504 0.725361 0.025130
v 0.083771 0.723049 -0.036560
v -0.000000 0.699402 -0.006328
v -0.000000 0.714127 -0.046573
v -0.000000 0.714127 -0.046573
v -0.000000 0.699402 -0.006328
v -0.083797 0.723026 -0.036570
v -0.000000 0.699402 -0.006328
v -0.106316 0.725939 -0.005132
v -0.083797 0.723026 -0.036570
v 0.106316 0.725916 -0.005133
v -0.000000 0.699402 -0.006328
v 0.083771 0.723049 -0.036560
v 0.078198 0.488419 0.020401
v 0.076509 0.528926 0.023802
v 0.032051 0.489287 -0.003723
v 0.032051 0.489287 -0.003723
v 0.076509 0.528926 0.023802
v 0.036741 0.528259 -0.004615
v 0.076509 0.528926 0.023802
v 0.030891 0.637548 -0.005041
v 0.036741 0.528259 -0.004615
v 0.036741 0.528259 -0.004615
v 0.030891 0.637548 -0.005041
v 0.076509 0.526982 -0.033285
v 0.030891 0.637548 -0.005041
v 0.072121 0.643503 -0.033166
v 0.076509 0.526982 -0.033285
v 0.076509 0.526982 -0.033285
v 0.072121 0.643503 -0.033166
v 0.111712 0.527432 -0.004670
v 0.072121 0.643503 -0.033166
v 0.112822 0.646583 -0.004592
v 0.111712 0.527432 -0.004670
v 0.111712 0.527432 -0.004670
v 0.112822 0.646583 -0.004592
v 0.072096 0.641960 0.023604
v 0.112822 0.646583 -0.004592
v 0.070406 0.684211 0.023504
v 0.072096 0.641960 0.023604
v 0.072096 0.641960 0.023604
v 0.070406 0.684211 0.023504
v 0.019241 0.674295 -0.005235
v 0.070406 0.684211 0.023504
v -0.000807 0.702897 -0.004327
v 0.019241 0.674295 -0.005235
v 0.019241 0.674295 -0.005235
v -0.000807 0.702897 -0.004327
v 0.070406 0.687067 -0.033258
v -0.000807 0.702897 -0.004327
v 0.060572 0.719373 -0.003804
v 0.070406 0.687067 -0.033258
v 0.070406 0.687067 -0.033258
v 0.060572 0.719373 -0.003804
v 0.104450 0.726437 -0.003579
v 0.060572 0.719373 -0.003804
v 0.070406 0.684211 0.023504
v 0.104450 0.726437 -0.003579
v 0.104450 0.726437 -0.003579
v 0.070406 0.684211 0.023504
v 0.111561 0.693117 -0.004637
v 0.070406 0.684211 0.023504
v 0.112822 0.646583 -0.004592
v 0.111561 0.693117 -0.004637
v 0.111561 0.693117 -0.004637
v 0.112822 0.646583 -0.004592
v 0.070406 0.687067 -0.033258
v 0.112822 0.646583 -0.004592
v 0.072121 0.643503 -0.033166
v 0.070406 0.687067 -0.033258
v 0.070406 0.687067 -0.033258
v 0.072121 0.643503 -0.033166
v 0.019241 0.674295 -0.005235
v 0.072121 0.643503 -0.033166
v 0.030891 0.637548 -0.005041
v 0.019241 0.674295 -0.005235
v 0.019241 0.674295 -0.005235
v 0.030891 0.637548 -0.005041
v 0.072096 0.641960 0.023604
v 0.030891 0.637548 -0.005041
v 0.076509 0.528926 0.023802
v 0.072096 0.641960 0.023604
v 0.072096 0.641960 0.023604
v 0.076509 0.528926 0.023802
v 0.111712 0.527432 -0.004670
v 0.076509 0.528926 0.023802
v 0.117764 0.488574 -0.003755
v 0.111712 0.527432 -0.004670
v 0.111712 0.527432 -0.004670
v 0.117764 0.488574 -0.003755
v 0.078198 0.488246 -0.027917
v 0.117764 0.488574 -0.003755
v 0.128935 0.444640 -0.004558
v 0.078198 0.488246 -0.027917
v 0.078198 0.488246 -0.027917
v 0.128935 0.444640 -0.004558
v 0.078451 0.444341 -0.004568
v 0.128935 0.444640 -0.004558
v 0.078198 0.488419 0.020401
v 0.078451 0.444341 -0.004568
v 0.078451 0.444341 -0.004568
v 0.078198 0.488419 0.020401
v 0.021006 0.444065 -0.004576
v 0.078198 0.488419 0.020401
v 0.032051 0.489287 -0.003723
v 0.021006 0.444065 -0.004576
v 0.021006 0.444065 -0.004576
v 0.032051 0.489287 -0.003723
v 0.078198 0.488246 -0.027917
v 0.032051 0.489287 -0.003723
v 0.036741 0.528259 -0.004615
v 0.078198 0.488246 -0.027917
v 0.078198 0.488246 -0.027917
v 0.036741 0.528259 -0.004615
v 0.076509 0.526982 -0.033285
v 0.076509 0.528926 0.023802
v 0.078198 0.488419 0.020401
v 0.117764 0.488574 -0.003755
v 0.117764 0.488574 -0.003755
v 0.078198 0.488419 0.020401
v 0.128935 0.444640 -0.004558
v 0.070406 0.687067 -0.033258
v 0.104450 0.726437 -0.003579
v 0.111561 0.693117 -0.004637
v 0.021006 0.444065 -0.004576
v 0.078198 0.488246 -0.027917
v 0.078451 0.444341 -0.004568
v -0.000807 0.702897 -0.004327
v 0.070406 0.684211 0.023504
v 0.060572 0.719373 -0.003804
v 0.111712 0.527432 -0.004670
v 0.078198 0.488246 -0.027917
v 0.076509 0.526982 -0.033285
v 0.002485 0.963592 -0.080344
v -0.021169 0.971096 -0.078945
v 0.002308 0.967085 -0.082975
v 0.002308 0.967085 -0.082975
v -0.021169 0.971096 -0.078945
v -0.018370 0.973652 -0.081751
v -0.021169 0.971096 -0.078945
v -0.031634 0.990590 -0.075464
v -0.018370 0.973652 -0.081751
v -0.018370 0.973652 -0.081751
v -0.031634 0.990590 -0.075464
v -0.027499 0.990692 -0.078716
v -0.031634 0.990590 -0.075464
v -0.022783 1.010650 -0.071945
v -0.027499 0.990692 -0.078716
v -0.027499 0.990692 -0.078716
v -0.022783 1.010650 -0.071945
v -0.019782 1.008228 -0.075631
v -0.022783 1.010650 -0.071945
v 0.000190 1.019530 -0.070440
v -0.019782 1.008228 -0.075631
v -0.019782 1.008228 -0.075631
v 0.000190 1.019530 -0.070440
v 0.000316 1.015994 -0.074317
v 0.000190 1.019530 -0.070440
v 0.023844 1.012026 -0.071831
v 0.000316 1.015994 -0.074317
v 0.000316 1.015994 -0.074317
v 0.023844 1.012026 -0.071831
v 0.020994 1.009433 -0.075540
v 0.023844 1.012026 -0.071831
v 0.034309 0.992532 -0.075312
v 0.020994 1.009433 -0.075540
v 0.020994 1.009433 -0.075540
v 0.034309 0.992532 -0.075312
v 0.030148 0.992387 -0.078576
v 0.034309 0.992532 -0.075312
v 0.025458 0.972472 -0.078839
v 0.030148 0.992387 -0.078576
v 0.030148 0.992387 -0.078576
v 0.025458 0.972472 -0.078839
v 0.022406 0.974851 -0.081662
v 0.025458 0.972472 -0.078839
v 0.002485 0.963592 -0.080344
v 0.022406 0.974851 -0.081662
v 0.022406 0.974851 -0.081662
v 0.002485 0.963592 -0.080344
v 0.002308 0.967085 -0.082975
v -0.023338 0.990832 -0.077940
v -0.015495 0.976239 -0.080539
v -0.018370 0.973652 -0.081751
v -0.018370 0.973652 -0.081751
v -0.015495 0.976239 -0.080539
v 0.002308 0.967085 -0.082975
v -0.015495 0.976239 -0.080539
v 0.002207 0.970620 -0.081587
v 0.002308 0.967085 -0.082975
v 0.002308 0.967085 -0.082975
v 0.002207 0.970620 -0.081587
v 0.022406 0.974851 -0.081662
v 0.002207 0.970620 -0.081587
v 0.019380 0.977268 -0.080457
v 0.022406 0.974851 -0.081662
v 0.022406 0.974851 -0.081662
v 0.019380 0.977268 -0.080457
v 0.030148 0.992387 -0.078576
v 0.019380 0.977268 -0.080457
v 0.026012 0.992285 -0.077820
v 0.030148 0.992387 -0.078576
v 0.030148 0.992387 -0.078576
v 0.026012 0.992285 -0.077820
v 0.020994 1.009433 -0.075540
v 0.026012 0.992285 -0.077820
v 0.018170 1.006878 -0.075221
v 0.020994 1.009433 -0.075540
v 0.020994 1.009433 -0.075540
v 0.018170 1.006878 -0.075221
v 0.000316 1.015994 -0.074317
v 0.018170 1.006878 -0.075221
v 0.000467 1.012496 -0.074173
v 0.000316 1.015994 -0.074317
v 0.000316 1.015994 -0.074317
v 0.000467 1.012496 -0.074173
v -0.019782 1.008228 -0.075631
v 0.000467 1.012496 -0.074173
v -0.016731 1.005854 -0.075294
v -0.019782 1.008228 -0.075631
v -0.019782 1.008228 -0.075631
v -0.016731 1.005854 -0.075294
v -0.027499 0.990692 -0.078716
v -0.016731 1.005854 -0.075294
v -0.023338 0.990832 -0.077940
v -0.027499 0.990692 -0.078716
v -0.027499 0.990692 -0.078716
v -0.023338 0.990832 -0.077940
v -0.018370 0.973652 -0.081751
v 0.034309 0.992532 -0.075312
v 0.026012 0.992285 -0.077820
v 0.025458 0.972472 -0.078839
v 0.002485 0.963592 -0.080344
v 0.025458 0.972472 -0.078839
v 0.019380 0.977268 -0.080457
v 0.019380 0.977268 -0.080457
v 0.025458 0.972472 -0.078839
v 0.026012 0.992285 -0.077820
v 0.002207 0.970620 -0.081587
v 0.002485 0.963592 -0.080344
v 0.019380 0.977268 -0.080457
v 0.002485 0.963592 -0.080344
v 0.002207 0.970620 -0.081587
v -0.021169 0.971096 -0.078945
v -0.015495 0.976239 -0.080539
v -0.021169 0.971096 -0.078945
v 0.002207 0.970620 -0.081587
v 0.026012 0.992285 -0.077820
v 0.034309 0.992532 -0.075312
v 0.018170 1.006878 -0.075221
v 0.023844 1.012026 -0.071831
v 0.018170 1.006878 -0.075221
v 0.034309 0.992532 -0.075312
v 0.018170 1.006878 -0.075221
v 0.023844 1.012026 -0.071831
v 0.000467 1.012496 -0.074173
v 0.000190 1.019530 -0.070440
v 0.000467 1.012496 -0.074173
v 0.023844 1.012026 -0.071831
v 0.000467 1.012496 -0.074173
v 0.000190 1.019530 -0.070440
v -0.016731 1.005854 -0.075294
v -0.022783 1.010650 -0.071945
v -0.016731 1.005854 -0.075294
v 0.000190 1.019530 -0.070440
v -0.016731 1.005854 -0.075294
v -0.022783 1.010650 -0.071945
v -0.023338 0.990832 -0.077940
v -0.031634 0.990590 -0.075464
v -0.023338 0.990832 -0.077940
v -0.022783 1.010650 -0.071945
v -0.015495 0.976239 -0.080539
v -0.023338 0.990832 -0.077940
v -0.021169 0.971096 -0.078945
v -0.021169 0.971096 -0.078945
v -0.023338 0.990832 -0.077940
v -0.031634 0.990590 -0.075464
v 0.000558 1.429984 0.114073
v -0.000788 1.438159 0.098455
v -0.031758 1.426112 0.114898
v -0.000788 1.438159 0.098455
v -0.028308 1.434861 0.099169
v -0.031758 1.426112 0.114898
v -0.031758 1.426112 0.114898
v -0.028308 1.434861 0.099169
v -0.113623 1.404083 0.060482
v -0.028308 1.434861 0.099169
v -0.098025 1.416103 0.052815
v -0.113623 1.404083 0.060482
v -0.113623 1.404083 0.060482
v -0.098025 1.416103 0.052815
v -0.147029 1.387870 -0.025815
v -0.098025 1.416103 0.052815
v -0.126487 1.402298 -0.020676
v -0.147029 1.387870 -0.025815
v -0.147029 1.387870 -0.025815
v -0.126487 1.402298 -0.020676
v -0.087614 1.386024 -0.096368
v -0.126487 1.402298 -0.020676
v -0.075884 1.400725 -0.080771
v -0.087614 1.386024 -0.096368
v -0.087614 1.386024 -0.096368
v -0.075884 1.400725 -0.080771
v 0.003144 1.393146 -0.113219
v -0.075884 1.400725 -0.080771
v 0.001414 1.406789 -0.095122
v 0.003144 1.393146 -0.113219
v -0.000172 1.440337 0.177693
v 0.000558 1.429984 0.114073
v -0.035729 1.436045 0.178252
v 0.000558 1.429984 0.114073
v -0.031758 1.426112 0.114898
v -0.035729 1.436045 0.178252
v -0.035729 1.436045 0.178252
v -0.031758 1.426112 0.114898
v -0.157844 1.417021 0.088121
v -0.031758 1.426112 0.114898
v -0.113623 1.404083 0.060482
v -0.157844 1.417021 0.088121
v -0.157844 1.417021 0.088121
v -0.113623 1.404083 0.060482
v -0.208544 1.402063 -0.051722
v -0.113623 1.404083 0.060482
v -0.147029 1.387870 -0.025815
v -0.208544 1.402063 -0.051722
v -0.208544 1.402063 -0.051722
v -0.255781 1.444212 -0.037857
v -0.157844 1.417021 0.088121
v -0.255781 1.444212 -0.037857
v -0.180856 1.446954 0.111299
v -0.157844 1.417021 0.088121
v -0.157844 1.417021 0.088121
v -0.180856 1.446954 0.111299
v -0.035729 1.436045 0.178252
v -0.180856 1.446954 0.111299
v -0.039202 1.461151 0.215517
v -0.035729 1.436045 0.178252
v -0.035729 1.436045 0.178252
v -0.039202 1.461151 0.215517
v -0.000172 1.440337 0.177693
v -0.039202 1.461151 0.215517
v -0.003237 1.465863 0.226181
v -0.000172 1.440337 0.177693
v -0.000658 1.411630 -0.213511
v -0.154286 1.408826 -0.174679
v 0.001996 1.396619 -0.169143
v 0.001996 1.396619 -0.169143
v -0.154286 1.408826 -0.174679
v -0.118323 1.388725 -0.135181
v -0.154286 1.408826 -0.174679
v -0.231228 1.433707 -0.113054
v -0.118323 1.388725 -0.135181
v -0.118323 1.388725 -0.135181
v -0.231228 1.433707 -0.113054
v -0.208544 1.402063 -0.051722
v 0.001996 1.396619 -0.169143
v -0.118323 1.388725 -0.135181
v 0.003144 1.393146 -0.113219
v 0.003144 1.393146 -0.113219
v -0.118323 1.388725 -0.135181
v -0.087614 1.386024 -0.096368
v -0.118323 1.388725 -0.135181
v -0.147029 1.387870 -0.025815
v -0.087614 1.386024 -0.096368
v -0.147029 1.387870 -0.025815
v -0.118323 1.388725 -0.135181
v -0.208544 1.402063 -0.051722
v 0.218183 1.488324 -0.115884
v 0.206523 1.452506 -0.054335
v 0.240687 1.504549 -0.040984
v 0.003144 1.393146 -0.113219
v 0.001414 1.406789 -0.095122
v 0.093193 1.407998 -0.097507
v 0.001414 1.406789 -0.095122
v 0.078099 1.419439 -0.081741
v 0.093193 1.407998 -0.097507
v 0.093193 1.407998 -0.097507
v 0.078099 1.419439 -0.081741
v 0.151673 1.424172 -0.027696
v 0.078099 1.419439 -0.081741
v 0.127915 1.433216 -0.022278
v 0.151673 1.424172 -0.027696
v 0.151673 1.424172 -0.027696
v 0.127915 1.433216 -0.022278
v 0.116866 1.432095 0.059031
v 0.127915 1.433216 -0.022278
v 0.098262 1.439958 0.051579
v 0.116866 1.432095 0.059031
v 0.116866 1.432095 0.059031
v 0.098262 1.439958 0.051579
v 0.032884 1.433968 0.114491
v 0.098262 1.439958 0.051579
v 0.026743 1.441551 0.098822
v 0.032884 1.433968 0.114491
v 0.032884 1.433968 0.114491
v 0.026743 1.441551 0.098822
v 0.000558 1.429984 0.114073
v 0.026743 1.441551 0.098822
v -0.000788 1.438159 0.098455
v 0.000558 1.429984 0.114073
v -0.000172 1.440337 0.177693
v 0.035396 1.444688 0.177805
v 0.000558 1.429984 0.114073
v 0.000558 1.429984 0.114073
v 0.035396 1.444688 0.177805
v 0.032884 1.433968 0.114491
v 0.035396 1.444688 0.177805
v 0.156582 1.455233 0.086141
v 0.032884 1.433968 0.114491
v 0.032884 1.433968 0.114491
v 0.156582 1.455233 0.086141
v 0.116866 1.432095 0.059031
v 0.156582 1.455233 0.086141
v 0.206523 1.452506 -0.054335
v 0.116866 1.432095 0.059031
v 0.116866 1.432095 0.059031
v 0.206523 1.452506 -0.054335
v 0.151673 1.424172 -0.027696
v -0.003237 1.465863 0.226181
v 0.032585 1.469875 0.215065
v -0.000172 1.440337 0.177693
v -0.000172 1.440337 0.177693
v 0.032585 1.469875 0.215065
v 0.035396 1.444688 0.177805
v 0.032585 1.469875 0.215065
v 0.170979 1.489714 0.109084
v 0.035396 1.444688 0.177805
v 0.035396 1.444688 0.177805
v 0.170979 1.489714 0.109084
v 0.156582 1.455233 0.086141
v 0.170979 1.489714 0.109084
v 0.240687 1.504549 -0.040984
v 0.156582 1.455233 0.086141
v 0.156582 1.455233 0.086141
v 0.240687 1.504549 -0.040984
v 0.206523 1.452506 -0.054335
v -0.000658 1.411630 -0.213511
v 0.001996 1.396619 -0.169143
v 0.149412 1.445735 -0.176591
v 0.149412 1.445735 -0.176591
v 0.001996 1.396619 -0.169143
v 0.121206 1.417835 -0.136689
v 0.001996 1.396619 -0.169143
v 0.003144 1.393146 -0.113219
v 0.121206 1.417835 -0.136689
v 0.121206 1.417835 -0.136689
v 0.003144 1.393146 -0.113219
v 0.093193 1.407998 -0.097507
v 0.149412 1.445735 -0.176591
v 0.121206 1.417835 -0.136689
v 0.218183 1.488324 -0.115884
v 0.218183 1.488324 -0.115884
v 0.121206 1.417835 -0.136689
v 0.206523 1.452506 -0.054335
v 0.121206 1.417835 -0.136689
v 0.151673 1.424172 -0.027696
v 0.206523 1.452506 -0.054335
v 0.151673 1.424172 -0.027696
v 0.121206 1.417835 -0.136689
v 0.093193 1.407998 -0.097507
v -0.006824 1.569181 0.082906
v 0.116866 1.432095 0.059031
v 0.042840 1.568262 0.050254
v 0.042840 1.568262 0.050254
v 0.116866 1.432095 0.059031
v 0.086731 1.562969 -0.018152
v 0.116866 1.432095 0.059031
v 0.151673 1.424172 -0.027696
v 0.086731 1.562969 -0.018152
v 0.086731 1.562969 -0.018152
v 0.151673 1.424172 -0.027696
v 0.093193 1.407998 -0.097507
v 0.086731 1.562969 -0.018152
v 0.093193 1.407998 -0.097507
v 0.046177 1.548866 -0.082809
v 0.046177 1.548866 -0.082809
v 0.093193 1.407998 -0.097507
v -0.016559 1.533167 -0.094337
v 0.093193 1.407998 -0.097507
v 0.003144 1.393146 -0.113219
v -0.016559 1.533167 -0.094337
v 0.032884 1.433968 0.114491
v 0.116866 1.432095 0.059031
v -0.006824 1.569181 0.082906
v -0.113623 1.404083 0.060482
v -0.122897 1.537493 -0.016832
v -0.147029 1.387870 -0.025815
v -0.147029 1.387870 -0.025815
v -0.122897 1.537493 -0.016832
v -0.087614 1.386024 -0.096368
v -0.122897 1.537493 -0.016832
v -0.081267 1.533377 -0.082007
v -0.087614 1.386024 -0.096368
v -0.087614 1.386024 -0.096368
v -0.081267 1.533377 -0.082007
v -0.016559 1.533167 -0.094337
v -0.122897 1.537493 -0.016832
v -0.113623 1.404083 0.060482
v -0.080414 1.553282 0.051031
v -0.080414 1.553282 0.051031
v -0.113623 1.404083 0.060482
v -0.031951 1.566128 0.083064
v -0.113623 1.404083 0.060482
v -0.031758 1.426112 0.114898
v -0.031951 1.566128 0.083064
v 0.003144 1.393146 -0.113219
v -0.087614 1.386024 -0.096368
v -0.016559 1.533167 -0.094337
v 0.046177 1.548866 -0.082809
v -0.019159 1.557742 -0.017640
v 0.086731 1.562969 -0.018152
v 0.086731 1.562969 -0.018152
v -0.019159 1.557742 -0.017640
v 0.042840 1.568262 0.050254
v -0.019159 1.557742 -0.017640
v -0.019532 1.565968 0.050548
v 0.042840 1.568262 0.050254
v 0.042840 1.568262 0.050254
v -0.019532 1.565968 0.050548
v -0.006824 1.569181 0.082906
v -0.019532 1.565968 0.050548
v -0.019506 1.568445 0.082969
v -0.006824 1.569181 0.082906
v -0.016559 1.533167 -0.094337
v -0.017551 1.541121 -0.082408
v 0.046177 1.548866 -0.082809
v 0.046177 1.548866 -0.082809
v -0.017551 1.541121 -0.082408
v -0.019159 1.557742 -0.017640
v -0.019506 1.568445 0.082969
v -0.019532 1.565968 0.050548
v -0.031951 1.566128 0.083064
v -0.031951 1.566128 0.083064
v -0.019532 1.565968 0.050548
v -0.080414 1.553282 0.051031
v -0.019532 1.565968 0.050548
v -0.019159 1.557742 -0.017640
v -0.080414 1.553282 0.051031
v -0.080414 1.553282 0.051031
v -0.019159 1.557742 -0.017640
v -0.122897 1.537493 -0.016832
v -0.019159 1.557742 -0.017640
v -0.081267 1.533377 -0.082007
v -0.122897 1.537493 -0.016832
v -0.016559 1.533167 -0.094337
v -0.081267 1.533377 -0.082007
v -0.017551 1.541121 -0.082408
v -0.017551 1.541121 -0.082408
v -0.081267 1.533377 -0.082007
v -0.019159 1.557742 -0.017640
v 0.032884 1.433968 0.114491
v -0.006824 1.569181 0.082906
v 0.000558 1.429984 0.114073
v 0.000558 1.429984 0.114073
v -0.006824 1.569181 0.082906
v -0.019506 1.568445 0.082969
v -0.019506 1.568445 0.082969
v -0.031951 1.566128 0.083064
v 0.000558 1.429984 0.114073
v 0.000558 1.429984 0.114073
v -0.031951 1.566128 0.083064
v -0.031758 1.426112 0.114898
v -0.208544 1.402063 -0.051722
v -0.231228 1.433707 -0.113054
v -0.255781 1.444212 -0.037857
v 0.002516 1.438293 0.176278
v 0.003246 1.427939 0.112658
v 0.038748 1.442724 0.176386
v 0.003246 1.427939 0.112658
v 0.036174 1.431996 0.113073
v 0.038748 1.442724 0.176386
v 0.038748 1.442724 0.176386
v 0.036174 1.431996 0.113073
v 0.162254 1.453551 0.084708
v 0.036174 1.431996 0.113073
v 0.121730 1.430314 0.057602
v 0.162254 1.453551 0.084708
v 0.162254 1.453551 0.084708
v 0.121730 1.430314 0.057602
v 0.213150 1.450941 -0.055775
v 0.121730 1.430314 0.057602
v 0.151000 1.422472 -0.029129
v 0.213150 1.450941 -0.055775
v 0.213150 1.450941 -0.055775
v 0.248076 1.503076 -0.042428
v 0.162254 1.453551 0.084708
v 0.248076 1.503076 -0.042428
v 0.176995 1.488073 0.107648
v 0.162254 1.453551 0.084708
v 0.162254 1.453551 0.084708
v 0.176995 1.488073 0.107648
v 0.038748 1.442724 0.176386
v 0.176995 1.488073 0.107648
v 0.035943 1.467911 0.213646
v 0.038748 1.442724 0.176386
v 0.038748 1.442724 0.176386
v 0.035943 1.467911 0.213646
v 0.002516 1.438293 0.176278
v 0.035943 1.467911 0.213646
v -0.000549 1.463818 0.224766
v 0.002516 1.438293 0.176278
v 0.002029 1.409585 -0.214925
v 0.154971 1.444037 -0.178024
v 0.004684 1.394574 -0.170557
v 0.004684 1.394574 -0.170557
v 0.154971 1.444037 -0.178024
v 0.126157 1.416065 -0.138118
v 0.154971 1.444037 -0.178024
v 0.225125 1.486796 -0.117325
v 0.126157 1.416065 -0.138118
v 0.126157 1.416065 -0.138118
v 0.225125 1.486796 -0.117325
v 0.213150 1.450941 -0.055775
v 0.004684 1.394574 -0.170557
v 0.126157 1.416065 -0.138118
v 0.005831 1.391101 -0.114634
v 0.005831 1.391101 -0.114634
v 0.126157 1.416065 -0.138118
v 0.097586 1.406161 -0.098932
v 0.126157 1.416065 -0.138118
v 0.151000 1.422472 -0.029129
v 0.097586 1.406161 -0.098932
v 0.151000 1.422472 -0.029129
v 0.126157 1.416065 -0.138118
v 0.213150 1.450941 -0.055775
v -0.232817 1.431141 -0.114441
v -0.209796 1.399539 -0.053111
v -0.257817 1.441594 -0.039242
v 0.002516 1.438293 0.176278
v -0.033728 1.433917 0.176842
v 0.003246 1.427939 0.112658
v 0.003246 1.427939 0.112658
v -0.033728 1.433917 0.176842
v -0.029695 1.423991 0.113488
v -0.033728 1.433917 0.176842
v -0.158141 1.414613 0.086725
v -0.029695 1.423991 0.113488
v -0.029695 1.423991 0.113488
v -0.158141 1.414613 0.086725
v -0.113134 1.401771 0.059081
v -0.158141 1.414613 0.086725
v -0.209796 1.399539 -0.053111
v -0.113134 1.401771 0.059081
v -0.113134 1.401771 0.059081
v -0.209796 1.399539 -0.053111
v -0.137479 1.381956 -0.027212
v -0.000549 1.463818 0.224766
v -0.037207 1.459022 0.214106
v 0.002516 1.438293 0.176278
v 0.002516 1.438293 0.176278
v -0.037207 1.459022 0.214106
v -0.033728 1.433917 0.176842
v -0.037207 1.459022 0.214106
v -0.181519 1.444502 0.109906
v -0.033728 1.433917 0.176842
v -0.033728 1.433917 0.176842
v -0.181519 1.444502 0.109906
v -0.158141 1.414613 0.086725
v -0.181519 1.444502 0.109906
v -0.257817 1.441594 -0.039242
v -0.158141 1.414613 0.086725
v -0.158141 1.414613 0.086725
v -0.257817 1.441594 -0.039242
v -0.209796 1.399539 -0.053111
v 0.002029 1.409585 -0.214925
v 0.004684 1.394574 -0.170557
v -0.154492 1.406429 -0.176075
v -0.154492 1.406429 -0.176075
v 0.004684 1.394574 -0.170557
v -0.117920 1.386402 -0.136581
v 0.004684 1.394574 -0.170557
v 0.005831 1.391101 -0.114634
v -0.117920 1.386402 -0.136581
v -0.117920 1.386402 -0.136581
v 0.005831 1.391101 -0.114634
v -0.086654 1.383770 -0.097772
v -0.154492 1.406429 -0.176075
v -0.117920 1.386402 -0.136581
v -0.232817 1.431141 -0.114441
v -0.232817 1.431141 -0.114441
v -0.117920 1.386402 -0.136581
v -0.209796 1.399539 -0.053111
v -0.117920 1.386402 -0.136581
v -0.137479 1.381956 -0.027212
v -0.209796 1.399539 -0.053111
v -0.137479 1.381956 -0.027212
v -0.117920 1.386402 -0.136581
v -0.086654 1.383770 -0.097772
v 0.213150 1.450941 -0.055775
v 0.225125 1.486796 -0.117325
v 0.248076 1.503076 -0.042428
v 0.744840 0.998607 0.039400
v 0.766955 1.000822 0.039347
v 0.744840 1.024012 0.041548
v 0.744840 1.024012 0.041548
v 0.766955 1.000822 0.039347
v 0.766955 1.017934 0.040506
v 0.766955 1.000822 0.039347
v 0.808261 1.011970 0.039032
v 0.766955 1.017934 0.040506
v 0.766955 1.017934 0.040506
v 0.808261 1.011970 0.039032
v 0.766955 1.018771 0.023881
v 0.808261 1.011970 0.039032
v 0.808261 1.012551 0.027483
v 0.766955 1.018771 0.023881
v 0.766955 1.018771 0.023881
v 0.808261 1.012551 0.027483
v 0.766955 1.001652 0.022846
v 0.808261 1.012551 0.027483
v 0.808261 1.003784 0.027205
v 0.766955 1.001652 0.022846
v 0.808261 1.003784 0.027205
v 0.808261 1.003202 0.038754
v 0.766955 1.001652 0.022846
v 0.808261 1.003202 0.038754
v 0.766955 1.000822 0.039347
v 0.766955 1.001652 0.022846
v 0.766955 1.001652 0.022846
v 0.766955 1.000822 0.039347
v 0.744840 0.999560 0.020454
v 0.766955 1.000822 0.039347
v 0.744840 0.998607 0.039400
v 0.744840 0.999560 0.020454
v 0.744840 1.024012 0.041548
v 0.766955 1.017934 0.040506
v 0.744840 1.024979 0.022326
v 0.744840 1.024979 0.022326
v 0.766955 1.017934 0.040506
v 0.766955 1.018771 0.023881
v 0.744840 1.024979 0.022326
v 0.766955 1.018771 0.023881
v 0.744840 0.999560 0.020454
v 0.744840 0.999560 0.020454
v 0.766955 1.018771 0.023881
v 0.766955 1.001652 0.022846
v 0.808261 1.003202 0.038754
v 0.808261 1.003784 0.027205
v 0.808261 1.011970 0.039032
v 0.808261 1.012551 0.027483
v 0.808261 1.003202 0.038754
v 0.808261 1.011970 0.039032
v 0.766955 1.000822 0.039347
v 0.744840 0.998607 0.039400
v 0.651133 0.993785 0.036297
v 0.744840 0.999560 0.020454
v 0.744840 0.999560 0.020454
v 0.651133 0.993785 0.036297
v 0.744840 1.002346 -0.034911
v 0.651133 0.993785 0.036297
v 0.651133 0.997166 -0.030903
v 0.744840 1.002346 -0.034911
v 0.744840 1.002346 -0.034911
v 0.651133 0.997166 -0.030903
v 0.744840 1.027806 -0.033845
v 0.651133 0.997166 -0.030903
v 0.651133 1.036710 -0.028970
v 0.744840 1.027806 -0.033845
v 0.744840 1.027806 -0.033845
v 0.651133 1.036710 -0.028970
v 0.744840 1.024979 0.022326
v 0.651133 1.036710 -0.028970
v 0.651133 1.033291 0.038988
v 0.744840 1.024979 0.022326
v 0.744840 1.024979 0.022326
v 0.651133 1.033291 0.038988
v 0.744840 1.024012 0.041548
v 0.605666 1.024732 0.019454
v 0.651133 1.033291 0.038988
v 0.605666 1.026269 -0.011094
v 0.651133 1.033291 0.038988
v 0.651133 1.036710 -0.028970
v 0.605666 1.026269 -0.011094
v 0.605666 1.026269 -0.011094
v 0.651133 1.036710 -0.028970
v 0.605818 1.005602 -0.008919
v 0.651133 1.036710 -0.028970
v 0.651133 0.997166 -0.030903
v 0.605818 1.005602 -0.008919
v 0.605818 1.005602 -0.008919
v 0.651133 0.997166 -0.030903
v 0.605818 1.004349 0.015980
v 0.651133 0.997166 -0.030903
v 0.651133 0.993785 0.036297
v 0.605818 1.004349 0.015980
v 0.605818 1.004349 0.015980
v 0.651133 0.993785 0.036297
v 0.605666 1.024732 0.019454
v 0.651133 0.993785 0.036297
v 0.651133 1.033291 0.038988
v 0.605666 1.024732 0.019454
v 0.651133 0.993785 0.036297
v 0.744840 0.998607 0.039400
v 0.651133 1.033291 0.038988
v 0.651133 1.033291 0.038988
v 0.744840 0.998607 0.039400
v 0.744840 1.024012 0.041548
vn 0.9386 0.2639 0.2222
vn 0.9384 0.2636 0.2234
vn 0.6203 0.3316 0.7108
vn 0.2062 0.3507 0.9135
vn 0.2061 0.3506 0.9136
vn -0.2065 0.3506 0.9135
vn -0.2064 0.3507 0.9135
vn -0.6197 0.3317 0.7113
vn 0.7531 0.6561 -0.0488
vn 0.5467 0.7344 0.4022
vn 0.5471 0.7347 0.4013
vn 0.1917 0.7498 0.6333
vn 0.1920 0.7500 0.6330
vn -0.1923 0.7499 0.6330
vn -0.6266 -0.3832 0.6786
vn -0.6264 -0.3831 0.6789
vn -0.2098 -0.4180 0.8839
vn -0.2096 -0.4178 0.8840
vn 0.2095 -0.4178 0.8841
vn 0.2093 -0.4179 0.8840
vn 0.6274 -0.3829 0.6781
vn 0.6271 -0.3832 0.6782
vn 0.9408 -0.2785 0.1930
vn 0.5541 -0.7681 0.3209
vn 0.1964 -0.8063 0.5579
vn 0.1958 -0.8066 0.5577
vn -0.1966 -0.8065 0.5576
vn -0.1963 -0.8063 0.5580
vn -0.5535 -0.7683 0.3215
vn -0.9408 -0.2785 0.1930
vn -0.6271 -0.3832 0.6782
vn -0.6274 -0.3829 0.6781
vn -0.2093 -0.4179 0.8840
vn -0.2095 -0.4178 0.8841
vn 0.2096 -0.4178 0.8840
vn 0.2098 -0.4180 0.8839
vn 0.6264 -0.3831 0.6789
vn 0.6266 -0.3832 0.6786
vn -0.5541 -0.7681 0.3209
vn -0.1964 -0.8063 0.5579
vn -0.1958 -0.8067 0.5577
vn 0.1966 -0.8065 0.5576
vn 0.1963 -0.8063 0.5580
vn 0.5535 -0.7683 0.3215
vn 0.6122 0.3046 0.7297
vn 0.2030 0.3156 0.9269
vn 0.2031 0.3154 0.9269
vn -0.2027 0.3155 0.9270
vn -0.2029 0.3156 0.9270
vn -0.6128 0.3045 0.7292
vn -0.9355 0.2551 0.2446
vn -0.9356 0.2555 0.2435
vn 0.1876 0.7096 0.6791
vn -0.1873 0.7097 0.6792
vn -0.1866 0.7093 0.6798
vn -0.5389 0.7083 0.4559
vn -0.5390 0.7084 0.4556
vn -0.7541 0.6568 0.0063
vn 0.9807 -0.1916 0.0394
vn 0.9807 -0.1917 0.0392
vn 0.7724 0.6284 0.0919
vn 0.7730 0.6278 0.0912
vn -0.7526 0.6584 0.0093
vn -0.7539 0.6569 0.0108
vn -0.9889 -0.1339 -0.0639
vn -0.9886 -0.1355 -0.0651
vn -0.9803 -0.1884 -0.0585
vn -0.9803 -0.1885 -0.0583
vn -0.7728 0.6341 -0.0285
vn -0.7741 0.6325 -0.0269
vn 0.7529 0.6557 0.0560
vn 0.7528 0.6559 0.0561
vn 0.9889 -0.1395 0.0514
vn 0.9889 -0.1392 0.0513
vn 0.6718 -0.0518 0.7390
vn -0.5739 -0.0638 0.8164
vn -0.5577 -0.0729 0.8268
vn -0.5578 0.0661 -0.8273
vn -0.5455 0.2507 -0.7997
vn 0.6403 0.2576 -0.7236
vn 0.4699 -0.0621 -0.8805
vn 0.4692 -0.1580 0.8689
vn -0.5440 0.0599 -0.8369
vn 0.6484 0.0601 -0.7589
vn 0.6564 0.0632 -0.7518
vn 0.6563 -0.0601 0.7521
vn 0.6411 0.1775 0.7466
vn -0.5463 0.1623 0.8217
vn -0.4025 -0.1466 0.9036
vn -0.4027 -0.0475 -0.9141
vn -0.5579 0.8289 0.0417
vn 0.5091 0.8596 0.0433
vn 0.9889 -0.1339 -0.0639
vn 0.7539 0.6569 0.0108
vn 0.7526 0.6584 0.0093
vn -0.7730 0.6278 0.0912
vn -0.7724 0.6285 0.0919
vn -0.9807 -0.1917 0.0392
vn -0.9807 -0.1916 0.0394
vn 0.9886 -0.1355 -0.0651
vn -0.9889 -0.1395 0.0514
vn -0.7528 0.6559 0.0561
vn -0.7529 0.6557 0.0560
vn 0.7741 0.6325 -0.0269
vn 0.7728 0.6341 -0.0285
vn 0.9803 -0.1885 -0.0583
vn 0.9803 -0.1884 -0.0585
vn -0.9889 -0.1392 0.0513
vn -0.6484 0.0601 -0.7589
vn 0.5440 0.0599 -0.8369
vn 0.5578 0.0661 -0.8273
vn 0.5577 -0.0729 0.8268
vn 0.5463 0.1623 0.8217
vn -0.6411 0.1775 0.7466
vn -0.4692 -0.1580 0.8689
vn -0.4699 -0.0621 -0.8805
vn 0.5739 -0.0638 0.8164
vn -0.6718 -0.0518 0.7390
vn -0.6563 -0.0601 0.7521
vn -0.6564 0.0632 -0.7518
vn -0.6403 0.2576 -0.7236
vn 0.5455 0.2507 -0.7997
vn 0.4027 -0.0475 -0.9141
vn 0.4025 -0.1466 0.9036
vn 0.5579 0.8289 0.0417
vn -0.5091 0.8596 0.0433
vn 0.0808 -0.5429 -0.8359
vn -0.0000 -0.5447 -0.8387
vn -0.0000 0.6066 -0.7950
vn -0.0000 0.5447 0.8386
vn -0.1199 0.5408 0.8326
vn 0.5413 -0.0267 0.8404
vn 0.5413 0.0267 -0.8404
vn -0.1291 -0.5401 -0.8316
vn -0.1314 -0.6014 0.7881
vn -0.0000 -0.6067 0.7950
vn 0.0823 -0.6046 0.7923
vn -0.4613 -0.1127 0.8801
vn -0.4599 -0.0563 -0.8862
vn -0.4603 -0.0475 -0.8865
vn 0.1535 0.6403 -0.7526
vn 0.1508 0.5803 0.8003
vn -0.4615 -0.1038 0.8810
vn -0.1220 0.6021 -0.7891
vn -0.1535 0.6403 -0.7526
vn 0.1314 -0.6014 0.7881
vn -0.5413 -0.0267 0.8404
vn -0.5413 0.0267 -0.8404
vn 0.1220 0.6021 -0.7891
vn 0.1199 0.5408 0.8326
vn -0.1508 0.5803 0.8003
vn 0.4615 -0.1038 0.8810
vn 0.4603 -0.0475 -0.8865
vn 0.4599 -0.0563 -0.8862
vn -0.0808 -0.5429 -0.8359
vn -0.0823 -0.6046 0.7923
vn 0.4613 -0.1127 0.8801
vn 0.1291 -0.5401 -0.8316
vn -0.7932 0.5891 0.1545
vn -0.7924 0.5896 0.1563
vn -0.5858 0.5241 0.6182
vn -0.5862 0.5240 0.6179
vn -0.2624 0.4648 0.8456
vn -0.2621 0.4649 0.8457
vn 0.0724 0.4514 0.8894
vn 0.0725 0.4515 0.8893
vn 0.4061 0.4888 0.7721
vn 0.4056 0.4883 0.7727
vn 0.7003 0.5605 0.4420
vn 0.7006 0.5613 0.4405
vn 0.7049 -0.5951 0.3859
vn 0.7065 -0.5944 0.3842
vn 0.4126 -0.5475 0.7280
vn 0.4123 -0.5476 0.7281
vn 0.0758 -0.5200 0.8508
vn 0.0759 -0.5200 0.8508
vn -0.2629 -0.5327 0.8044
vn -0.2625 -0.5324 0.8048
vn -0.5868 -0.5780 0.5671
vn -0.5871 -0.5784 0.5664
vn -0.7866 -0.6102 0.0943
vn -0.7868 -0.6098 0.0957
vn -0.6893 0.1631 0.7058
vn -0.6896 0.1629 0.7057
vn -0.9654 0.2039 0.1625
vn -0.9653 0.2042 0.1630
vn -0.6919 -0.2120 0.6902
vn -0.6915 -0.2115 0.6907
vn -0.9654 -0.2189 0.1419
vn -0.9654 -0.2188 0.1421
vn 0.8466 -0.2135 0.4876
vn 0.8456 -0.2145 0.4888
vn 0.4732 -0.1990 0.8582
vn 0.4731 -0.1991 0.8582
vn 0.4697 0.1461 0.8707
vn 0.4699 0.1464 0.8705
vn 0.8421 0.1875 0.5057
vn 0.8419 0.1870 0.5062
vn -0.3128 0.9449 0.0972
vn -0.2490 0.9222 0.2958
vn -0.1216 0.8987 0.4213
vn 0.0321 0.8928 0.4494
vn -0.3084 -0.9512 0.0020
vn 0.1782 0.9087 0.3776
vn -0.2464 -0.9474 0.2041
vn -0.1185 -0.9351 0.3340
vn 0.0372 -0.9309 0.3634
vn 0.2824 0.9351 0.2142
vn 0.1850 -0.9394 0.2887
vn 0.2889 -0.9497 0.1206
vn 0.0830 0.1274 0.9884
vn 0.0828 0.1272 0.9884
vn -0.2984 0.1330 0.9451
vn 0.0841 -0.1899 0.9782
vn 0.0844 -0.1896 0.9782
vn -0.2993 -0.1948 0.9341
vn -0.2995 -0.1950 0.9339
vn -0.7316 0.5685 0.3763
vn -0.7326 0.5681 0.3749
vn -0.4531 0.4959 0.7408
vn -0.4524 0.4961 0.7411
vn -0.1202 0.4533 0.8832
vn -0.1200 0.4534 0.8832
vn 0.2141 0.4604 0.8615
vn 0.2147 0.4608 0.8612
vn 0.5427 0.5160 0.6628
vn 0.5415 0.5146 0.6648
vn 0.7771 0.5848 0.2328
vn 0.7770 0.5859 0.2302
vn 0.7760 -0.6070 0.1714
vn 0.7767 -0.6065 0.1700
vn 0.5472 -0.5691 0.6138
vn 0.5455 -0.5697 0.6147
vn 0.2169 -0.5279 0.8211
vn 0.2173 -0.5277 0.8211
vn -0.1216 -0.5221 0.8442
vn -0.1213 -0.5219 0.8443
vn -0.4568 -0.5554 0.6948
vn -0.4566 -0.5552 0.6952
vn -0.7332 -0.6013 0.3175
vn -0.7333 -0.6017 0.3165
vn -0.5254 0.1490 0.8377
vn -0.5258 0.1487 0.8375
vn -0.8830 0.1899 0.4292
vn -0.8825 0.1904 0.4300
vn -0.5286 -0.2030 0.8242
vn -0.5279 -0.2022 0.8249
vn -0.8854 -0.2173 0.4109
vn -0.8859 -0.2184 0.4092
vn 0.9478 -0.2170 0.2338
vn 0.9471 -0.2182 0.2355
vn 0.6383 -0.2077 0.7413
vn 0.6395 -0.2067 0.7405
vn 0.6351 0.1587 0.7560
vn 0.6363 0.1602 0.7546
vn 0.9455 0.2032 0.2544
vn 0.9452 0.2010 0.2574
vn -0.2939 0.9376 0.1860
vn -0.1986 0.9116 0.3600
vn -0.0560 0.8935 0.4455
vn 0.0988 0.8969 0.4311
vn -0.2950 -0.9511 0.0917
vn 0.2312 0.9191 0.3191
vn -0.2004 -0.9417 0.2702
vn -0.0565 -0.9316 0.3591
vn 0.1004 -0.9335 0.3441
vn 0.3062 0.9435 0.1266
vn 0.2337 -0.9452 0.2280
vn 0.3074 -0.9511 0.0315
vn 0.2438 0.1311 0.9609
vn 0.2442 0.1314 0.9608
vn -0.1363 0.1278 0.9824
vn -0.1361 0.1280 0.9824
vn 0.2457 -0.1924 0.9501
vn 0.2455 -0.1925 0.9501
vn -0.1368 -0.1906 0.9721
vn -0.1372 -0.1909 0.9720
vn 0.8970 0.0308 0.4410
vn 0.8974 0.0202 0.4407
vn 0.1644 -0.0349 0.9858
vn 0.1644 -0.0394 0.9856
vn 0.1630 -0.0414 0.9858
vn 0.1623 -0.1414 0.9765
vn -0.1639 -0.1435 0.9760
vn -0.1471 -0.1126 0.9827
vn -0.8876 -0.0505 0.4579
vn -0.8816 -0.0348 0.4706
vn -0.8810 -0.0412 -0.4714
vn -0.8787 -0.0459 -0.4751
vn -0.2028 -0.0812 -0.9759
vn -0.1893 -0.1056 -0.9762
vn 0.1895 -0.1056 -0.9762
vn 0.1747 -0.4999 -0.8483
vn 0.1537 -0.4635 -0.8727
vn 0.8885 -0.0244 -0.4582
vn 0.8895 0.0281 -0.4561
vn 0.2044 0.0194 -0.9787
vn 0.2064 0.0165 -0.9783
vn -0.2044 0.0165 -0.9787
vn -0.2065 0.0194 -0.9783
vn -0.8679 0.0283 -0.4959
vn -0.8677 0.0480 -0.4948
vn -0.8921 0.0191 0.4515
vn -0.8978 0.0090 0.4403
vn -0.1662 -0.0370 0.9854
vn -0.1583 -0.0274 0.9870
vn 0.1583 -0.0274 0.9870
vn 0.1574 0.0605 0.9857
vn 0.8533 0.0755 0.5159
vn 0.8148 -0.4025 0.4173
vn 0.7440 -0.4908 0.4535
vn 0.1222 -0.5985 0.7918
vn 0.1174 -0.6060 0.7868
vn -0.1218 -0.6063 0.7859
vn -0.1174 -0.5981 0.7928
vn -0.7902 -0.4632 0.4014
vn -0.7857 -0.3890 0.4810
vn -0.8002 -0.3896 -0.4559
vn -0.7439 -0.4535 -0.4908
vn -0.1770 -0.4673 -0.8662
vn -0.1549 -0.5015 -0.8512
vn 0.1647 0.0538 0.9849
vn -0.1769 0.0530 0.9828
vn -0.1572 0.0699 0.9851
vn -0.7895 0.1240 0.6011
vn -0.8973 0.0248 0.4408
vn -0.8549 0.1021 -0.5086
vn -0.8568 0.0653 -0.5116
vn -0.2065 0.0439 -0.9775
vn 0.8741 0.0480 -0.4833
vn 0.8622 0.0670 -0.5022
vn 0.2067 0.0890 -0.9744
vn 0.2367 0.0514 -0.9702
vn -0.1999 0.0518 -0.9784
vn -0.1993 0.1287 -0.9714
vn -0.8038 0.1557 -0.5741
vn -0.1662 -0.0412 0.9852
vn -0.1646 -0.0390 0.9856
vn -0.8929 -0.0319 0.4492
vn -0.8879 -0.0216 0.4595
vn -0.8826 0.0003 -0.4702
vn 0.8977 0.0197 0.4402
vn 0.8984 -0.0224 0.4385
vn 0.8938 -0.0325 0.4473
vn 0.8936 -0.0488 0.4463
vn 0.1468 -0.1126 0.9827
vn 0.8600 0.1073 -0.4989
vn 0.8287 0.1390 -0.5421
vn 0.2359 0.1298 -0.9631
vn 0.2801 0.0933 -0.9554
vn -0.2443 0.0942 -0.9651
vn 0.7694 -0.3739 -0.5178
vn 0.7770 -0.4428 -0.4475
vn 0.8786 -0.0462 -0.4753
vn 0.2028 -0.0816 -0.9758
vn 0.8741 -0.0005 -0.4858
vn 0.8817 -0.0180 0.4715
vn 0.2547 -0.0750 0.9641
vn 0.2547 -0.0749 0.9641
vn 0.2415 -0.0746 0.9675
vn -0.2438 -0.0753 0.9669
vn -0.2525 -0.0755 0.9646
vn -0.2525 -0.0756 0.9646
vn 0.6892 0.4492 0.5685
vn 0.6399 -0.4844 0.5966
vn 0.2264 -0.6882 0.6893
vn 0.2847 -0.2855 0.9151
vn 0.1961 -0.2023 0.9595
vn 0.3838 -0.2257 0.8954
vn 0.3376 0.4347 0.8349
vn 0.4068 0.3614 0.8390
vn 0.0375 0.1591 0.9865
vn 0.1265 0.4608 0.8784
vn 0.3425 0.2970 0.8913
vn 0.9085 0.1988 0.3675
vn 0.8341 -0.4738 0.2824
vn 0.0493 -0.2114 0.9762
vn 0.0494 -0.1981 0.9789
vn 0.3907 -0.8586 0.3318
vn 0.6183 0.5769 0.5339
vn 0.5244 0.5187 0.6753
vn 0.4457 0.6127 0.6526
vn 0.4005 0.2246 0.8883
vn 0.2747 0.2817 0.9193
vn 0.2620 -0.1340 0.9557
vn -0.3532 -0.2360 0.9053
vn -0.2381 0.6043 0.7604
vn 0.0268 0.7902 0.6122
vn 0.0900 -0.1541 0.9839
vn 0.2766 -0.2393 0.9307
vn 0.4064 -0.8889 0.2113
vn -0.8647 -0.3313 -0.3775
vn 0.1028 -0.7848 -0.6112
vn 0.1426 -0.8393 -0.5247
vn -0.7609 -0.2935 -0.5787
vn 0.3474 -0.0865 -0.9337
vn 0.2475 -0.1370 -0.9592
vn -0.8509 -0.2697 -0.4509
vn -0.7444 -0.0459 0.6662
vn -0.4733 -0.0784 0.8774
vn 0.5839 0.6821 -0.4402
vn 0.5838 0.6822 -0.4402
vn -0.9713 0.2362 0.0268
vn -0.6480 0.4242 0.6326
vn -0.4911 0.8711 -0.0112
vn -0.9961 -0.0700 0.0544
vn -0.8812 -0.0662 -0.4681
vn -0.8518 -0.1059 -0.5130
vn -0.1816 -0.0115 -0.9833
vn -0.1762 -0.0151 -0.9842
vn -0.8683 -0.3338 -0.3669
vn -0.7700 -0.4975 -0.3994
vn -0.8408 -0.4420 -0.3126
vn -0.7039 -0.6487 -0.2893
vn -0.4022 -0.7730 -0.4906
vn -0.5539 0.8315 0.0431
vn -0.6645 0.4276 -0.6129
vn -0.3328 0.4626 -0.8217
vn -0.2042 0.2883 -0.9355
vn -0.1641 -0.2412 -0.9565
vn -0.2159 -0.3176 -0.9233
vn -0.1869 -0.5095 -0.8399
vn -0.8420 -0.0520 0.5369
vn -0.9175 -0.1013 0.3847
vn -0.9872 -0.0926 0.1300
vn -0.4024 0.9131 0.0652
vn -0.1940 0.9672 -0.1638
vn 0.3890 0.3718 0.8429
vn 0.3890 0.3719 0.8428
vn 0.6882 0.7185 0.1006
vn 0.6177 0.7863 0.0141
vn 0.6721 0.3993 -0.6236
vn 0.3261 0.4534 -0.8295
vn 0.2042 0.2883 -0.9355
vn 0.9699 -0.0354 0.2407
vn 0.8818 -0.0653 -0.4671
vn 0.8518 -0.1059 -0.5130
vn 0.1816 -0.0115 -0.9833
vn 0.1762 -0.0151 -0.9842
vn 0.4022 -0.7730 -0.4906
vn 0.7039 -0.6487 -0.2893
vn 0.8408 -0.4420 -0.3126
vn 0.7700 -0.4975 -0.3994
vn 0.8683 -0.3338 -0.3669
vn 0.9968 0.0711 0.0359
vn 0.8658 -0.0798 0.4940
vn 0.5948 -0.0724 0.8006
vn 0.1869 -0.5095 -0.8399
vn 0.2159 -0.3176 -0.9233
vn 0.1641 -0.2412 -0.9565
vn 0.1939 0.9799 -0.0459
vn 0.1697 0.9816 -0.0872
vn 0.8647 -0.3313 -0.3775
vn -0.7687 -0.4967 -0.4030
vn -0.6669 -0.2418 -0.7048
vn -0.6227 -0.5624 -0.5439
vn -0.5122 -0.1457 -0.8464
vn -0.5011 -0.3101 -0.8079
vn -0.8882 -0.3582 -0.2878
vn -0.9934 -0.1076 0.0395
vn -0.9786 0.0382 -0.2023
vn -0.9759 -0.1209 -0.1815
vn -0.9501 0.0011 -0.3118
vn -0.9778 0.0251 -0.2082
vn -0.9195 -0.0297 0.3921
vn -0.9881 -0.0438 -0.1478
vn -0.9055 -0.1719 0.3879
vn -0.7304 0.2915 0.6177
vn -0.6347 0.3385 0.6947
vn -0.3400 0.0229 0.9402
vn -0.0858 0.2346 0.9683
vn -0.0859 0.2351 0.9682
vn -0.9181 -0.0113 0.3962
vn -0.9220 -0.0122 0.3870
vn -0.0494 -0.1981 0.9789
vn -0.0493 -0.2114 0.9762
vn -0.8341 -0.4738 0.2824
vn -0.9085 0.1988 0.3675
vn -0.3425 0.2970 0.8913
vn -0.1265 0.4608 0.8784
vn -0.0375 0.1591 0.9865
vn -0.4068 0.3614 0.8390
vn -0.3376 0.4347 0.8349
vn -0.3838 -0.2257 0.8954
vn -0.1961 -0.2023 0.9595
vn -0.2847 -0.2855 0.9151
vn -0.2264 -0.6882 0.6893
vn -0.6399 -0.4844 0.5966
vn -0.6892 0.4492 0.5685
vn -0.2620 -0.1340 0.9557
vn -0.2747 0.2817 0.9193
vn -0.4005 0.2246 0.8883
vn -0.4457 0.6127 0.6526
vn -0.5243 0.5188 0.6752
vn -0.6181 0.5769 0.5339
vn -0.3906 -0.8587 0.3319
vn -0.0268 0.7902 0.6122
vn 0.2381 0.6043 0.7604
vn 0.3532 -0.2360 0.9053
vn -0.0900 -0.1542 0.9839
vn -0.2766 -0.2393 0.9307
vn -0.4063 -0.8890 0.2113
vn 0.8882 -0.3582 -0.2878
vn 0.5011 -0.3101 -0.8079
vn 0.5122 -0.1457 -0.8464
vn 0.6227 -0.5624 -0.5439
vn 0.6669 -0.2418 -0.7048
vn 0.7687 -0.4967 -0.4030
vn 0.9501 0.0011 -0.3118
vn 0.9759 -0.1209 -0.1815
vn 0.9794 0.0242 -0.2006
vn 0.9906 -0.0933 0.0998
vn 0.9795 0.0249 -0.2001
vn 0.8579 -0.1770 0.4823
vn 0.9797 0.0229 -0.1990
vn 0.9712 0.0284 0.2367
vn -0.2474 -0.1370 -0.9592
vn -0.3474 -0.0865 -0.9337
vn 0.7609 -0.2935 -0.5787
vn -0.1426 -0.8393 -0.5247
vn -0.2455 -0.9377 -0.2460
vn 0.4485 -0.0806 0.8901
vn 0.7444 -0.0459 0.6662
vn 0.8509 -0.2697 -0.4509
vn -0.5838 0.6822 -0.4402
vn -0.5839 0.6821 -0.4402
vn 0.0859 0.2351 0.9682
vn 0.1570 0.4205 0.8936
vn 0.3817 0.3188 0.8675
vn 0.5389 0.4328 0.7227
vn 0.9791 0.0515 0.1965
vn 0.9698 0.0549 0.2378
vn 0.5292 0.5102 0.6780
vn 0.2933 0.9368 0.1907
vn 0.2652 0.7206 -0.6406
vn -0.3710 0.6941 -0.6170
vn -0.3997 0.5110 -0.7610
vn -0.9097 0.4083 -0.0753
vn -0.9799 0.1996 -0.0026
vn -0.8018 -0.3536 0.4819
vn -0.7704 -0.4450 0.4565
vn -0.1666 -0.6023 0.7807
vn -0.1695 -0.5944 0.7861
vn 0.5756 -0.4932 0.6522
vn 0.3620 -0.1652 0.9174
vn 0.8429 -0.0850 0.5313
vn 0.6189 0.3171 0.7187
vn -0.2393 0.8458 0.4769
vn -0.2602 0.8580 0.4429
vn -0.2333 0.6869 0.6883
vn -0.0779 0.5876 0.8054
vn 0.1188 0.8823 0.4554
vn 0.0359 0.6214 0.7826
vn -0.9569 -0.0130 0.2901
vn -0.9747 -0.0331 0.2212
vn -0.9781 -0.0265 0.2063
vn -0.9645 -0.2621 0.0315
vn -0.1239 -0.3000 -0.9459
vn -0.1236 -0.2999 -0.9460
vn 0.8188 0.0088 -0.5740
vn 0.8465 0.0328 -0.5314
vn 0.9994 0.0277 0.0191
vn 0.1948 -0.1202 0.9734
vn -0.8045 -0.2795 0.5241
vn -0.8553 -0.3022 0.4209
vn -0.9517 -0.2983 -0.0727
vn 0.1950 -0.1202 0.9734
vn 0.9826 0.0755 -0.1699
vn -0.1379 0.9858 0.0962
vn -0.2242 0.8207 -0.5255
vn -0.2245 0.8208 -0.5252
vn -0.1380 0.9858 0.0960
vn 0.0674 -0.9059 -0.4181
vn 0.0675 -0.9058 -0.4183
vn 0.0557 -0.8839 -0.4643
vn 0.0553 -0.8845 -0.4632
vn -0.9636 -0.2123 0.1626
vn -0.9633 -0.2129 0.1634
vn -0.9636 -0.2122 0.1624
vn -1.0000 -0.0000 -0.0000
vn -0.0382 0.1186 0.9922
vn -0.0422 0.1420 0.9890
vn -0.0000 -0.9987 -0.0503
vn -0.5342 -0.2373 -0.8114
vn -0.5366 -0.2647 -0.8012
vn 0.5770 -0.2719 -0.7701
vn 0.5967 -0.2252 -0.7702
vn -0.5554 0.0905 -0.8267
vn -0.6463 -0.0356 -0.7623
vn 0.6052 -0.0358 -0.7952
vn 0.6657 0.0464 -0.7448
vn 0.0380 0.1408 0.9893
vn 0.0424 0.1173 0.9922
vn 0.5298 -0.2633 -0.8062
vn 0.5415 -0.2360 -0.8069
vn -0.5850 -0.2276 -0.7784
vn -0.5878 -0.2739 -0.7612
vn -0.6657 0.0464 -0.7448
vn -0.6052 -0.0358 -0.7952
vn 0.6463 -0.0356 -0.7623
vn 0.5554 0.0905 -0.8267
vn 0.0062 0.6320 -0.7750
vn 0.0023 0.5706 0.8212
vn -0.0037 0.5447 0.8386
vn -0.0020 -0.6067 0.7950
vn 0.0002 0.6066 -0.7950
vn 0.0019 -0.5447 -0.8387
vn -0.0090 -0.4961 -0.8682
vn -0.0132 -0.5588 0.8292
vn -0.0000 -0.1666 0.9860
vn -0.0000 0.1032 0.9947
vn 1.0000 -0.0000 -0.0000
vn 0.1248 -0.5404 -0.8321
vn -0.5291 0.0269 -0.8481
vn -0.5292 -0.0269 0.8481
vn 0.1165 0.5410 0.8329
vn 0.1186 0.6023 -0.7894
vn 0.1270 -0.6017 0.7885
vn -0.0023 0.5706 0.8212
vn -0.0062 0.6320 -0.7750
vn -0.0002 0.6066 -0.7950
vn -0.0019 -0.5447 -0.8387
vn 0.0090 -0.4961 -0.8682
vn 0.0132 -0.5588 0.8292
vn 0.0020 -0.6067 0.7950
vn 0.0037 0.5447 0.8386
vn -0.6544 -0.0739 0.7525
vn -0.6708 -0.0631 0.7390
vn -0.4844 0.7261 0.4880
vn -0.2584 0.6560 0.7092
vn -0.2773 0.9287 0.2461
vn -0.1158 0.9507 0.2876
vn -0.0777 0.3304 0.9407
vn 0.0668 0.3351 0.9398
vn 0.3302 0.1215 0.9361
vn 0.8701 0.0634 0.4888
vn 0.0989 0.9563 0.2753
vn 0.2295 0.9478 0.2215
vn 0.2149 0.6661 0.7142
vn 0.4452 0.7690 0.4587
vn 0.6576 -0.0771 0.7494
vn 0.5473 -0.0178 -0.8367
vn -0.3488 0.1206 0.9294
vn -0.8692 0.0636 0.4903
vn -0.8667 0.0443 0.4969
vn -0.9950 0.0666 0.0742
vn -0.9945 0.0469 0.0932
vn -0.5657 -0.0170 -0.8244
vn -0.6650 0.0346 -0.7460
vn 0.6522 0.0376 -0.7571
vn 0.9984 0.0422 -0.0368
vn 0.9968 0.0597 -0.0526
vn 0.8661 0.0346 0.4987
vn 0.6319 -0.0630 0.7725
vn 0.9965 0.0730 -0.0406
vn -0.9928 0.0803 0.0885
vn -0.0000 -0.9987 0.0519
vn -0.0071 -0.9124 -0.4092
vn -0.0146 -0.9059 -0.4231
vn -0.0000 -0.9736 0.2284
vn -0.4684 -0.1710 0.8668
vn -0.4696 -0.0685 -0.8802
vn 0.0028 0.5051 -0.8631
vn 0.0023 0.5051 -0.8631
vn 0.0021 0.4030 0.9152
vn 0.4024 -0.1497 0.9031
vn 0.0026 0.4030 0.9152
vn 0.4029 -0.0416 -0.9143
vn -0.5473 -0.0178 -0.8367
vn -0.6576 -0.0771 0.7494
vn -0.4452 0.7690 0.4587
vn -0.2149 0.6661 0.7142
vn -0.2295 0.9478 0.2215
vn -0.0989 0.9563 0.2753
vn -0.0668 0.3351 0.9398
vn 0.0777 0.3304 0.9407
vn 0.3488 0.1206 0.9294
vn 0.8692 0.0636 0.4903
vn 0.1158 0.9507 0.2876
vn 0.2773 0.9287 0.2461
vn 0.2584 0.6560 0.7092
vn 0.4844 0.7261 0.4880
vn 0.6708 -0.0631 0.7390
vn 0.6544 -0.0739 0.7525
vn -0.3302 0.1215 0.9361
vn -0.8701 0.0634 0.4888
vn -0.8661 0.0346 0.4987
vn -0.9968 0.0597 -0.0526
vn -0.9984 0.0422 -0.0368
vn -0.6522 0.0376 -0.7571
vn 0.6650 0.0346 -0.7460
vn 0.5657 -0.0170 -0.8244
vn 0.9928 0.0803 0.0885
vn 0.9945 0.0469 0.0932
vn 0.9950 0.0666 0.0742
vn -0.6319 -0.0630 0.7725
vn -0.9965 0.0730 -0.0406
vn 0.8667 0.0443 0.4969
vn 0.0146 -0.9059 -0.4231
vn 0.0071 -0.9124 -0.4092
vn 0.4684 -0.1710 0.8668
vn -0.0026 0.4030 0.9152
vn -0.0028 0.5051 -0.8631
vn -0.0023 0.5051 -0.8631
vn -0.4029 -0.0416 -0.9143
vn -0.4024 -0.1497 0.9031
vn 0.4696 -0.0685 -0.8802
vn -0.0021 0.4030 0.9152
vn -0.3461 0.0329 0.9376
vn 0.4796 0.0303 0.8770
vn 0.2349 0.2830 0.9299
vn 0.8137 -0.0620 0.5780
vn 0.7951 -0.0193 0.6062
vn 0.9527 0.0111 -0.3037
vn 0.9649 0.0808 -0.2497
vn 0.4081 0.1393 -0.9023
vn 0.2952 -0.0182 -0.9553
vn -0.3866 -0.0114 -0.9222
vn -0.2913 0.1391 -0.9465
vn -0.9575 0.0838 -0.2760
vn -0.9715 0.0092 -0.2369
vn -0.8409 -0.0209 0.5408
vn -0.8284 -0.0767 0.5548
vn -0.4715 0.1730 0.8647
vn 0.7752 0.3788 0.5056
vn 0.7785 0.3676 0.5087
vn 0.9121 0.2996 -0.2800
vn 0.9070 0.3110 -0.2840
vn 0.2479 0.2551 -0.9346
vn 0.3462 0.0279 -0.9377
vn -0.2749 0.0286 -0.9611
vn -0.3398 0.2763 -0.8990
vn -0.9068 0.3169 -0.2779
vn -0.9092 0.3039 -0.2845
vn -0.7779 0.3721 0.5064
vn -0.7749 0.3750 0.5089
vn 0.7516 0.6107 -0.2494
vn 0.8628 0.4185 -0.2838
vn 0.9121 0.3562 0.2031
vn 0.9378 0.2065 0.2792
vn 0.3109 -0.0158 0.9503
vn 0.3420 0.0926 0.9351
vn -0.3101 0.1060 0.9448
vn -0.3453 0.0112 0.9384
vn -0.9372 0.2582 0.2344
vn -0.9012 0.3439 0.2640
vn -0.8850 0.3351 -0.3233
vn -0.7401 0.6112 -0.2805
vn -0.3237 0.8364 0.4423
vn -0.1317 0.4993 0.8563
vn -0.1594 0.8451 0.5103
vn 0.3197 0.9383 -0.1320
vn 0.3624 0.9249 -0.1153
vn 0.1674 0.7544 -0.6348
vn 0.2051 0.7065 -0.6773
vn -0.2072 0.7005 -0.6830
vn -0.1245 0.8013 -0.5852
vn -0.3923 0.9086 -0.1436
vn -0.3312 0.9294 -0.1630
vn 0.5679 -0.2165 -0.7941
vn 0.5942 0.6085 0.5260
vn 0.0816 0.4822 -0.8723
vn 0.7378 0.6487 -0.1863
vn -0.2622 0.7053 -0.6586
vn 0.5705 0.7294 -0.3775
vn 0.1455 0.8440 0.5162
vn 0.1212 0.5096 0.8519
vn 0.3463 0.8428 0.4121
vn 0.0002 0.9829 0.1844
vn 0.0002 0.9634 0.2680
vn 0.0017 0.9621 0.2728
vn 0.0017 0.9628 0.2700
vn -0.0002 0.9643 0.2648
vn -0.0002 0.9412 0.3380
vn 0.0476 0.0392 -0.9981
vn 0.0895 0.0391 -0.9952
vn 0.1678 0.9846 0.0495
vn 0.1270 0.9917 0.0207
vn 0.0684 -0.0627 0.9957
vn 0.0609 -0.0317 0.9976
vn 0.0499 -0.9969 -0.0617
vn 0.0462 0.0418 -0.9981
vn 0.1720 0.9839 0.0495
vn 0.1719 0.9839 0.0495
vn 0.0146 -0.0629 0.9979
vn 0.0075 -0.0734 0.9973
vn 0.0661 -0.9966 -0.0501
vn 0.0629 -0.9968 -0.0502
vn 0.9745 0.0071 -0.2241
vn 0.0919 0.0316 -0.9953
vn 0.5903 -0.3818 0.7112
vn 0.5909 -0.3807 0.7113
vn -0.6630 -0.3698 0.6510
vn 0.0627 -0.6817 -0.7289
vn 0.0177 -0.5669 -0.8236
vn 0.8695 0.3039 -0.3894
vn 0.8487 0.4328 -0.3039
vn 0.0196 0.5931 0.8049
vn -0.0880 0.5944 0.7994
vn -0.6629 -0.3786 0.6459
vn -0.6689 -0.3885 0.6337
vn 0.1725 -0.5736 -0.8007
vn -0.1203 -0.6634 -0.7385
vn 0.8217 0.2964 -0.4867
vn 0.8017 0.3591 -0.4778
vn 0.0903 0.6642 0.7420
vn -0.0123 0.6744 0.7383
vn -0.6598 -0.3803 0.6481
vn -0.1033 0.0316 -0.9942
vn -0.0957 0.0601 -0.9936
vn -0.1445 0.9883 0.0497
vn -0.0258 -0.0676 0.9974
vn -0.0285 -0.0676 0.9973
vn -0.0109 -0.0842 0.9964
vn -0.0994 -0.9938 -0.0500
vn -0.0567 -0.9971 -0.0501
vn -0.0567 -0.9971 -0.0502
vn -0.2668 0.9625 0.0484
vn -0.0904 0.0731 -0.9932
vn -0.1017 0.0600 -0.9930
vn -0.0162 -0.0317 0.9994
vn 0.3840 -0.0628 0.9212
vn 0.4340 -0.1545 0.8876
vn 0.2058 -0.9774 -0.0492
vn 0.4294 0.0441 -0.9020
vn 0.3439 -0.1008 -0.9336
vn 0.2051 0.9775 0.0492
vn -0.0530 -0.9973 -0.0502
vn 0.0450 0.0418 -0.9981
vn 0.0473 0.0488 -0.9977
vn -0.0971 0.9940 0.0500
vn 0.0355 -0.0842 0.9958
vn 0.0295 -0.0679 0.9973
vn -0.1248 -0.5404 -0.8321
vn -0.1270 -0.6017 0.7885
vn 0.5292 -0.0269 0.8481
vn 0.5291 0.0269 -0.8481
vn -0.1186 0.6023 -0.7894
vn -0.1165 0.5410 0.8329
vn -0.9745 0.0071 -0.2241
vn -0.0499 -0.9969 -0.0617
vn -0.0609 -0.0317 0.9976
vn -0.0684 -0.0627 0.9957
vn -0.1270 0.9917 0.0207
vn -0.1678 0.9846 0.0495
vn -0.0895 0.0391 -0.9952
vn -0.0476 0.0392 -0.9981
vn -0.0075 -0.0734 0.9973
vn -0.0146 -0.0629 0.9979
vn -0.1720 0.9839 0.0495
vn -0.0462 0.0418 -0.9981
vn -0.0629 -0.9968 -0.0502
vn -0.0661 -0.9966 -0.0501
vn -0.0919 0.0316 -0.9953
vn -0.5909 -0.3807 0.7113
vn -0.5903 -0.3818 0.7112
vn -0.1725 -0.5736 -0.8008
vn 0.6689 -0.3885 0.6337
vn 0.6629 -0.3786 0.6459
vn 0.0880 0.5944 0.7994
vn -0.0196 0.5931 0.8049
vn -0.8487 0.4328 -0.3039
vn -0.8695 0.3039 -0.3894
vn -0.0177 -0.5669 -0.8236
vn -0.0627 -0.6817 -0.7289
vn 0.6630 -0.3698 0.6510
vn 0.6598 -0.3803 0.6481
vn 0.0123 0.6744 0.7383
vn -0.0903 0.6642 0.7420
vn -0.8017 0.3591 -0.4778
vn -0.8217 0.2964 -0.4867
vn 0.1203 -0.6634 -0.7385
vn 0.1289 0.2296 0.9647
vn 0.2642 0.0240 0.9642
vn 0.2589 -0.3234 0.9102
vn 0.8016 -0.1682 0.5737
vn 0.7573 -0.0396 0.6519
vn 0.9540 -0.0334 0.2978
vn 0.9509 -0.0788 0.2992
vn 0.9293 -0.0300 0.3682
vn 0.8824 -0.2825 0.3763
vn 0.8882 -0.3638 -0.2806
vn 0.8004 -0.5404 -0.2596
vn 0.4429 -0.3948 -0.8050
vn 0.7664 -0.1400 -0.6270
vn 0.2475 -0.1165 -0.9619
vn 0.7105 -0.6773 0.1910
vn 0.9709 -0.1778 0.1606
vn 0.7621 -0.0715 0.6435
vn 0.7086 0.0092 0.7055
vn 0.5467 0.0447 0.8361
vn 0.6034 -0.0385 0.7965
vn 0.4797 -0.0320 0.8769
vn 0.4679 -0.1796 0.8653
vn 0.3406 -0.0911 0.9358
vn 0.3284 -0.0478 0.9433
vn 0.1229 -0.0464 0.9913
vn 0.1226 -0.0509 0.9911
vn 0.1467 -0.0923 0.9849
vn 0.3601 -0.8908 0.2772
vn 0.4171 -0.0794 0.9054
vn 0.3892 -0.0548 0.9195
vn 0.3824 0.0910 0.9195
vn 0.4951 0.0008 0.8689
vn 0.5596 -0.1359 0.8176
vn 0.7029 -0.2735 0.6566
vn 0.7240 -0.6847 0.0835
vn 0.1264 -0.1247 0.9841
vn 0.1208 0.0462 0.9916
vn 0.1770 0.1141 0.9776
vn 0.2485 -0.2883 0.9247
vn 0.1675 -0.5278 0.8327
vn 0.2033 -0.9643 0.1700
vn 0.6982 -0.0795 0.7114
vn 0.7259 -0.1093 0.6791
vn 0.5291 -0.1381 0.8372
vn 0.3345 0.0571 0.9407
vn 0.3575 0.1246 0.9256
vn 0.1852 0.1289 0.9742
vn 0.1846 0.0754 0.9799
vn 0.2019 -0.9641 0.1726
vn 0.2021 -0.8027 0.5611
vn 0.2842 -0.5914 0.7546
vn 0.8578 -0.0265 0.5132
vn 0.8013 0.0184 0.5980
vn 0.7138 -0.6571 0.2421
vn 0.7218 -0.6920 0.0143
vn 0.4351 -0.1784 0.8825
vn 0.3509 -0.0436 0.9354
vn 0.9724 0.0101 0.2330
vn 0.7146 0.4394 0.5443
vn 0.2054 0.1812 0.9618
vn 0.2335 -0.2672 0.9349
vn -0.4731 -0.5966 -0.6483
vn 0.4731 -0.5966 -0.6483
vn -0.3601 -0.8909 0.2770
vn -0.1467 -0.0923 0.9849
vn -0.1226 -0.0509 0.9911
vn -0.1229 -0.0464 0.9913
vn -0.3199 -0.0477 0.9463
vn -0.3499 -0.2649 0.8986
vn -0.2828 -0.1516 0.9471
vn -0.7595 -0.0230 0.6501
vn -0.5675 0.0154 0.8232
vn -0.5467 0.0447 0.8361
vn -0.7086 0.0092 0.7055
vn -0.7621 -0.0715 0.6435
vn -0.9709 -0.1778 0.1606
vn -0.7105 -0.6773 0.1910
vn -0.2475 -0.1165 -0.9619
vn -0.7664 -0.1400 -0.6270
vn -0.4429 -0.3948 -0.8050
vn -0.8004 -0.5404 -0.2596
vn -0.8882 -0.3638 -0.2806
vn -0.8824 -0.2825 0.3763
vn -0.9293 -0.0300 0.3682
vn -0.9509 -0.0788 0.2992
vn -0.9540 -0.0334 0.2978
vn -0.8492 -0.0380 0.5267
vn -0.8003 0.0306 0.5988
vn -0.2641 -0.2179 0.9396
vn -0.2642 0.0240 0.9642
vn -0.1289 0.2296 0.9647
vn -0.4222 -0.0860 0.9024
vn -0.1266 -0.1364 0.9825
vn -0.1208 0.0462 0.9916
vn -0.1770 0.1141 0.9776
vn -0.2485 -0.2883 0.9247
vn -0.1675 -0.5278 0.8327
vn -0.2033 -0.9643 0.1700
vn -0.3892 -0.0555 0.9195
vn -0.3824 0.0910 0.9195
vn -0.4951 0.0008 0.8689
vn -0.5596 -0.1359 0.8176
vn -0.7029 -0.2735 0.6566
vn -0.7240 -0.6847 0.0835
vn -0.3408 0.1371 0.9301
vn -0.5011 -0.2087 0.8398
vn -0.8041 -0.2070 0.5573
vn -0.6982 -0.0795 0.7114
vn -0.1846 0.0754 0.9799
vn -0.1851 0.1189 0.9755
vn -0.3395 0.1156 0.9335
vn -0.2842 -0.5914 0.7546
vn -0.2021 -0.8027 0.5611
vn -0.2019 -0.9641 0.1726
vn -0.8578 -0.0265 0.5132
vn -0.8013 0.0184 0.5980
vn -0.7138 -0.6571 0.2421
vn -0.7218 -0.6920 0.0143
vn -0.5176 -0.2040 0.8310
vn -0.3406 -0.0440 0.9392
vn -0.9724 0.0101 0.2330
vn -0.2111 0.1810 0.9606
vn -0.2174 -0.2683 0.9385
vn -0.7147 0.4395 0.5441
vn 0.1485 -0.9884 -0.0326
vn -0.0379 -0.9966 0.0729
vn 0.0404 0.9959 -0.0811
vn -0.4331 0.8432 -0.3185
vn 0.4483 -0.8373 0.3130
vn -0.1593 0.9868 0.0305
vn 0.5323 0.7812 -0.3263
vn -0.5278 -0.7830 0.3292
vn 0.0310 -0.9982 0.0506
vn -0.1164 -0.9927 -0.0328
vn 0.0974 0.9948 0.0308
vn -0.0274 0.9989 -0.0388
vn -0.9723 0.0302 0.2317
vn 0.9723 0.0302 0.2317
vn 0.2356 -0.0978 0.9669
vn 0.5429 -0.2881 0.7888
vn 0.8142 -0.0953 0.5728
vn 0.9442 -0.1700 -0.2822
vn 0.8322 0.0217 -0.5540
vn 0.2568 0.0229 -0.9662
vn 0.2314 0.0113 -0.9728
vn -0.2356 -0.0978 0.9669
vn -0.5429 -0.2881 0.7888
vn -0.8142 -0.0953 0.5728
vn -0.9442 -0.1700 -0.2822
vn -0.8322 0.0217 -0.5540
vn -0.2568 0.0229 -0.9662
vn -0.2314 0.0113 -0.9728
vn -0.5677 0.2167 0.7942
vn -0.2814 0.6874 -0.6695
vn -0.2815 0.6866 -0.6703
vn -0.5946 -0.6085 -0.5256
vn 0.2810 -0.6872 0.6699
vn 0.2819 -0.6868 0.6699
vn -0.0013 0.4158 -0.9095
vn -0.0016 0.4139 -0.9103
vn -0.0014 0.4129 -0.9108
vn -0.0012 0.4152 -0.9097
vn -0.0019 0.4186 -0.9082
vn -0.0030 0.4175 -0.9087
vn -0.0009 0.5441 -0.8390
vn -0.0009 0.5442 -0.8390
vn -0.0006 0.5406 -0.8413
vn -0.0006 0.5407 -0.8412
vn -0.5172 0.1160 0.8479
vn -0.0028 -0.4929 0.8701
vn -0.0029 -0.4695 -0.8829
vn -0.0024 -0.4695 -0.8829
vn 0.4582 0.1285 -0.8795
vn 0.4597 0.0956 0.8829
vn 0.4626 -0.0933 0.8816
vn -0.5206 -0.0498 0.8524
vn -0.6276 0.1159 0.7699
vn -0.5198 0.0609 -0.8521
vn -0.6294 -0.0797 -0.7730
vn 0.5822 -0.1365 -0.8015
vn 0.5852 -0.0345 -0.8102
vn 0.5809 -0.0279 0.8135
vn 0.5692 -0.0208 0.8219
vn -0.6293 0.0259 0.7767
vn -0.5697 -0.0058 0.8219
vn -0.5748 -0.0048 -0.8183
vn -0.5734 0.0208 -0.8190
vn 0.4763 -0.0206 -0.8790
vn 0.4126 -0.2615 -0.8726
vn 0.4164 -0.3189 0.8514
vn 0.1616 0.5767 0.8008
vn 0.0995 0.5928 0.7992
vn 0.1013 0.6533 -0.7503
vn -0.5507 0.1436 -0.8222
vn -0.5694 0.0146 -0.8219
vn -0.5620 0.0160 0.8270
vn -0.5672 0.0246 0.8232
vn 0.4871 -0.0174 0.8732
vn 0.5501 -0.1701 0.8176
vn 0.5375 -0.1748 -0.8250
vn 0.5614 -0.0203 -0.8273
vn -0.6304 0.0245 -0.7759
vn 0.5801 0.0883 0.8097
vn 0.4634 0.0355 -0.8854
vn 0.1645 0.6368 -0.7533
vn -0.5487 0.0907 0.8311
vn -0.5147 0.1463 -0.8448
vn -0.0022 -0.4929 0.8701
vn -0.1046 -0.8902 0.4435
vn 0.1046 -0.8902 0.4435
vn 0.2385 -0.9623 0.1306
vn -0.2387 -0.9623 0.1300
vn 0.1397 -0.9299 -0.3402
vn -0.1394 -0.9300 -0.3402
vn -0.2422 -0.9666 -0.0839
vn 0.2420 -0.9665 -0.0854
vn -0.4626 -0.0933 0.8816
vn -0.5801 0.0883 0.8097
vn -0.5809 -0.0279 0.8135
vn -0.5852 -0.0345 -0.8102
vn -0.5614 -0.0203 -0.8273
vn 0.6304 0.0245 -0.7759
vn 0.5748 -0.0048 -0.8183
vn 0.5697 -0.0058 0.8219
vn 0.5672 0.0246 0.8232
vn -0.4871 -0.0174 0.8732
vn -0.4164 -0.3189 0.8514
vn -0.4126 -0.2615 -0.8726
vn -0.1645 0.6368 -0.7533
vn -0.1013 0.6533 -0.7503
vn -0.0995 0.5928 0.7992
vn 0.5487 0.0907 0.8311
vn 0.5620 0.0160 0.8270
vn 0.5694 0.0146 -0.8219
vn 0.5734 0.0208 -0.8190
vn -0.4763 -0.0206 -0.8790
vn -0.5375 -0.1748 -0.8250
vn -0.5501 -0.1701 0.8176
vn -0.5692 -0.0208 0.8219
vn 0.6293 0.0259 0.7767
vn 0.6276 0.1159 0.7699
vn 0.5198 0.0609 -0.8521
vn 0.5147 0.1463 -0.8448
vn 0.0029 -0.4695 -0.8829
vn 0.0028 -0.4929 0.8701
vn 0.0022 -0.4929 0.8701
vn -0.4597 0.0956 0.8829
vn -0.4582 0.1285 -0.8795
vn -0.4634 0.0355 -0.8854
vn -0.5822 -0.1365 -0.8015
vn 0.5206 -0.0498 0.8524
vn 0.5172 0.1160 0.8479
vn 0.5507 0.1436 -0.8222
vn 0.0024 -0.4695 -0.8829
vn -0.1616 0.5767 0.8008
vn 0.6294 -0.0797 -0.7730
vn -0.2336 -0.5926 -0.7708
vn -0.2336 -0.5916 -0.7716
vn -0.6053 -0.1868 -0.7738
vn -0.6044 -0.1858 -0.7747
vn -0.5772 0.3814 -0.7221
vn -0.5782 0.3813 -0.7213
vn -0.2331 0.7147 -0.6595
vn 0.1923 0.7281 -0.6579
vn 0.1923 0.7287 -0.6573
vn 0.5504 0.4239 -0.7193
vn 0.5500 0.4236 -0.7198
vn 0.6146 -0.1345 -0.7773
vn 0.6144 -0.1344 -0.7775
vn 0.2714 -0.5710 -0.7748
vn 0.2711 -0.5705 -0.7753
vn 0.1675 0.2595 -0.9511
vn 0.0615 0.3666 -0.9283
vn 0.0614 0.3665 -0.9284
vn -0.0794 0.3625 -0.9286
vn -0.0795 0.3633 -0.9283
vn -0.1813 0.2475 -0.9518
vn -0.1803 0.2468 -0.9522
vn -0.1812 0.0773 -0.9804
vn -0.1809 0.0774 -0.9804
vn -0.0729 -0.0439 -0.9964
vn -0.0729 -0.0440 -0.9964
vn 0.0796 -0.0374 -0.9961
vn 0.0798 -0.0385 -0.9961
vn 0.1802 0.0930 -0.9792
vn 0.1795 0.0935 -0.9793
vn 0.1687 0.2597 -0.9508
vn -0.2880 -0.0411 0.9567
vn -0.1285 0.1668 0.9776
vn -0.2872 -0.0412 0.9570
vn -0.1292 0.1677 0.9773
vn 0.1141 0.1774 0.9775
vn 0.1141 0.1772 0.9775
vn -0.2671 -0.3063 0.9137
vn -0.2674 -0.3066 0.9135
vn -0.0973 -0.4702 0.8772
vn -0.0973 -0.4695 0.8775
vn 0.1210 -0.4616 0.8788
vn 0.1208 -0.4614 0.8789
vn 0.2812 -0.2850 0.9163
vn 0.2817 -0.2850 0.9162
vn 0.2851 -0.0175 0.9583
vn 0.2863 -0.0173 0.9580
vn -0.0933 0.8788 0.4680
vn -0.0931 0.8786 0.4683
vn -0.4554 0.8167 0.3544
vn -0.4553 0.8168 0.3543
vn -0.5853 0.8073 0.0749
vn -0.5857 0.8071 0.0752
vn -0.4557 0.7929 -0.4045
vn -0.1731 0.7784 -0.6034
vn -0.1208 0.9796 -0.1608
vn -0.1215 0.9794 -0.1612
vn -0.0378 0.9869 -0.1571
vn 0.0187 0.9167 -0.3992
vn 0.1784 0.9694 -0.1684
vn 0.3315 0.8956 -0.2966
vn 0.5870 0.7545 -0.2935
vn 0.6138 0.7210 -0.3216
vn 0.3331 0.7239 -0.6041
vn 0.2977 0.8044 -0.5142
vn -0.1078 0.8198 -0.5624
vn 0.0218 0.8852 -0.4646
vn 0.0627 0.9465 0.3165
vn 0.0565 0.9097 0.4115
vn 0.3868 0.9151 0.1135
vn 0.4031 0.8655 0.2974
vn -0.0477 0.9969 0.0629
vn -0.0567 0.9919 0.1139
vn 0.0585 0.9980 0.0232
vn 0.2003 0.9779 0.0602
vn -0.8438 0.5177 0.1414
vn -0.0262 0.7970 -0.6034
vn 0.2423 0.8807 -0.4071
vn 0.2424 0.8806 -0.4071
vn 0.3675 0.9279 0.0627
vn 0.3671 0.9281 0.0627
vn 0.2462 0.9068 0.3422
vn 0.2463 0.9067 0.3423
vn -0.1140 0.8760 0.4686
vn -0.1142 0.8761 0.4684
vn -0.1194 0.9797 -0.1608
vn -0.1187 0.9798 -0.1612
vn -0.2019 0.9669 -0.1557
vn -0.2433 0.8844 -0.3983
vn -0.4109 0.8969 -0.1635
vn -0.5469 0.7849 -0.2912
vn -0.2395 0.8528 -0.4641
vn -0.0987 0.8210 -0.5624
vn -0.4932 0.7030 -0.5124
vn -0.5095 0.6139 -0.6029
vn -0.7851 0.5352 -0.3118
vn -0.7666 0.5760 -0.2837
vn -0.2845 0.9028 0.3225
vn -0.2682 0.8682 0.4175
vn -0.1919 0.9793 0.0647
vn -0.1812 0.9766 0.1156
vn -0.6009 0.7892 0.1271
vn -0.6014 0.7348 0.3137
vn -0.4315 0.8995 0.0683
vn -0.2968 0.9546 0.0275
vn 0.5220 0.3344 0.7846
vn 0.7682 0.4471 0.4583
vn 0.8682 0.3847 0.3133
vn 0.6728 0.3593 -0.6468
vn 0.7715 0.3152 -0.5527
vn 0.1424 0.1496 -0.9784
vn 0.1455 0.1523 -0.9776
vn 0.5241 0.3367 0.7823
vn -0.9326 0.1302 0.3366
vn -0.7530 0.1598 -0.6383
vn -0.8369 0.0887 -0.5402
vn -0.1859 0.1032 -0.9771
vn -0.8491 0.2194 0.4805
vn -0.5751 0.1786 0.7984
vn -0.5777 0.1802 0.7961
vn -0.1895 0.1050 -0.9763
vn -0.0494 0.9818 -0.1832
vn -0.0495 0.9928 -0.1086
vn -0.0371 0.9921 -0.1199
vn -0.0370 0.9958 -0.0843
vn -0.0581 0.9954 -0.0760
vn -0.1036 0.8236 -0.5577
vn -0.1184 0.9611 -0.2496
vn -0.1831 0.9803 -0.0748
vn -0.2039 0.9755 -0.0827
vn -0.2034 0.9719 -0.1184
vn -0.1913 0.9757 -0.1073
vn -0.1897 0.9648 -0.1821
vn -0.1036 0.8235 -0.5577
vn -0.0393 0.2163 0.9755
vn -0.0078 0.2181 0.9759
vn -0.0325 0.2146 0.9762
vn -0.0017 0.2217 0.9751
vn 0.6804 0.7227 0.1212
vn 0.1193 -0.9797 0.1608
vn 0.1187 -0.9798 0.1612
vn 0.2004 -0.9673 0.1557
vn 0.2409 -0.8850 0.3985
vn 0.4060 -0.8991 0.1638
vn 0.4875 -0.8393 0.2404
vn 0.7605 -0.5828 0.2864
vn 0.7792 -0.5420 0.3149
vn 0.5032 -0.6170 0.6051
vn 0.4872 -0.7061 0.5140
vn 0.0987 -0.8210 0.5624
vn 0.2372 -0.8534 0.4642
vn 0.2814 -0.9037 -0.3226
vn 0.2653 -0.8690 -0.4176
vn 0.5943 -0.7941 -0.1275
vn 0.5948 -0.7396 -0.3151
vn 0.1906 -0.9795 -0.0648
vn 0.1801 -0.9768 -0.1156
vn 0.3095 -0.9508 -0.0147
vn 0.4026 -0.9146 -0.0380
vn -0.6737 -0.7288 -0.1227
vn 0.1208 -0.9796 0.1608
vn 0.1214 -0.9794 0.1612
vn 0.0393 -0.9868 0.1571
vn -0.0163 -0.9167 0.3993
vn -0.1733 -0.9703 0.1686
vn -0.3249 -0.8977 0.2978
vn -0.0193 -0.8852 0.4648
vn 0.1077 -0.8198 0.5624
vn -0.2913 -0.8058 0.5156
vn -0.3264 -0.7254 0.6060
vn -0.6065 -0.7259 0.3244
vn -0.5795 -0.7593 0.2959
vn -0.0595 -0.9466 -0.3167
vn -0.0535 -0.9097 -0.4118
vn 0.0490 -0.9968 -0.0629
vn 0.0579 -0.9918 -0.1139
vn -0.3795 -0.9181 -0.1142
vn -0.3957 -0.8684 -0.2989
vn -0.2094 -0.9748 -0.0771
vn -0.0276 -0.9986 -0.0455
vn 0.8388 -0.5254 -0.1428
vn 0.0109 -0.0842 0.9964
vn 0.0285 -0.0676 0.9973
vn 0.0258 -0.0676 0.9974
vn 0.1445 0.9883 0.0497
vn 0.0957 0.0601 -0.9936
vn 0.1033 0.0316 -0.9942
vn 0.0568 -0.9971 -0.0502
vn 0.0567 -0.9971 -0.0502
vn 0.0994 -0.9938 -0.0500
vn 0.2668 0.9625 0.0484
vn 0.2668 0.9625 0.0485
vn 0.0904 0.0731 -0.9932
vn 0.1017 0.0600 -0.9930
vn 0.0162 -0.0317 0.9994
vn 0.0530 -0.9973 -0.0502
vn -0.0450 0.0418 -0.9981
vn -0.0473 0.0488 -0.9977
vn 0.0971 0.9940 0.0500
vn -0.2051 0.9775 0.0492
vn -0.3439 -0.1008 -0.9336
vn -0.4294 0.0441 -0.9020
vn -0.2058 -0.9774 -0.0492
vn -0.4340 -0.1545 0.8876
vn -0.3840 -0.0628 0.9212
vn -0.0295 -0.0679 0.9973
vn -0.0355 -0.0842 0.9958
vt 0.997559 0.542480
vt 0.981934 0.542480
vt 0.997559 0.511230
vt 0.981934 0.511230
vt 0.966309 0.542480
vt 0.966309 0.511230
vt 0.951172 0.542480
vt 0.951172 0.511230
vt 0.935547 0.542480
vt 0.935547 0.511230
vt 0.919922 0.511230
vt 0.981934 0.573730
vt 0.966309 0.573730
vt 0.951172 0.573730
vt 0.997070 0.563965
vt 0.984375 0.563965
vt 0.997070 0.538086
vt 0.984375 0.538086
vt 0.971191 0.563965
vt 0.971191 0.538086
vt 0.958496 0.563965
vt 0.958496 0.538086
vt 0.945801 0.563965
vt 0.945801 0.538086
vt 0.932617 0.538086
vt 0.958496 0.589844
vt 0.971191 0.589844
vt 0.984375 0.589844
vt 0.719238 0.978027
vt 0.719238 0.926269
vt 0.736328 0.978027
vt 0.736328 0.926269
vt 0.088867 0.961914
vt 0.344727 0.900879
vt 0.026367 0.903320
vt 0.102539 0.835938
vt 0.375000 0.860840
vt 0.341797 0.904785
vt 0.433594 0.903320
vt 0.373047 0.939453
vt 0.433105 0.966309
vt 0.441406 0.829102
vt 0.614746 0.844238
vt 0.589356 0.819824
vt 0.583984 0.875488
vt 0.552246 0.844238
vt 0.536621 0.693848
vt 0.466797 0.750488
vt 0.467285 0.691406
vt 0.215332 0.747559
vt 0.487305 0.801758
vt 0.213867 0.801758
vt 0.160645 0.801270
vt 0.161133 0.747070
vt 0.162109 0.673340
vt 0.214844 0.688477
vt 0.542969 0.750977
vt 0.547363 0.805664
vt 0.988281 0.988281
vt 0.989258 0.988281
vt 0.988281 0.986816
vt 0.989258 0.986816
vt 0.990234 0.988281
vt 0.990234 0.986816
vt 0.991211 0.988281
vt 0.991211 0.986816
vt 0.992188 0.988281
vt 0.992188 0.986816
vt 0.993164 0.988281
vt 0.993164 0.986816
vt 0.993652 0.988281
vt 0.993652 0.986816
vt 0.993652 0.991699
vt 0.993164 0.991699
vt 0.993652 0.993652
vt 0.993164 0.993652
vt 0.992188 0.991699
vt 0.992188 0.993652
vt 0.991211 0.991699
vt 0.991211 0.993652
vt 0.990234 0.991699
vt 0.990234 0.993652
vt 0.989258 0.991699
vt 0.989258 0.993652
vt 0.988281 0.991699
vt 0.988281 0.993652
vt 0.990234 0.990234
vt 0.989258 0.990234
vt 0.988281 0.990234
vt 0.993652 0.990234
vt 0.993164 0.990234
vt 0.992188 0.990234
vt 0.988281 0.984863
vt 0.989258 0.984863
vt 0.990234 0.984863
vt 0.991211 0.984863
vt 0.988281 0.995606
vt 0.992188 0.984863
vt 0.989258 0.995606
vt 0.990234 0.995606
vt 0.991211 0.995606
vt 0.993164 0.984863
vt 0.992188 0.995606
vt 0.993164 0.995606
vt 0.991211 0.899902
vt 0.950684 0.899902
vt 0.991211 0.944824
vt 0.950684 0.944824
vt 0.910644 0.899902
vt 0.910644 0.944824
vt 0.991211 0.992676
vt 0.950684 0.992676
vt 0.910644 0.992676
vt 0.703125 0.067871
vt 0.623047 0.206543
vt 0.698242 0.201172
vt 0.635742 0.315430
vt 0.528809 0.315430
vt 0.640137 0.423340
vt 0.528809 0.423340
vt 0.528809 0.505371
vt 0.423828 0.423340
vt 0.424316 0.505371
vt 0.353516 0.423340
vt 0.354980 0.505371
vt 0.294434 0.423340
vt 0.290527 0.505371
vt 0.191406 0.423340
vt 0.190430 0.505371
vt 0.091797 0.505371
vt 0.195801 0.595703
vt 0.100098 0.580078
vt 0.008789 0.505371
vt 0.090332 0.423340
vt 0.006836 0.423340
vt 0.093262 0.315430
vt 0.191406 0.315430
vt 0.291504 0.315430
vt 0.357422 0.315430
vt 0.351562 0.208496
vt 0.421875 0.315430
vt 0.425781 0.208496
vt 0.528320 0.208496
vt 0.634277 0.072266
vt 0.702148 0.505371
vt 0.637207 0.505371
vt 0.678711 0.601562
vt 0.616699 0.581055
vt 0.530273 0.577148
vt 0.401855 0.564941
vt 0.341309 0.564453
vt 0.296875 0.562988
vt 0.528809 0.078125
vt 0.429688 0.060547
vt 0.361328 0.056641
vt 0.287109 0.208496
vt 0.006836 0.315430
vt 0.009277 0.208496
vt 0.093750 0.208496
vt 0.191406 0.208496
vt 0.285645 0.055176
vt 0.699219 0.312988
vt 0.710938 0.423340
vt 0.009277 0.065430
vt 0.093750 0.055176
vt 0.190918 0.057129
vt 0.053711 0.593750
vt 0.742676 0.313477
vt 0.747559 0.313965
vt 0.742676 0.311523
vt 0.747559 0.311523
vt 0.752441 0.316894
vt 0.959473 0.351074
vt 0.935059 0.313477
vt 0.981934 0.314453
vt 0.971680 0.268066
vt 0.908691 0.266113
vt 0.896484 0.246094
vt 0.894043 0.314941
vt 0.869629 0.313477
vt 0.912598 0.350586
vt 0.903809 0.367676
vt 0.971191 0.367188
vt 0.986328 0.316894
vt 0.991211 0.270996
vt 0.991211 0.241211
vt 0.991211 0.418945
vt 0.973144 0.411133
vt 0.991211 0.409668
vt 0.991211 0.380859
vt 0.991211 0.365723
vt 0.991211 0.316894
vt 0.962402 0.243652
vt 0.992188 0.432129
vt 0.783203 0.392090
vt 0.796875 0.418457
vt 0.791504 0.341797
vt 0.881348 0.499023
vt 0.884277 0.472656
vt 0.877930 0.497559
vt 0.868652 0.475098
vt 0.850586 0.374023
vt 0.859375 0.459961
vt 0.839844 0.373535
vt 0.858398 0.355469
vt 0.917481 0.364258
vt 0.907227 0.463867
vt 0.850586 0.381348
vt 0.843750 0.385254
vt 0.832519 0.216309
vt 0.822266 0.211426
vt 0.843262 0.242676
vt 0.806641 0.228516
vt 0.781738 0.229492
vt 0.782715 0.321777
vt 0.754883 0.254883
vt 0.752441 0.355469
vt 0.740723 0.250488
vt 0.736328 0.353027
vt 0.778320 0.371094
vt 0.777832 0.407715
vt 0.752441 0.404785
vt 0.776856 0.428711
vt 0.757812 0.434570
vt 0.766113 0.204590
vt 0.752930 0.202148
vt 0.744141 0.403320
vt 0.839844 0.303223
vt 0.815430 0.319824
vt 0.814941 0.193848
vt 0.842285 0.230957
vt 0.824219 0.223633
vt 0.842285 0.218262
vt 0.825684 0.199219
vt 0.789062 0.444824
vt 0.799316 0.439941
vt 0.777344 0.457519
vt 0.821777 0.482422
vt 0.845703 0.523438
vt 0.842773 0.474609
vt 0.811523 0.419434
vt 0.840332 0.427734
vt 0.840820 0.389160
vt 0.870117 0.313477
vt 0.842285 0.388672
vt 0.857910 0.218262
vt 0.937012 0.200684
vt 0.932129 0.208008
vt 0.991211 0.232910
vt 0.991211 0.381348
vt 0.973144 0.411621
vt 0.883789 0.498535
vt 0.905762 0.461914
vt 0.991211 0.231934
vt 0.888672 0.215820
vt 0.854981 0.562012
vt 0.875977 0.606445
vt 0.789551 0.613770
vt 0.789551 0.630859
vt 0.734863 0.600098
vt 0.727051 0.611328
vt 0.728516 0.577148
vt 0.724121 0.574219
vt 0.751953 0.541504
vt 0.751465 0.534668
vt 0.806641 0.529785
vt 0.806152 0.522949
vt 0.856934 0.556152
vt 0.875977 0.594238
vt 0.789551 0.571289
vt 0.695312 0.966797
vt 0.737305 0.950195
vt 0.695312 0.888184
vt 0.773926 0.888184
vt 0.773926 0.966797
vt 0.894531 0.880371
vt 0.996582 0.719238
vt 0.955566 0.868652
vt 0.948242 0.868164
vt 0.990234 0.718750
vt 0.952148 0.868164
vt 0.994141 0.719238
vt 0.998047 0.719727
vt 0.825195 0.662598
vt 0.833008 0.663086
vt 0.853516 0.892090
vt 0.904297 0.663086
vt 0.849609 0.892578
vt 0.955566 0.868164
vt 0.941406 0.194824
vt 0.884277 0.144043
vt 0.884277 0.194824
vt 0.830078 0.194824
vt 0.830078 0.144043
vt 0.941406 0.144043
vt 0.951660 0.886230
vt 0.951660 0.871582
vt 0.921875 0.886230
vt 0.921875 0.871582
vt 0.951660 0.856445
vt 0.921875 0.856445
vt 0.753418 0.978027
vt 0.770996 0.978027
vt 0.753418 0.926269
vt 0.770996 0.926269
vt 0.317871 0.590332
vt 0.317871 0.676758
vt 0.404297 0.590332
vt 0.404297 0.676758
vt 0.704102 0.911621
vt 0.707519 0.947266
vt 0.778320 0.911621
vt 0.775391 0.947266
vt 0.591309 0.834473
vt 0.574707 0.833984
vt 0.583008 0.826172
vt 0.774902 0.911621
vt 0.774414 0.947266
vt 0.708496 0.911621
vt 0.708008 0.947266
vt 0.613281 0.988769
vt 0.618652 0.899414
vt 0.551758 0.984375
vt 0.552734 0.894043
vt 0.765137 0.908203
vt 0.768066 0.944336
vt 0.705078 0.908203
vt 0.702148 0.944336
vt 0.701660 0.908203
vt 0.701660 0.944336
vt 0.015625 0.749512
vt 0.403809 0.796875
vt 0.016113 0.796875
vt 0.403320 0.745605
vt 0.402832 0.690918
vt 0.015137 0.690430
vt 0.547852 0.311035
vt 0.499512 0.283203
vt 0.563477 0.283203
vt 0.547852 0.255371
vt 0.515625 0.255371
vt 0.515625 0.311035
vt 0.218750 0.796875
vt 0.270020 0.747559
vt 0.166992 0.747559
vt 0.218750 0.697754
vt 0.451660 0.676758
vt 0.452148 0.745117
vt 0.453125 0.795898
vt 0.618652 0.625977
vt 0.697266 0.701660
vt 0.693848 0.870117
vt 0.768555 0.945801
vt 0.780762 0.883789
vt 0.882812 0.945312
vt 0.888184 0.938965
vt 0.890625 0.973144
vt 0.878906 0.974609
vt 0.768555 0.989258
vt 0.556641 0.701660
vt 0.704590 0.989258
vt 0.703613 0.989258
vt 0.577148 0.870605
vt 0.586426 0.853027
vt 0.568848 0.853027
vt 0.571777 0.845215
vt 0.588379 0.845703
vt 0.578613 0.870605
vt 0.577637 0.872070
vt 0.518555 0.969727
vt 0.518555 0.903320
vt 0.519043 0.825684
vt 0.571289 0.845215
vt 0.796875 0.872559
vt 0.832031 0.888672
vt 0.832031 0.825195
vt 0.795410 0.820312
vt 0.767090 0.823242
vt 0.767090 0.856934
vt 0.713379 0.810059
vt 0.712891 0.863281
vt 0.787109 0.807617
vt 0.787109 0.872559
vt 0.713379 0.863281
vt 0.762695 0.821777
vt 0.762207 0.855469
vt 0.466309 1.807129
vt 0.328613 1.751953
vt 0.509766 1.715820
vt 0.328613 1.676270
vt 0.462891 1.758301
vt 0.458496 1.688477
vt 0.305176 1.781250
vt 0.306152 1.686035
vt 0.547363 1.806641
vt 0.368652 1.751465
vt 0.269531 1.801758
vt 0.232910 1.717285
vt 0.467773 1.790527
vt 0.420410 1.701172
vt 0.269531 1.822754
vt 0.232910 1.738281
vt 0.368164 1.769043
vt 0.325195 1.688477
vt 0.483398 1.689453
vt 0.498047 1.782227
vt 0.397949 0.006348
vt 0.489258 0.059082
vt 0.019043 0.006348
vt 0.078125 0.024414
vt 0.191895 0.008301
vt 0.313965 0.010254
vt 0.801269 0.817871
vt 0.784180 0.836914
vt 0.820312 0.834961
vt 0.803711 0.854004
vt 0.719238 0.846680
vt 0.742676 0.846680
vt 0.742676 0.812988
vt 0.793945 0.810059
vt 0.763184 0.829590
vt 0.824219 0.829590
vt 0.793945 0.849609
vt 0.792481 0.809082
vt 0.755371 0.830078
vt 0.829590 0.830078
vt 0.792481 0.850586
vt 0.665039 0.001953
vt 0.576172 0.062500
vt 0.777832 0.845215
vt 0.820801 0.814941
vt 0.733398 0.817871
vt 0.841797 0.845703
vt 0.709961 0.846191
vt 0.826172 0.809082
vt 0.720703 0.812988
vt 0.772949 0.844727
vt 0.089844 0.606934
vt 0.092773 0.647949
vt 0.088379 0.647949
vt 0.091797 0.688965
vt 0.028809 0.647949
vt 0.030762 0.689453
vt 0.093262 0.606934
vt 0.026855 0.606934
vt 0.032227 0.682129
vt 0.092773 0.682129
vt 0.086914 0.689453
vt 0.897461 0.488281
vt 0.899414 0.486328
vt 0.896484 0.485840
vt 0.898438 0.484863
vt 0.897461 0.486328
vt 0.890137 0.485352
vt 0.897461 0.485352
vt 0.891602 0.487793
vt 0.885742 0.487793
vt 0.891602 0.487305
vt 0.885742 0.487305
vt 0.890137 0.486328
vt 0.882812 0.485840
vt 0.882812 0.484863
vt 0.897461 0.487305
vt 0.011230 0.681641
vt 0.010254 0.689453
vt 0.025879 0.682129
vt 0.024902 0.689453
vt 0.026855 0.647949
vt 0.007324 0.647949
vt 0.010254 0.647949
vt 0.004395 0.606934
vt 0.006348 0.606934
vt 0.014160 0.688965
vt 0.905762 0.487793
vt 0.899902 0.488281
vt 0.903320 0.497559
vt 0.899414 0.497559
vt 0.891602 0.488769
vt 0.892090 0.497559
vt 0.886719 0.488769
vt 0.885742 0.497559
vt 0.879394 0.487793
vt 0.881348 0.497559
vt 0.900879 0.471680
vt 0.898438 0.471191
vt 0.891113 0.471191
vt 0.887695 0.471191
vt 0.880371 0.471191
vt 0.877930 0.471191
vt 0.904297 0.471191
vt 0.954590 0.413086
vt 0.904297 0.406250
vt 0.900391 0.434082
vt 0.870117 0.393555
vt 0.869141 0.430664
vt 0.874023 0.477051
vt 0.858398 0.528809
vt 0.842773 0.527344
vt 0.780273 0.470215
vt 0.750977 0.466797
vt 0.946777 0.574219
vt 0.893555 0.537109
vt 0.906738 0.519531
vt 0.895019 0.478027
vt 0.915527 0.500000
vt 0.914062 0.476074
vt 0.935059 0.471680
vt 0.916016 0.452637
vt 0.957031 0.452637
vt 0.954590 0.445801
vt 0.990723 0.445801
vt 0.963867 0.481445
vt 0.962402 0.500488
vt 0.958984 0.544434
vt 0.946777 0.559082
vt 0.991211 0.501465
vt 0.991211 0.546875
vt 0.991211 0.566895
vt 0.991211 0.567383
vt 0.957519 0.478027
vt 0.991211 0.453125
vt 0.950684 0.596191
vt 0.991211 0.596680
vt 0.897461 0.566406
vt 0.991211 0.477051
vt 0.991211 0.482422
vt 0.770508 0.451660
vt 0.893555 0.765625
vt 0.882812 0.753418
vt 0.897949 0.759277
vt 0.892578 0.750000
vt 0.897949 0.754883
vt 0.869629 0.392090
vt 0.828613 0.792480
vt 0.826660 0.797363
vt 0.803711 0.776855
vt 0.785156 0.797852
vt 0.771484 0.687988
vt 0.744141 0.797852
vt 0.739746 0.656738
vt 0.709961 0.650879
vt 0.711426 0.797852
vt 0.806641 0.814941
vt 0.786133 0.832520
vt 0.824707 0.834961
vt 0.804199 0.853027
vt 0.719238 0.812988
vt 0.766113 0.812988
vt 0.766113 0.846680
vt 0.789551 0.812988
vt 0.789551 0.846680
vt 0.812500 0.812988
vt 0.812500 0.846680
vt 0.923828 0.608398
vt 0.915039 0.608398
vt 0.924316 0.650391
vt 0.915039 0.650391
vt 0.905762 0.608398
vt 0.905762 0.650391
vt 0.897949 0.608398
vt 0.897949 0.650391
vt 0.946289 0.608398
vt 0.934082 0.608398
vt 0.946289 0.650391
vt 0.934082 0.650391
vt 0.500977 0.969727
vt 0.500977 0.903320
vt 0.500977 0.826172
vt 0.432129 0.832031
vt 0.367188 0.902832
vt 0.372070 0.963379
vt 0.371582 0.902344
vt 0.365723 0.836914
vt 0.179199 0.838379
vt 0.183594 0.905273
vt 0.187988 0.970703
vt 0.185059 0.905273
vt 0.115234 0.903320
vt 0.114258 0.835938
vt 0.026855 0.835938
vt 0.026367 0.969238
vt 0.115723 0.969238
vt 0.533691 0.630859
vt 0.191895 0.630859
vt 0.274902 0.193359
vt 0.249023 0.188477
vt 0.272461 0.197266
vt 0.249512 0.192871
vt 0.227051 0.203125
vt 0.230469 0.205566
vt 0.221680 0.229492
vt 0.226074 0.228516
vt 0.236816 0.251465
vt 0.238770 0.247559
vt 0.262695 0.256348
vt 0.261719 0.251953
vt 0.284668 0.241699
vt 0.280762 0.239258
vt 0.289551 0.215332
vt 0.285156 0.216309
vt 0.233887 0.208008
vt 0.250488 0.196777
vt 0.270020 0.200684
vt 0.281250 0.217285
vt 0.277344 0.236816
vt 0.260742 0.247559
vt 0.241211 0.244141
vt 0.230469 0.227539
vt 0.887207 0.129394
vt 0.913574 0.129394
vt 0.926758 0.129394
vt 0.785156 0.129394
vt 0.776367 0.129394
vt 0.851562 0.129394
vt 0.913086 0.067383
vt 0.963379 0.053711
vt 0.751465 0.053711
vt 0.973144 0.005859
vt 0.730957 0.005859
vt 0.939453 0.005859
vt 0.715332 0.005859
vt 0.854981 0.005859
vt 0.741699 0.054688
vt 0.853027 0.055176
vt 0.996582 0.005859
vt 0.963867 0.055176
vt 0.865234 0.005859
vt 0.928711 0.067871
vt 0.996094 0.102051
vt 0.960938 0.195801
vt 0.961426 0.102051
vt 0.996094 0.195801
vt 0.978516 0.195801
vt 0.978516 0.102051
vt 0.919434 0.873535
vt 0.900879 0.865723
vt 0.937500 0.865723
vt 0.932617 0.823242
vt 0.900879 0.823242
vt 0.906250 0.804688
vt 0.900879 0.804688
vt 0.900879 0.881348
vt 0.900879 0.873535
vt 0.985352 0.195801
vt 0.984375 0.102051
vt 0.990723 0.195801
vt 0.990234 0.102051
vt 0.027344 0.647949
vt 0.025879 0.689453
vt 0.026855 0.682129
s 0
usemtl material_0
f 1/1/1 2/2/1 3/3/1
f 4/3/2 5/2/2 6/4/2
s 1
f 7/2/3 8/5/3 9/4/3
s 0
f 10/4/3 11/5/3 12/6/3
f 13/5/4 14/7/4 15/6/4
f 16/6/5 17/7/5 18/8/5
f 19/7/6 20/9/6 21/8/6
f 22/8/7 23/9/7 24/10/7
f 25/9/8 26/11/8 27/10/8
f 28/1/9 29/12/9 30/2/9
f 31/12/10 32/13/10 33/2/10
f 34/2/11 35/13/11 36/5/11
f 37/13/12 38/14/12 39/5/12
f 40/5/13 41/14/13 42/7/13
s 1
f 43/14/14 44/9/14 45/7/14
s 0
f 46/15/15 47/16/15 48/17/15
f 49/17/16 50/16/16 51/18/16
f 52/16/17 53/19/17 54/18/17
f 55/18/18 56/19/18 57/20/18
f 58/19/19 59/21/19 60/20/19
f 61/20/20 62/21/20 63/22/20
f 64/21/21 65/23/21 66/22/21
f 67/22/22 68/23/22 69/24/22
f 70/23/23 71/25/23 72/24/23
f 73/23/24 74/21/24 75/26/24
f 76/21/25 77/19/25 78/26/25
f 79/26/26 80/19/26 81/27/26
f 82/19/27 83/16/27 84/27/27
f 85/27/28 86/16/28 87/28/28
f 88/16/29 89/15/29 90/28/29
f 91/25/30 92/23/30 93/24/30
f 94/24/31 95/23/31 96/22/31
f 97/23/32 98/21/32 99/22/32
f 100/22/33 101/21/33 102/20/33
f 103/21/34 104/19/34 105/20/34
f 106/20/35 107/19/35 108/18/35
f 109/19/36 110/16/36 111/18/36
f 112/18/37 113/16/37 114/17/37
f 115/16/38 116/15/38 117/17/38
f 118/23/39 119/26/39 120/21/39
f 121/21/40 122/26/40 123/19/40
f 124/26/41 125/27/41 126/19/41
f 127/19/42 128/27/42 129/16/42
f 130/27/43 131/28/43 132/16/43
f 133/16/44 134/28/44 135/15/44
f 136/11/45 137/9/45 138/10/45
f 139/10/46 140/9/46 141/8/46
f 142/9/47 143/7/47 144/8/47
f 145/8/48 146/7/48 147/6/48
f 148/7/49 149/5/49 150/6/49
f 151/6/50 152/5/50 153/4/50
f 154/5/50 155/2/50 156/4/50
f 157/4/51 158/2/51 159/3/51
f 160/2/52 161/1/52 162/3/52
f 163/9/53 164/14/53 165/7/53
f 166/7/54 167/14/54 168/5/54
f 169/14/55 170/13/55 171/5/55
f 172/5/56 173/13/56 174/2/56
f 175/13/57 176/12/57 177/2/57
f 178/2/58 179/12/58 180/1/58
f 181/29/59 182/30/59 183/31/59
f 184/31/60 185/30/60 186/32/60
s 1
f 187/30/61 188/30/61 189/32/61
s 0
f 190/32/62 191/30/62 192/32/62
f 193/30/63 194/30/63 195/32/63
f 196/32/64 197/30/64 198/32/64
f 199/30/65 200/32/65 201/32/65
f 202/30/66 203/32/66 204/30/66
f 205/29/67 206/30/67 207/31/67
f 208/31/68 209/30/68 210/32/68
f 211/30/69 212/30/69 213/32/69
f 214/32/70 215/30/70 216/32/70
f 217/30/71 218/30/71 219/32/71
f 220/32/72 221/30/72 222/32/72
f 223/30/73 224/32/73 225/32/73
f 226/30/74 227/32/74 228/30/74
f 229/33/75 230/34/75 231/35/75
f 232/35/76 233/34/76 234/36/76
f 235/34/77 236/37/77 237/36/77
f 238/36/78 239/37/78 240/38/78
f 241/37/79 242/39/79 243/38/79
f 244/38/80 245/39/80 246/40/80
f 247/39/81 248/41/81 249/40/81
f 250/40/82 251/41/82 252/39/82
f 253/36/83 254/38/83 255/35/83
f 256/35/84 257/38/84 258/33/84
f 259/38/85 260/40/85 261/33/85
f 262/33/86 263/40/86 264/34/86
f 265/40/87 266/39/87 267/34/87
f 268/34/88 269/39/88 270/37/88
f 271/39/89 272/42/89 273/37/89
f 274/37/90 275/42/90 276/39/90
f 277/43/91 278/44/91 279/45/91
f 280/45/92 281/44/92 282/46/92
f 283/32/93 284/30/93 285/32/93
f 286/32/94 287/30/94 288/32/94
f 289/30/95 290/30/95 291/32/95
f 292/32/96 293/30/96 294/32/96
f 295/30/97 296/30/97 297/32/97
f 298/32/98 299/30/98 300/31/98
f 301/30/99 302/29/99 303/31/99
f 304/30/100 305/30/100 306/32/100
f 307/32/101 308/30/101 309/32/101
f 310/32/102 311/30/102 312/32/102
f 313/30/103 314/30/103 315/32/103
f 316/32/104 317/30/104 318/32/104
f 319/30/105 320/30/105 321/32/105
f 322/32/106 323/30/106 324/31/106
f 325/30/107 326/29/107 327/31/107
f 328/30/108 329/30/108 330/32/108
s 1
f 331/33/109 332/38/109 333/35/109
s 0
f 334/35/110 335/38/110 336/36/110
f 337/38/111 338/37/111 339/36/111
f 340/36/112 341/37/112 342/34/112
f 343/37/113 344/39/113 345/34/113
f 346/34/114 347/39/114 348/40/114
f 349/39/115 350/41/115 351/40/115
f 352/40/116 353/41/116 354/39/116
f 355/36/117 356/34/117 357/35/117
f 358/35/118 359/34/118 360/33/118
f 361/34/119 362/40/119 363/33/119
f 364/33/120 365/40/120 366/38/120
f 367/40/121 368/39/121 369/38/121
f 370/38/122 371/39/122 372/37/122
f 373/39/123 374/42/123 375/37/123
f 376/37/124 377/42/124 378/39/124
f 379/43/125 380/45/125 381/44/125
f 382/44/126 383/45/126 384/46/126
f 385/47/127 386/48/127 387/49/127
f 388/49/128 389/48/128 390/50/128
f 391/48/129 392/51/129 393/50/129
f 393/50/129 392/51/129 394/52/129
f 395/51/130 396/50/130 397/52/130
f 398/52/131 399/50/131 400/53/131
f 401/50/132 402/54/132 403/53/132
f 404/53/133 405/54/133 406/50/133
f 407/54/133 408/55/133 409/50/133
f 410/50/134 411/55/134 412/56/134
f 413/55/135 414/50/135 415/56/135
f 416/56/136 417/50/136 418/49/136
f 419/50/136 420/48/136 421/49/136
f 422/49/137 423/48/137 424/47/137
f 425/48/138 426/57/138 427/47/138
f 428/47/139 429/57/139 430/48/139
f 431/57/140 432/58/140 433/48/140
f 434/48/141 435/58/141 436/51/141
f 437/58/142 438/48/142 439/51/142
f 440/51/130 441/48/130 442/50/130
f 443/48/143 444/58/143 445/57/143
f 446/50/132 447/55/132 448/54/132
f 449/53/144 450/50/144 451/52/144
s 1
f 388/49/128 390/50/128 452/56/128
s 0
f 453/58/145 454/48/145 455/51/145
f 456/51/129 457/48/129 458/50/129
s 1
f 459/48/128 460/49/128 461/50/128
s 0
f 461/50/128 460/49/128 462/56/128
f 463/49/136 464/50/136 465/56/136
f 466/56/146 467/50/146 468/55/146
f 469/50/147 470/54/147 471/55/147
f 472/55/148 473/54/148 474/50/148
s 1
f 475/54/148 476/53/148 477/50/148
s 0
f 478/50/149 479/53/149 480/52/149
f 481/53/150 482/50/150 483/52/150
f 484/52/130 485/50/130 486/51/130
f 485/50/130 487/48/130 486/51/130
f 488/51/151 489/48/151 490/58/151
f 491/48/152 492/57/152 493/58/152
f 494/58/153 495/57/153 496/48/153
f 497/57/154 498/47/154 499/48/154
f 500/48/155 501/47/155 502/49/155
f 503/47/156 504/48/156 505/49/156
f 506/49/136 507/48/136 508/50/136
f 509/57/157 510/48/157 511/47/157
f 512/50/129 513/52/129 514/51/129
s 1
f 515/50/158 516/56/158 517/55/158
s 0
f 518/54/147 519/50/147 520/53/147
f 521/59/159 522/60/159 523/61/159
f 524/61/160 525/60/160 526/62/160
f 527/60/161 528/63/161 529/62/161
f 530/62/162 531/63/162 532/64/162
f 533/63/163 534/65/163 535/64/163
f 536/64/164 537/65/164 538/66/164
f 539/65/165 540/67/165 541/66/165
f 542/66/166 543/67/166 544/68/166
f 545/67/167 546/69/167 547/68/167
f 548/68/168 549/69/168 550/70/168
f 551/69/169 552/71/169 553/70/169
f 554/70/170 555/71/170 556/72/170
f 557/73/171 558/74/171 559/75/171
f 560/75/172 561/74/172 562/76/172
f 563/74/173 564/77/173 565/76/173
f 566/76/174 567/77/174 568/78/174
f 569/77/175 570/79/175 571/78/175
f 572/78/176 573/79/176 574/80/176
f 575/79/177 576/81/177 577/80/177
f 578/80/178 579/81/178 580/82/178
f 581/81/179 582/83/179 583/82/179
f 584/82/180 585/83/180 586/84/180
f 587/83/181 588/85/181 589/84/181
f 590/84/182 591/85/182 592/86/182
f 593/63/183 594/60/183 595/87/183
f 596/87/184 597/60/184 598/88/184
f 599/60/185 600/59/185 601/88/185
f 602/88/186 603/59/186 604/89/186
f 605/87/187 606/88/187 607/81/187
f 608/81/188 609/88/188 610/83/188
f 611/88/189 612/89/189 613/83/189
f 614/83/190 615/89/190 616/85/190
f 617/90/191 618/91/191 619/73/191
f 620/73/192 621/91/192 622/74/192
f 623/91/193 624/92/193 625/74/193
f 626/74/194 627/92/194 628/77/194
f 629/92/195 630/91/195 631/67/195
f 632/67/196 633/91/196 634/69/196
f 635/91/197 636/90/197 637/69/197
f 638/69/198 639/90/198 640/71/198
f 641/93/199 642/61/199 643/62/199
f 644/94/200 645/62/200 646/64/200
f 647/95/201 648/64/201 649/66/201
f 650/96/202 651/66/202 652/68/202
f 653/97/203 654/84/203 655/86/203
f 656/98/204 657/68/204 658/70/204
f 659/99/205 660/82/205 661/84/205
f 662/100/206 663/80/206 664/82/206
f 665/101/207 666/78/207 667/80/207
f 668/102/208 669/70/208 670/72/208
f 671/103/209 672/76/209 673/78/209
f 674/104/210 675/75/210 676/76/210
f 677/105/211 678/106/211 679/107/211
f 680/107/212 681/106/212 682/108/212
f 683/106/213 684/109/213 685/108/213
f 686/108/213 687/109/213 688/110/213
f 689/107/214 690/108/214 691/111/214
f 692/111/215 693/108/215 694/112/215
f 695/108/216 696/110/216 697/112/216
f 698/112/217 699/110/217 700/113/217
f 701/59/218 702/60/218 703/61/218
f 704/61/219 705/60/219 706/62/219
f 707/60/220 708/63/220 709/62/220
f 710/62/221 711/63/221 712/64/221
f 713/63/222 714/65/222 715/64/222
f 716/64/223 717/65/223 718/66/223
f 719/65/224 720/67/224 721/66/224
f 722/66/225 723/67/225 724/68/225
f 725/67/226 726/69/226 727/68/226
f 728/68/227 729/69/227 730/70/227
f 731/69/228 732/71/228 733/70/228
f 734/70/229 735/71/229 736/72/229
f 737/73/230 738/74/230 739/75/230
f 740/75/231 741/74/231 742/76/231
f 743/74/232 744/77/232 745/76/232
f 746/76/233 747/77/233 748/78/233
f 749/77/234 750/79/234 751/78/234
f 752/78/235 753/79/235 754/80/235
f 755/79/236 756/81/236 757/80/236
f 758/80/237 759/81/237 760/82/237
f 761/81/238 762/83/238 763/82/238
f 764/82/239 765/83/239 766/84/239
f 767/83/240 768/85/240 769/84/240
f 770/84/241 771/85/241 772/86/241
f 773/63/242 774/60/242 775/87/242
f 776/87/243 777/60/243 778/88/243
f 779/60/244 780/59/244 781/88/244
f 782/88/245 783/59/245 784/89/245
f 785/87/246 786/88/246 787/81/246
f 788/81/247 789/88/247 790/83/247
f 791/88/248 792/89/248 793/83/248
f 794/83/249 795/89/249 796/85/249
f 797/90/250 798/91/250 799/73/250
f 800/73/251 801/91/251 802/74/251
f 803/91/252 804/92/252 805/74/252
f 806/74/253 807/92/253 808/77/253
f 809/92/254 810/91/254 811/67/254
f 812/67/255 813/91/255 814/69/255
f 815/91/256 816/90/256 817/69/256
f 818/69/257 819/90/257 820/71/257
f 821/93/258 822/61/258 823/62/258
f 824/94/259 825/62/259 826/64/259
f 827/95/260 828/64/260 829/66/260
f 830/96/261 831/66/261 832/68/261
f 833/97/262 834/84/262 835/86/262
f 836/98/263 837/68/263 838/70/263
f 839/99/264 840/82/264 841/84/264
f 842/100/265 843/80/265 844/82/265
f 845/101/266 846/78/266 847/80/266
f 848/102/267 849/70/267 850/72/267
f 851/103/268 852/76/268 853/78/268
f 854/104/269 855/75/269 856/76/269
f 857/105/270 858/106/270 859/107/270
f 860/107/271 861/106/271 862/108/271
f 863/106/272 864/109/272 865/108/272
f 866/108/273 867/109/273 868/110/273
f 869/107/274 870/108/274 871/111/274
f 872/111/275 873/108/275 874/112/275
f 875/108/276 876/110/276 877/112/276
f 878/112/277 879/110/277 880/113/277
f 881/114/278 882/115/278 883/116/278
s 1
f 884/116/279 885/115/279 886/117/279
s 0
f 887/115/280 888/118/280 889/117/280
f 890/117/281 891/118/281 892/119/281
f 893/118/282 894/120/282 895/119/282
f 896/119/283 897/120/283 898/121/283
s 1
f 899/120/284 900/122/284 901/121/284
s 0
f 902/121/285 903/122/285 904/123/285
f 905/122/286 906/124/286 907/123/286
f 908/123/287 909/124/287 910/125/287
f 911/124/288 912/126/288 913/125/288
f 914/125/289 915/126/289 916/127/289
f 917/126/290 918/128/290 919/127/290
f 920/127/291 921/128/291 922/129/291
f 923/128/292 924/130/292 925/129/292
f 926/129/293 927/130/293 928/131/293
f 929/130/294 930/132/294 931/131/294
f 932/133/295 933/134/295 934/135/295
f 935/135/296 936/134/296 937/136/296
f 938/134/297 939/128/297 940/136/297
f 941/136/298 942/128/298 943/137/298
f 944/128/299 945/126/299 946/137/299
f 947/137/300 948/126/300 949/138/300
f 950/126/301 951/139/301 952/138/301
f 953/138/302 954/139/302 955/140/302
f 956/139/303 957/141/303 958/140/303
f 959/140/304 960/141/304 961/142/304
f 962/141/305 963/118/305 964/142/305
f 965/142/306 966/118/306 967/143/306
f 968/118/307 969/115/307 970/143/307
f 971/143/308 972/115/308 973/144/308
f 974/115/309 975/114/309 976/144/309
f 977/145/310 978/146/310 979/147/310
f 980/147/311 981/146/311 982/148/311
f 983/146/312 984/121/312 985/148/312
f 986/148/313 987/121/313 988/149/313
f 989/121/314 990/123/314 991/149/314
f 992/149/315 993/123/315 994/150/315
f 995/123/316 996/125/316 997/150/316
f 998/150/317 999/125/317 1000/151/317
f 1001/125/318 1002/127/318 1003/151/318
f 1004/151/319 1005/127/319 1006/152/319
f 1007/127/320 1008/129/320 1009/152/320
f 1010/152/321 1011/129/321 1012/131/321
f 1013/144/322 1014/153/322 1015/143/322
f 1016/153/323 1017/154/323 1018/143/323
f 1019/143/324 1020/154/324 1021/142/324
f 1022/154/325 1023/155/325 1024/142/325
f 1025/142/326 1026/155/326 1027/140/326
f 1028/155/327 1029/156/327 1030/140/327
f 1031/140/328 1032/156/328 1033/138/328
f 1034/156/329 1035/137/329 1036/138/329
f 1037/157/330 1038/136/330 1039/158/330
f 1040/158/331 1041/136/331 1042/159/331
f 1043/136/332 1044/137/332 1045/159/332
f 1046/159/333 1047/137/333 1048/160/333
s 1
f 1049/137/334 1050/156/334 1051/160/334
s 0
f 1052/160/335 1053/156/335 1054/161/335
f 1055/156/336 1056/155/336 1057/161/336
f 1058/118/337 1059/141/337 1060/120/337
f 1061/120/338 1062/141/338 1063/122/338
f 1064/141/339 1065/139/339 1066/122/339
f 1067/122/340 1068/139/340 1069/124/340
s 1
f 1070/139/341 1071/126/341 1072/124/341
s 0
f 1073/116/342 1074/117/342 1075/162/342
f 1076/162/343 1077/117/343 1078/163/343
f 1079/117/344 1080/119/344 1081/163/344
f 1082/163/345 1083/119/345 1084/146/345
f 1085/119/346 1086/121/346 1087/146/346
f 1088/158/347 1089/159/347 1090/164/347
f 1091/164/348 1092/159/348 1093/165/348
f 1094/159/349 1095/160/349 1096/165/349
f 1097/165/350 1098/160/350 1099/166/350
f 1100/160/351 1101/161/351 1102/166/351
s 1
f 1103/167/352 1104/132/352 1105/133/352
s 0
f 1106/132/353 1107/130/353 1108/133/353
f 1109/133/354 1110/130/354 1111/134/354
f 1112/130/355 1113/128/355 1114/134/355
f 1115/157/356 1116/135/356 1117/136/356
f 1118/145/357 1119/163/357 1120/146/357
f 1121/168/358 1122/169/358 1123/170/358
f 1124/170/359 1125/169/359 1126/171/359
f 1127/169/360 1128/172/360 1129/171/360
f 1130/172/361 1131/169/361 1132/171/361
f 1133/171/362 1134/169/362 1135/170/362
f 1136/169/363 1137/168/363 1138/170/363
f 1139/173/364 1140/174/364 1141/175/364
f 1142/175/365 1143/174/365 1144/176/365
f 1145/174/366 1146/177/366 1147/176/366
f 1148/176/367 1149/177/367 1150/178/367
f 1151/177/368 1152/179/368 1153/178/368
f 1154/178/369 1155/179/369 1156/180/369
f 1157/179/370 1158/181/370 1159/180/370
f 1160/180/371 1161/181/371 1162/182/371
f 1163/181/372 1164/173/372 1165/182/372
f 1166/182/373 1167/173/373 1168/183/373
f 1169/173/374 1170/175/374 1171/183/374
f 1172/183/375 1173/175/375 1174/184/375
f 1175/175/376 1176/176/376 1177/184/376
f 1178/184/377 1179/176/377 1180/185/377
f 1181/176/378 1182/186/378 1183/185/378
f 1184/187/379 1185/188/379 1186/189/379
f 1187/189/380 1188/188/380 1189/190/380
f 1190/188/381 1191/183/381 1192/190/381
f 1193/190/382 1194/183/382 1195/191/382
s 1
f 1196/183/383 1197/184/383 1198/191/383
s 0
f 1199/191/384 1200/184/384 1201/192/384
f 1202/184/385 1203/185/385 1204/192/385
f 1205/177/386 1206/174/386 1207/179/386
f 1208/179/387 1209/174/387 1210/181/387
f 1211/174/388 1212/173/388 1213/181/388
f 1214/186/389 1215/176/389 1216/193/389
f 1217/193/390 1218/176/390 1219/178/390
f 1220/194/391 1221/188/391 1222/187/391
f 1223/195/392 1224/196/392 1225/197/392
s 1
f 1226/198/393 1227/199/393 1228/200/393
s 0
f 1229/200/394 1230/199/394 1231/201/394
f 1232/199/395 1233/202/395 1234/201/395
f 1235/201/396 1236/202/396 1237/203/396
f 1238/202/397 1239/204/397 1240/203/397
f 1241/202/398 1242/199/398 1243/205/398
f 1244/205/399 1245/199/399 1246/206/399
f 1247/199/400 1248/207/400 1249/206/400
f 1250/208/401 1251/209/401 1252/202/401
f 1253/202/402 1254/209/402 1255/204/402
f 1256/210/403 1257/211/403 1258/212/403
f 1259/212/404 1260/211/404 1261/213/404
f 1262/211/405 1263/214/405 1264/213/405
f 1265/213/406 1266/214/406 1267/215/406
f 1268/214/407 1269/216/407 1270/215/407
f 1271/215/408 1272/216/408 1273/217/408
f 1274/216/409 1275/218/409 1276/217/409
f 1277/217/410 1278/218/410 1279/219/410
f 1280/215/411 1281/217/411 1282/220/411
f 1283/220/412 1284/217/412 1285/221/412
f 1286/217/413 1287/222/413 1288/221/413
f 1289/221/414 1290/222/414 1291/223/414
f 1292/222/415 1293/224/415 1294/223/415
f 1295/211/416 1296/225/416 1297/214/416
f 1298/214/417 1299/225/417 1300/216/417
f 1301/225/418 1302/226/418 1303/216/418
f 1304/216/419 1305/226/419 1306/218/419
f 1307/219/420 1308/227/420 1309/217/420
f 1310/217/421 1311/227/421 1312/222/421
f 1313/227/422 1314/224/422 1315/222/422
f 1316/212/423 1317/213/423 1318/228/423
f 1319/228/424 1320/213/424 1321/229/424
f 1322/213/425 1323/215/425 1324/229/425
f 1325/211/426 1326/230/426 1327/225/426
f 1328/225/427 1329/230/427 1330/226/427
f 1331/231/428 1332/232/428 1333/233/428
f 1334/233/429 1335/232/429 1336/234/429
f 1337/232/430 1338/214/430 1339/234/430
f 1340/234/431 1341/214/431 1342/225/431
f 1343/214/432 1344/216/432 1345/225/432
f 1346/225/433 1347/216/433 1348/226/433
f 1349/216/434 1350/218/434 1351/226/434
f 1352/232/435 1353/215/435 1354/214/435
f 1355/214/436 1356/215/436 1357/216/436
f 1358/215/437 1359/217/437 1360/216/437
f 1361/216/438 1362/217/438 1363/218/438
f 1364/217/439 1365/219/439 1366/218/439
f 1367/224/440 1368/222/440 1369/223/440
f 1370/223/441 1371/222/441 1372/221/441
f 1373/222/442 1374/217/442 1375/221/442
f 1376/221/443 1377/217/443 1378/220/443
f 1379/217/444 1380/215/444 1381/220/444
f 1382/215/445 1383/232/445 1384/229/445
f 1385/229/446 1386/232/446 1387/228/446
f 1388/232/447 1389/231/447 1390/228/447
f 1391/224/448 1392/227/448 1393/222/448
f 1394/222/449 1395/227/449 1396/217/449
f 1397/227/450 1398/219/450 1399/217/450
f 1400/234/451 1401/225/451 1402/230/451
f 1403/230/452 1404/225/452 1405/226/452
f 1406/196/453 1407/195/453 1408/197/453
f 1409/195/454 1410/235/454 1411/196/454
f 1412/196/455 1413/235/455 1414/236/455
f 1415/235/456 1416/237/456 1417/236/456
f 1418/236/457 1419/237/457 1420/238/457
f 1421/237/458 1422/239/458 1423/238/458
f 1424/238/459 1425/239/459 1426/240/459
f 1427/196/460 1428/236/460 1429/241/460
f 1430/241/461 1431/236/461 1432/242/461
f 1433/236/462 1434/238/462 1435/242/462
f 1436/242/463 1437/238/463 1438/240/463
f 1439/243/464 1440/241/464 1441/242/464
f 1442/244/465 1443/228/465 1444/245/465
f 1445/245/466 1446/228/466 1447/241/466
f 1448/228/467 1449/229/467 1450/241/467
f 1451/246/468 1452/178/468 1453/247/468
f 1454/247/469 1455/178/469 1456/248/469
f 1457/178/470 1458/193/470 1459/248/470
f 1460/248/471 1461/193/471 1462/249/471
f 1463/193/472 1464/186/472 1465/249/472
f 1466/228/473 1467/244/473 1468/246/473
f 1469/246/474 1470/244/474 1471/178/474
f 1472/186/475 1473/176/475 1474/185/475
f 1475/185/476 1476/176/476 1477/184/476
f 1478/176/477 1479/175/477 1480/184/477
f 1481/184/478 1482/175/478 1483/183/478
f 1484/175/479 1485/173/479 1486/183/479
f 1487/183/480 1488/173/480 1489/182/480
f 1490/173/481 1491/181/481 1492/182/481
f 1493/182/482 1494/181/482 1495/180/482
f 1496/181/483 1497/179/483 1498/180/483
f 1499/180/484 1500/179/484 1501/178/484
f 1502/179/485 1503/177/485 1504/178/485
f 1505/178/486 1506/177/486 1507/176/486
f 1508/177/487 1509/174/487 1510/176/487
f 1511/176/488 1512/174/488 1513/175/488
f 1514/174/489 1515/173/489 1516/175/489
f 1517/185/490 1518/184/490 1519/192/490
f 1520/192/491 1521/184/491 1522/191/491
f 1523/184/492 1524/183/492 1525/191/492
f 1526/191/493 1527/183/493 1528/250/493
f 1529/183/494 1530/251/494 1531/250/494
f 1532/250/495 1533/251/495 1534/189/495
f 1535/251/496 1536/187/496 1537/189/496
f 1538/173/497 1539/174/497 1540/181/497
f 1541/181/498 1542/174/498 1543/179/498
f 1544/174/499 1545/177/499 1546/179/499
f 1547/186/500 1548/193/500 1549/176/500
f 1550/176/501 1551/193/501 1552/178/501
f 1553/194/502 1554/187/502 1555/251/502
f 1556/240/503 1557/239/503 1558/238/503
f 1559/239/504 1560/237/504 1561/238/504
f 1562/238/505 1563/237/505 1564/236/505
f 1565/237/506 1566/235/506 1567/236/506
f 1568/236/507 1569/235/507 1570/196/507
f 1571/235/508 1572/195/508 1573/196/508
f 1574/240/509 1575/238/509 1576/242/509
f 1577/238/510 1578/236/510 1579/242/510
f 1580/242/511 1581/236/511 1582/241/511
f 1583/236/512 1584/196/512 1585/241/512
f 1586/243/513 1587/242/513 1588/241/513
f 1589/229/514 1590/228/514 1591/241/514
f 1592/241/515 1593/228/515 1594/243/515
f 1595/228/516 1596/180/516 1597/243/516
f 1598/204/517 1599/202/517 1600/203/517
s 1
f 1601/203/518 1602/202/518 1603/201/518
s 0
f 1604/202/519 1605/199/519 1606/201/519
f 1607/201/520 1608/199/520 1609/200/520
f 1610/199/521 1611/252/521 1612/200/521
f 1613/253/522 1614/199/522 1615/206/522
f 1616/206/523 1617/199/523 1618/205/523
f 1619/199/524 1620/202/524 1621/205/524
f 1622/204/525 1623/209/525 1624/202/525
s 1
f 1625/202/526 1626/209/526 1627/208/526
s 0
f 1628/186/527 1629/193/527 1630/254/527
s 1
f 1631/254/528 1632/193/528 1633/247/528
s 0
f 1634/193/529 1635/178/529 1636/247/529
f 1637/247/530 1638/178/530 1639/246/530
f 1640/178/531 1641/180/531 1642/246/531
f 1643/246/532 1644/180/532 1645/228/532
f 1646/255/533 1647/247/533 1648/246/533
f 1649/256/534 1650/257/534 1651/258/534
f 1652/257/535 1653/259/535 1654/258/535
f 1655/258/536 1656/259/536 1657/260/536
f 1658/259/537 1659/261/537 1660/260/537
f 1661/260/538 1662/261/538 1663/262/538
f 1664/261/539 1665/263/539 1666/262/539
f 1667/262/540 1668/263/540 1669/264/540
f 1670/263/541 1671/265/541 1672/264/541
f 1673/264/542 1674/265/542 1675/266/542
f 1676/265/543 1677/267/543 1678/266/543
f 1679/266/544 1680/267/544 1681/256/544
f 1682/267/545 1683/268/545 1684/256/545
f 1685/256/546 1686/268/546 1687/257/546
f 1688/268/547 1689/269/547 1690/257/547
f 1691/260/548 1692/262/548 1693/258/548
f 1694/258/549 1695/262/549 1696/270/549
f 1697/262/550 1698/264/550 1699/270/550
f 1700/270/551 1701/264/551 1702/266/551
f 1703/258/552 1704/270/552 1705/256/552
f 1706/256/553 1707/270/553 1708/266/553
f 1709/271/554 1710/272/554 1711/273/554
f 1712/273/555 1713/272/555 1714/274/555
f 1715/272/556 1716/275/556 1717/274/556
f 1718/276/557 1719/277/557 1720/278/557
f 1721/278/558 1722/277/558 1723/279/558
f 1724/277/559 1725/280/559 1726/279/559
f 1727/279/560 1728/280/560 1729/281/560
f 1730/280/561 1731/282/561 1732/281/561
f 1733/281/562 1734/282/562 1735/283/562
f 1736/284/563 1737/285/563 1738/286/563
f 1739/285/564 1740/287/564 1741/286/564
f 1742/286/565 1743/287/565 1744/276/565
s 1
f 1745/287/566 1746/277/566 1747/276/566
s 0
f 1748/288/567 1749/284/567 1750/286/567
f 1751/289/568 1752/281/568 1753/283/568
f 1754/290/569 1755/291/569 1756/292/569
f 1757/292/570 1758/291/570 1759/293/570
f 1760/291/571 1761/294/571 1762/293/571
f 1763/295/572 1764/291/572 1765/290/572
f 1766/296/573 1767/297/573 1768/298/573
f 1769/298/574 1770/297/574 1771/299/574
f 1772/297/575 1773/300/575 1774/299/575
f 1775/299/576 1776/300/576 1777/301/576
f 1778/302/577 1779/303/577 1780/304/577
f 1781/304/578 1782/303/578 1783/305/578
f 1784/31/578 1785/302/578 1786/32/578
f 1787/32/577 1788/302/577 1789/304/577
f 1790/29/579 1791/31/579 1792/30/579
f 1793/30/579 1794/31/579 1795/32/579
f 1796/306/580 1797/307/580 1798/308/580
f 1798/308/580 1797/307/580 1799/309/580
f 1800/310/581 1801/311/581 1802/312/581
f 1803/313/582 1804/312/582 1805/311/582
f 1806/314/583 1807/315/583 1808/316/583
f 1809/317/584 1810/318/584 1811/310/584
f 1812/310/585 1813/318/585 1814/311/585
f 1815/312/586 1816/313/586 1817/319/586
f 1818/319/587 1819/313/587 1820/320/587
f 1821/321/588 1822/322/588 1823/323/588
f 1824/322/589 1825/324/589 1826/323/589
f 1827/323/590 1828/324/590 1829/321/590
f 1830/324/591 1831/322/591 1832/321/591
f 1833/306/580 1834/307/580 1835/308/580
f 1835/308/580 1834/307/580 1836/309/580
f 1837/325/592 1838/326/592 1839/327/592
f 1840/328/593 1841/327/593 1842/326/593
f 1843/315/583 1844/314/583 1845/316/583
f 1846/327/594 1847/328/594 1848/329/594
f 1849/328/595 1850/330/595 1851/329/595
f 1852/329/596 1853/330/596 1854/325/596
f 1855/330/597 1856/326/597 1857/325/597
f 1858/322/598 1859/324/598 1860/321/598
f 1861/321/599 1862/324/599 1863/323/599
f 1864/324/600 1865/322/600 1866/323/600
f 1867/323/601 1868/322/601 1869/321/601
f 1870/331/602 1871/332/602 1872/333/602
f 1873/333/603 1874/332/603 1875/331/603
f 1876/332/604 1877/334/604 1878/331/604
f 1879/331/605 1880/334/605 1881/335/605
f 1882/332/606 1883/331/606 1884/334/606
f 1885/334/607 1886/331/607 1887/335/607
f 1888/331/608 1889/336/608 1890/335/608
f 1891/335/609 1892/336/609 1893/331/609
f 1894/337/610 1895/338/610 1896/339/610
f 1897/339/611 1898/338/611 1899/340/611
f 1898/338/611 1900/341/611 1899/340/611
f 1901/342/610 1902/338/610 1903/337/610
f 1904/343/612 1905/344/612 1906/345/612
f 1906/345/612 1905/344/612 1907/346/612
f 1908/335/613 1909/347/613 1910/334/613
f 1911/334/614 1912/347/614 1913/348/614
f 1914/347/615 1915/334/615 1916/348/615
f 1917/348/615 1918/334/615 1919/349/615
f 1920/334/616 1921/332/616 1922/349/616
f 1923/349/617 1924/332/617 1925/334/617
s 1
f 1926/334/614 1927/348/614 1928/349/614
f 1929/335/618 1930/334/618 1931/347/618
s 0
f 1932/331/619 1933/332/619 1934/333/619
f 1935/333/620 1936/332/620 1937/331/620
f 1938/332/621 1939/334/621 1940/331/621
f 1941/331/622 1942/334/622 1943/335/622
f 1944/331/623 1945/335/623 1946/336/623
f 1947/336/624 1948/335/624 1949/331/624
f 1950/335/625 1951/334/625 1952/331/625
f 1953/331/626 1954/334/626 1955/332/626
f 1956/341/611 1957/338/611 1958/340/611
f 1958/340/611 1957/338/611 1959/339/611
f 1960/338/610 1961/337/610 1962/339/610
f 1963/342/610 1964/337/610 1965/338/610
f 1966/346/580 1967/344/580 1968/345/580
f 1968/345/580 1967/344/580 1969/343/580
f 1970/350/627 1971/322/627 1972/351/627
f 1973/351/628 1974/322/628 1975/352/628
f 1976/322/629 1977/353/629 1978/352/629
f 1979/352/630 1980/353/630 1981/354/630
f 1982/353/631 1983/355/631 1984/354/631
f 1985/354/632 1986/355/632 1987/356/632
f 1988/355/633 1989/357/633 1990/356/633
f 1991/356/634 1992/357/634 1993/355/634
f 1994/357/635 1995/358/635 1996/355/635
f 1997/355/636 1998/358/636 1999/359/636
f 2000/356/637 2001/355/637 2002/354/637
f 2003/355/638 2004/353/638 2005/354/638
f 2006/354/639 2007/353/639 2008/352/639
f 2009/353/640 2010/322/640 2011/352/640
f 2012/352/641 2013/322/641 2014/350/641
f 2015/322/642 2016/360/642 2017/350/642
f 2018/357/643 2019/355/643 2020/358/643
f 2021/358/644 2022/355/644 2023/359/644
f 2024/355/645 2025/353/645 2026/359/645
f 2027/359/646 2028/353/646 2029/361/646
f 2030/353/647 2031/321/647 2032/361/647
f 2033/350/648 2034/360/648 2035/322/648
f 2036/322/649 2037/360/649 2038/324/649
f 2039/360/650 2040/322/650 2041/324/650
f 2042/321/651 2043/353/651 2044/362/651
f 2045/362/652 2046/353/652 2047/359/652
f 2048/353/653 2049/355/653 2050/359/653
f 2051/350/654 2052/351/654 2053/352/654
f 2054/321/655 2055/322/655 2056/353/655
f 2057/322/656 2058/321/656 2059/353/656
f 2060/363/657 2061/364/657 2062/365/657
f 2063/365/583 2064/364/583 2065/366/583
f 2066/364/583 2067/367/583 2068/366/583
f 2069/366/658 2070/367/658 2071/315/658
f 2072/367/659 2073/314/659 2074/315/659
f 2075/364/657 2076/363/657 2077/368/657
f 2078/368/660 2079/363/660 2080/369/660
f 2081/39/661 2082/370/661 2083/41/661
f 2084/41/662 2085/370/662 2086/39/662
f 2087/370/663 2088/371/663 2089/39/663
f 2090/39/664 2091/371/664 2092/372/664
f 2093/371/665 2094/39/665 2095/372/665
f 2096/372/666 2097/39/666 2098/42/666
f 2099/370/667 2100/39/667 2101/371/667
f 2102/39/668 2103/372/668 2104/42/668
f 2105/360/669 2106/322/669 2107/350/669
f 2108/350/670 2109/322/670 2110/352/670
f 2111/322/671 2112/353/671 2113/352/671
f 2114/352/672 2115/353/672 2116/354/672
f 2117/353/673 2118/355/673 2119/354/673
f 2120/354/674 2121/355/674 2122/356/674
f 2123/355/675 2124/357/675 2125/356/675
f 2126/356/676 2127/357/676 2128/355/676
f 2129/357/677 2130/358/677 2131/355/677
f 2132/355/678 2133/358/678 2134/359/678
f 2135/356/679 2136/355/679 2137/354/679
f 2138/355/680 2139/353/680 2140/354/680
f 2141/354/681 2142/353/681 2143/352/681
f 2144/353/682 2145/322/682 2146/352/682
f 2147/352/683 2148/322/683 2149/351/683
f 2150/322/684 2151/350/684 2152/351/684
f 2153/357/685 2154/355/685 2155/358/685
f 2156/358/686 2157/355/686 2158/359/686
f 2159/355/687 2160/353/687 2161/359/687
f 2162/359/688 2163/353/688 2164/362/688
f 2165/353/689 2166/321/689 2167/362/689
f 2168/322/690 2169/360/690 2170/324/690
s 1
f 2171/324/691 2172/360/691 2173/322/691
s 0
f 2174/360/692 2175/350/692 2176/322/692
f 2177/322/693 2178/353/693 2179/321/693
f 2180/321/694 2181/353/694 2182/361/694
f 2183/353/695 2184/359/695 2185/361/695
f 2186/351/696 2187/350/696 2188/352/696
f 2189/321/697 2190/353/697 2191/322/697
f 2192/359/698 2193/353/698 2194/355/698
f 2195/314/699 2196/367/699 2197/315/699
f 2198/315/700 2199/367/700 2200/373/700
f 2201/367/583 2202/364/583 2203/373/583
f 2204/373/583 2205/364/583 2206/365/583
f 2207/364/657 2208/363/657 2209/365/657
f 2210/364/657 2211/368/657 2212/363/657
f 2213/363/660 2214/368/660 2215/369/660
f 2216/41/701 2217/370/701 2218/39/701
f 2219/39/702 2220/370/702 2221/371/702
f 2222/370/703 2223/39/703 2224/371/703
f 2225/371/704 2226/39/704 2227/372/704
f 2228/39/705 2229/42/705 2230/372/705
f 2231/372/706 2232/42/706 2233/39/706
f 2234/41/707 2235/39/707 2236/370/707
f 2237/39/708 2238/371/708 2239/372/708
f 2240/374/709 2241/375/709 2242/376/709
f 2243/376/710 2244/375/710 2245/377/710
f 2246/375/711 2247/374/711 2248/377/711
f 2249/377/712 2250/374/712 2251/378/712
f 2252/374/713 2253/379/713 2254/378/713
f 2255/378/714 2256/379/714 2257/380/714
f 2258/379/715 2259/381/715 2260/380/715
f 2261/380/716 2262/381/716 2263/382/716
f 2264/381/717 2265/383/717 2266/382/717
f 2267/382/718 2268/383/718 2269/380/718
f 2270/383/719 2271/384/719 2272/380/719
f 2273/380/720 2274/384/720 2275/385/720
f 2276/384/721 2277/386/721 2278/385/721
f 2279/385/722 2280/386/722 2281/377/722
f 2282/386/723 2283/374/723 2284/377/723
f 2285/377/724 2286/374/724 2287/376/724
f 2288/387/725 2289/388/725 2290/389/725
f 2291/389/726 2292/388/726 2293/390/726
f 2294/388/727 2295/391/727 2296/390/727
s 1
f 2297/390/728 2298/391/728 2299/392/728
s 0
f 2300/391/729 2301/393/729 2302/392/729
f 2303/392/730 2304/393/730 2305/394/730
f 2306/393/731 2307/391/731 2308/394/731
f 2309/394/732 2310/391/732 2311/392/732
f 2312/391/733 2313/388/733 2314/392/733
f 2315/392/734 2316/388/734 2317/390/734
f 2318/388/735 2319/387/735 2320/390/735
f 2321/390/736 2322/387/736 2323/389/736
f 2324/395/737 2325/396/737 2326/389/737
f 2327/389/738 2328/396/738 2329/390/738
f 2330/396/739 2331/397/739 2332/390/739
f 2333/390/740 2334/397/740 2335/398/740
f 2336/397/741 2337/399/741 2338/398/741
f 2339/398/742 2340/399/742 2341/400/742
f 2342/399/743 2343/401/743 2344/400/743
f 2345/400/744 2346/401/744 2347/402/744
f 2348/401/745 2349/403/745 2350/402/745
f 2351/402/746 2352/403/746 2353/404/746
f 2354/403/747 2355/405/747 2356/404/747
f 2357/406/748 2358/405/748 2359/403/748
f 2360/155/749 2361/154/749 2362/407/749
f 2363/153/750 2364/408/750 2365/154/750
f 2366/154/751 2367/408/751 2368/407/751
f 2369/164/752 2370/165/752 2371/409/752
f 2372/409/753 2373/165/753 2374/410/753
f 2375/165/754 2376/166/754 2377/410/754
f 2378/410/755 2379/166/755 2380/411/755
f 2381/166/756 2382/412/756 2383/411/756
f 2384/166/757 2385/161/757 2386/412/757
f 2387/412/758 2388/161/758 2389/407/758
f 2390/161/759 2391/155/759 2392/407/759
f 2393/413/760 2394/414/760 2395/415/760
f 2396/415/760 2397/414/760 2398/416/760
f 2399/417/761 2400/418/761 2401/419/761
f 2402/420/762 2403/421/762 2404/422/762
f 2405/422/763 2406/421/763 2407/423/763
f 2408/424/764 2409/425/764 2410/426/764
f 2411/426/765 2412/425/765 2413/427/765
f 2414/428/766 2415/429/766 2416/144/766
f 2417/144/767 2418/429/767 2419/153/767
f 2420/428/768 2421/144/768 2422/114/768
f 2423/430/769 2424/431/769 2425/432/769
s 1
f 2426/431/770 2427/433/770 2428/432/770
s 0
f 2429/432/771 2430/433/771 2431/434/771
f 2432/433/772 2433/435/772 2434/434/772
f 2435/434/773 2436/435/773 2437/436/773
f 2438/435/774 2439/437/774 2440/436/774
f 2441/438/775 2442/439/775 2443/440/775
f 2444/440/776 2445/439/776 2446/441/776
f 2447/439/777 2448/442/777 2449/441/777
f 2450/441/778 2451/442/778 2452/443/778
f 2453/442/779 2454/442/779 2455/443/779
f 2456/443/780 2457/442/780 2458/443/780
f 2459/442/781 2460/441/781 2461/443/781
f 2462/438/782 2463/444/782 2464/439/782
f 2465/439/783 2466/444/783 2467/442/783
f 2468/444/784 2469/445/784 2470/442/784
f 2471/442/785 2472/445/785 2473/442/785
f 2474/445/786 2475/445/786 2476/442/786
f 2477/441/787 2478/442/787 2479/439/787
f 2480/439/788 2481/442/788 2482/444/788
f 2483/442/788 2484/445/788 2485/444/788
f 2486/446/789 2487/447/789 2488/443/789
f 2489/443/789 2490/447/789 2491/441/789
f 2492/448/790 2493/440/790 2494/441/790
f 2495/449/791 2496/450/791 2497/451/791
f 2498/451/792 2499/450/792 2500/452/792
f 2501/453/793 2502/454/793 2503/455/793
f 2504/455/794 2505/454/794 2506/456/794
f 2507/454/795 2508/457/795 2509/456/795
f 2510/456/796 2511/457/796 2512/458/796
f 2513/457/797 2514/459/797 2515/458/797
f 2516/458/798 2517/459/798 2518/460/798
f 2519/459/799 2520/461/799 2521/460/799
f 2522/460/800 2523/461/800 2524/454/800
f 2525/461/801 2526/462/801 2527/454/801
f 2528/454/802 2529/462/802 2530/457/802
f 2531/455/803 2532/456/803 2533/463/803
f 2534/463/804 2535/456/804 2536/463/804
f 2537/456/805 2538/458/805 2539/463/805
f 2540/463/806 2541/458/806 2542/453/806
f 2543/458/807 2544/460/807 2545/453/807
f 2546/453/808 2547/460/808 2548/454/808
f 2549/464/580 2550/465/580 2551/466/580
f 2551/466/580 2550/465/580 2552/467/580
f 2553/466/809 2554/467/809 2555/468/809
f 2556/468/810 2557/467/810 2558/468/810
f 2559/467/811 2560/465/811 2561/468/811
f 2562/468/811 2563/465/811 2564/469/811
f 2565/465/812 2566/470/812 2567/469/812
f 2568/469/813 2569/470/813 2570/471/813
f 2571/470/814 2572/472/814 2573/471/814
f 2574/471/815 2575/469/815 2576/445/815
f 2577/445/815 2578/469/815 2579/468/815
f 2580/469/816 2581/465/816 2582/468/816
f 2583/468/817 2584/465/817 2585/467/817
f 2586/471/818 2587/445/818 2588/469/818
f 2589/469/818 2590/445/818 2591/468/818
f 2592/445/819 2593/445/819 2594/468/819
f 2595/468/820 2596/445/820 2597/468/820
f 2598/473/821 2599/470/821 2600/465/821
f 2601/474/822 2602/475/822 2603/476/822
f 2604/476/823 2605/475/823 2606/477/823
f 2607/475/824 2608/478/824 2609/477/824
f 2610/477/824 2611/478/824 2612/479/824
f 2613/478/825 2614/480/825 2615/479/825
f 2616/479/826 2617/480/826 2618/481/826
f 2619/480/827 2620/482/827 2621/481/827
f 2622/481/827 2623/482/827 2624/483/827
f 2625/484/828 2626/485/828 2627/475/828
f 2628/485/828 2629/486/828 2630/475/828
f 2631/475/828 2632/486/828 2633/478/828
f 2634/486/829 2635/487/829 2636/478/829
f 2637/478/830 2638/487/830 2639/480/830
f 2640/487/831 2641/488/831 2642/480/831
f 2643/480/831 2644/488/831 2645/482/831
f 2646/488/831 2647/489/831 2648/482/831
f 2649/490/832 2650/484/832 2651/474/832
f 2652/474/833 2653/484/833 2654/475/833
f 2655/334/834 2656/347/834 2657/335/834
f 2658/335/835 2659/347/835 2660/334/835
f 2661/347/836 2662/348/836 2663/334/836
f 2664/334/836 2665/348/836 2666/349/836
f 2667/348/837 2668/334/837 2669/349/837
f 2670/349/838 2671/334/838 2672/332/838
f 2673/347/837 2674/334/837 2675/348/837
s 1
f 2676/334/839 2677/349/839 2678/332/839
s 0
f 2679/441/840 2680/447/840 2681/443/840
f 2682/443/840 2683/447/840 2684/446/840
f 2685/441/841 2686/442/841 2687/443/841
f 2688/443/842 2689/442/842 2690/443/842
f 2691/442/843 2692/442/843 2693/443/843
f 2694/443/844 2695/442/844 2696/441/844
f 2697/442/845 2698/439/845 2699/441/845
f 2700/441/846 2701/439/846 2702/440/846
f 2703/439/847 2704/438/847 2705/440/847
f 2706/445/848 2707/445/848 2708/442/848
f 2709/442/849 2710/445/849 2711/442/849
f 2712/445/850 2713/444/850 2714/442/850
f 2715/442/850 2716/444/850 2717/439/850
f 2718/444/851 2719/438/851 2720/439/851
f 2721/445/852 2722/442/852 2723/444/852
f 2724/444/852 2725/442/852 2726/439/852
f 2727/442/853 2728/441/853 2729/439/853
f 2730/448/854 2731/441/854 2732/440/854
f 2733/452/855 2734/450/855 2735/451/855
f 2736/451/856 2737/450/856 2738/449/856
f 2739/457/857 2740/462/857 2741/454/857
f 2742/462/858 2743/461/858 2744/454/858
f 2745/454/859 2746/461/859 2747/460/859
f 2748/461/860 2749/459/860 2750/460/860
f 2751/460/861 2752/459/861 2753/458/861
f 2754/459/862 2755/457/862 2756/458/862
f 2757/458/863 2758/457/863 2759/456/863
f 2760/457/864 2761/454/864 2762/456/864
f 2763/456/865 2764/454/865 2765/455/865
f 2766/454/866 2767/453/866 2768/455/866
f 2769/454/867 2770/460/867 2771/453/867
f 2772/460/868 2773/458/868 2774/453/868
f 2775/453/869 2776/458/869 2777/463/869
f 2778/458/870 2779/456/870 2780/463/870
f 2781/463/871 2782/456/871 2783/463/871
f 2784/456/872 2785/455/872 2786/463/872
f 2787/183/873 2788/491/873 2789/182/873
f 2790/182/874 2791/491/874 2792/492/874
f 2793/491/875 2794/493/875 2795/492/875
f 2796/492/876 2797/493/876 2798/494/876
f 2799/493/877 2800/495/877 2801/494/877
f 2802/494/878 2803/495/878 2804/242/878
f 2805/495/879 2806/496/879 2807/242/879
f 2808/242/880 2809/496/880 2810/240/880
f 2811/496/881 2812/497/881 2813/240/881
f 2814/240/882 2815/497/882 2816/239/882
f 2817/497/883 2818/498/883 2819/239/883
f 2820/239/884 2821/498/884 2822/237/884
f 2823/498/885 2824/499/885 2825/237/885
f 2826/237/886 2827/499/886 2828/500/886
f 2829/501/887 2830/497/887 2831/502/887
f 2832/497/888 2833/496/888 2834/502/888
f 2835/502/889 2836/496/889 2837/503/889
f 2838/496/890 2839/504/890 2840/503/890
f 2841/503/891 2842/504/891 2843/505/891
f 2844/504/892 2845/506/892 2846/505/892
f 2847/505/893 2848/506/893 2849/507/893
f 2850/506/894 2851/508/894 2852/507/894
f 2853/507/895 2854/508/895 2855/509/895
f 2856/508/896 2857/510/896 2858/509/896
f 2859/509/897 2860/510/897 2861/511/897
f 2862/510/898 2863/491/898 2864/511/898
f 2865/511/899 2866/491/899 2867/194/899
f 2868/491/900 2869/188/900 2870/194/900
f 2871/512/901 2872/513/901 2873/507/901
f 2874/507/902 2875/513/902 2876/505/902
f 2877/513/903 2878/514/903 2879/505/903
f 2880/505/904 2881/514/904 2882/503/904
f 2883/514/905 2884/515/905 2885/503/905
f 2886/503/906 2887/515/906 2888/502/906
f 2889/515/907 2890/501/907 2891/502/907
f 2892/512/908 2893/516/908 2894/513/908
f 2895/513/909 2896/516/909 2897/514/909
f 2898/516/910 2899/517/910 2900/514/910
f 2901/514/911 2902/517/911 2903/515/911
f 2904/517/912 2905/518/912 2906/515/912
f 2907/515/913 2908/518/913 2909/519/913
f 2910/496/914 2911/495/914 2912/504/914
f 2913/495/915 2914/493/915 2915/504/915
f 2916/504/916 2917/493/916 2918/508/916
f 2919/493/917 2920/510/917 2921/508/917
f 2922/507/918 2923/509/918 2924/520/918
f 2925/520/919 2926/509/919 2927/521/919
f 2928/509/920 2929/511/920 2930/521/920
f 2931/515/921 2932/519/921 2933/501/921
f 2934/501/922 2935/519/922 2936/522/922
f 2937/519/923 2938/523/923 2939/522/923
f 2940/182/924 2941/492/924 2942/180/924
f 2943/180/925 2944/492/925 2945/494/925
f 2946/501/926 2947/524/926 2948/497/926
f 2949/497/927 2950/524/927 2951/498/927
f 2952/504/928 2953/508/928 2954/506/928
f 2955/491/929 2956/510/929 2957/493/929
f 2958/243/930 2959/494/930 2960/242/930
f 2961/183/931 2962/188/931 2963/491/931
f 2964/525/932 2965/520/932 2966/521/932
f 2967/526/933 2968/516/933 2969/512/933
f 2970/224/934 2971/527/934 2972/223/934
f 2973/223/935 2974/527/935 2975/224/935
f 2976/251/936 2977/491/936 2978/194/936
f 2979/194/937 2980/491/937 2981/511/937
f 2982/491/938 2983/510/938 2984/511/938
s 1
f 2985/511/939 2986/510/939 2987/509/939
s 0
f 2988/510/940 2989/508/940 2990/509/940
f 2991/509/941 2992/508/941 2993/507/941
f 2994/508/942 2995/506/942 2996/507/942
f 2997/507/943 2998/506/943 2999/505/943
f 3000/506/944 3001/504/944 3002/505/944
f 3003/505/945 3004/504/945 3005/503/945
f 3006/504/946 3007/496/946 3008/503/946
f 3009/503/947 3010/496/947 3011/502/947
f 3012/496/948 3013/497/948 3014/502/948
f 3015/502/949 3016/497/949 3017/501/949
f 3018/500/950 3019/499/950 3020/237/950
f 3021/499/951 3022/498/951 3023/237/951
f 3024/237/952 3025/498/952 3026/239/952
f 3027/498/953 3028/497/953 3029/239/953
f 3030/239/954 3031/497/954 3032/240/954
f 3033/497/955 3034/496/955 3035/240/955
f 3036/240/956 3037/496/956 3038/242/956
f 3039/496/957 3040/495/957 3041/242/957
f 3042/242/958 3043/495/958 3044/494/958
f 3045/495/959 3046/493/959 3047/494/959
f 3048/494/960 3049/493/960 3050/492/960
f 3051/493/961 3052/491/961 3053/492/961
f 3054/492/962 3055/491/962 3056/182/962
f 3057/491/963 3058/183/963 3059/182/963
f 3060/507/964 3061/513/964 3062/512/964
f 3063/512/965 3064/513/965 3065/516/965
f 3066/513/966 3067/514/966 3068/516/966
f 3069/516/967 3070/514/967 3071/517/967
f 3072/514/968 3073/515/968 3074/517/968
f 3075/517/969 3076/515/969 3077/518/969
f 3078/515/970 3079/519/970 3080/518/970
f 3081/507/971 3082/505/971 3083/513/971
f 3084/513/972 3085/505/972 3086/514/972
f 3087/505/973 3088/503/973 3089/514/973
f 3090/514/974 3091/503/974 3092/515/974
f 3093/503/975 3094/502/975 3095/515/975
f 3096/515/976 3097/502/976 3098/501/976
f 3099/510/977 3100/493/977 3101/508/977
f 3102/508/978 3103/493/978 3104/504/978
f 3105/493/979 3106/495/979 3107/504/979
f 3108/504/980 3109/495/980 3110/496/980
f 3111/511/981 3112/509/981 3113/521/981
f 3114/521/982 3115/509/982 3116/520/982
f 3117/509/983 3118/507/983 3119/520/983
f 3120/523/984 3121/519/984 3122/522/984
f 3123/522/985 3124/519/985 3125/501/985
f 3126/519/986 3127/515/986 3128/501/986
f 3129/182/987 3130/180/987 3131/492/987
f 3132/492/988 3133/180/988 3134/494/988
f 3135/501/989 3136/497/989 3137/524/989
f 3138/524/990 3139/497/990 3140/498/990
f 3141/508/991 3142/504/991 3143/506/991
f 3144/510/992 3145/491/992 3146/493/992
f 3147/243/993 3148/242/993 3149/494/993
f 3150/525/994 3151/521/994 3152/520/994
f 3153/526/995 3154/512/995 3155/516/995
s 1
f 3156/251/996 3157/183/996 3158/491/996
s 0
f 3159/528/997 3160/529/997 3161/530/997
f 3162/530/998 3163/529/998 3164/531/998
f 3165/529/999 3166/530/999 3167/531/999
f 3168/531/1000 3169/530/1000 3170/532/1000
f 3171/532/1001 3172/530/1001 3173/531/1001
f 3174/528/1002 3175/530/1002 3176/529/1002
f 3177/530/1003 3178/531/1003 3179/532/1003
f 3180/532/1004 3181/531/1004 3182/530/1004
f 3183/531/1005 3184/529/1005 3185/530/1005
f 3186/530/1006 3187/529/1006 3188/528/1006
f 3189/528/1007 3190/529/1007 3191/530/1007
f 3192/530/1008 3193/529/1008 3194/531/1008
f 3195/244/1009 3196/245/1009 3197/533/1009
f 3198/494/1010 3199/243/1010 3200/180/1010
f 3201/534/1011 3202/535/1011 3203/536/1011
f 3204/535/1012 3205/537/1012 3206/536/1012
f 3207/536/1013 3208/537/1013 3209/538/1013
f 3210/537/1014 3211/539/1014 3212/538/1014
f 3213/538/1015 3214/539/1015 3215/540/1015
f 3216/539/1016 3217/541/1016 3218/540/1016
f 3219/542/1017 3220/541/1017 3221/539/1017
f 3222/534/1018 3223/536/1018 3224/535/1018
f 3225/535/1019 3226/536/1019 3227/537/1019
f 3228/536/1020 3229/538/1020 3230/537/1020
f 3231/537/1021 3232/538/1021 3233/539/1021
f 3234/538/1022 3235/540/1022 3236/539/1022
f 3237/539/1023 3238/540/1023 3239/541/1023
f 3240/542/1024 3241/539/1024 3242/541/1024
f 3243/543/1025 3244/544/1025 3245/545/1025
f 3246/545/1025 3247/544/1025 3248/546/1025
f 3249/417/761 3250/419/761 3251/547/761
f 3252/419/1026 3253/418/1026 3254/548/1026
f 3255/418/1027 3256/549/1027 3257/548/1027
f 3258/548/1028 3259/549/1028 3260/550/1028
f 3261/549/1028 3262/551/1028 3263/550/1028
f 3264/550/1029 3265/551/1029 3266/552/1029
f 3267/551/1030 3268/553/1030 3269/552/1030
f 3270/554/1031 3271/555/1031 3272/556/1031
f 3273/556/1032 3274/555/1032 3275/557/1032
f 3276/555/1033 3277/558/1033 3278/557/1033
f 3279/557/1034 3280/558/1034 3281/559/1034
f 3282/558/1035 3283/560/1035 3284/559/1035
f 3285/559/1036 3286/560/1036 3287/561/1036
f 3288/562/1037 3289/563/1037 3290/564/1037
f 3291/564/1038 3292/563/1038 3293/565/1038
f 3294/563/1039 3295/554/1039 3296/565/1039
f 3297/565/1040 3298/554/1040 3299/556/1040
f 3300/41/1041 3301/566/1041 3302/39/1041
f 3303/39/1042 3304/566/1042 3305/567/1042
s 1
f 3306/566/1043 3307/39/1043 3308/567/1043
s 0
f 3309/567/1044 3310/39/1044 3311/568/1044
f 3312/39/1045 3313/569/1045 3314/568/1045
f 3315/568/1046 3316/569/1046 3317/39/1046
f 3318/569/1047 3319/570/1047 3320/39/1047
f 3321/39/1048 3322/570/1048 3323/41/1048
f 3324/570/1049 3325/571/1049 3326/41/1049
f 3327/41/1050 3328/571/1050 3329/39/1050
f 3330/571/1051 3331/572/1051 3332/39/1051
f 3333/39/1052 3334/572/1052 3335/573/1052
f 3336/572/1053 3337/574/1053 3338/573/1053
f 3339/573/1054 3340/574/1054 3341/570/1054
f 3342/574/1055 3343/575/1055 3344/570/1055
f 3345/570/1056 3346/575/1056 3347/571/1056
f 3348/575/1057 3349/576/1057 3350/571/1057
f 3351/571/1058 3352/576/1058 3353/577/1058
f 3354/576/1059 3355/578/1059 3356/577/1059
f 3357/577/1060 3358/578/1060 3359/579/1060
f 3360/578/1061 3361/580/1061 3362/579/1061
f 3363/579/1062 3364/580/1062 3365/578/1062
f 3366/580/1063 3367/35/1063 3368/578/1063
f 3369/578/1064 3370/35/1064 3371/581/1064
f 3372/35/1065 3373/578/1065 3374/581/1065
f 3375/581/1066 3376/578/1066 3377/582/1066
f 3378/578/1067 3379/576/1067 3380/582/1067
f 3381/582/1068 3382/576/1068 3383/578/1068
f 3384/576/1069 3385/575/1069 3386/578/1069
f 3387/578/1070 3388/575/1070 3389/579/1070
f 3390/575/1071 3391/574/1071 3392/579/1071
f 3393/579/1072 3394/574/1072 3395/577/1072
f 3396/574/1073 3397/572/1073 3398/577/1073
f 3399/577/1074 3400/572/1074 3401/571/1074
f 3402/570/1075 3403/569/1075 3404/573/1075
s 1
f 3405/573/1076 3406/569/1076 3407/39/1076
s 0
f 3408/580/1077 3409/578/1077 3410/35/1077
f 3411/578/1078 3412/581/1078 3413/582/1078
s 1
f 3414/41/1079 3415/39/1079 3416/566/1079
s 0
f 3417/39/1080 3418/567/1080 3419/568/1080
f 3420/150/1081 3421/583/1081 3422/149/1081
f 3423/149/1082 3424/583/1082 3425/148/1082
f 3426/583/1083 3427/147/1083 3428/148/1083
f 3429/151/1084 3430/583/1084 3431/150/1084
f 3432/132/1085 3433/584/1085 3434/131/1085
f 3435/131/1086 3436/584/1086 3437/152/1086
f 3438/584/1087 3439/151/1087 3440/152/1087
f 3441/167/1088 3442/584/1088 3443/132/1088
f 3444/39/1089 3445/570/1089 3446/569/1089
f 3447/569/1090 3448/570/1090 3449/573/1090
f 3450/570/1091 3451/574/1091 3452/573/1091
f 3453/573/1092 3454/574/1092 3455/572/1092
f 3456/574/1093 3457/577/1093 3458/572/1093
f 3459/572/1094 3460/577/1094 3461/571/1094
f 3462/577/1095 3463/576/1095 3464/571/1095
f 3465/571/1096 3466/576/1096 3467/575/1096
f 3468/576/1097 3469/578/1097 3470/575/1097
f 3471/575/1098 3472/578/1098 3473/579/1098
f 3474/578/1099 3475/580/1099 3476/579/1099
f 3477/579/1100 3478/580/1100 3479/578/1100
f 3480/580/1101 3481/35/1101 3482/578/1101
f 3483/578/1102 3484/35/1102 3485/581/1102
f 3486/35/1103 3487/578/1103 3488/581/1103
f 3489/581/1104 3490/578/1104 3491/582/1104
f 3492/578/1105 3493/576/1105 3494/582/1105
f 3495/582/1106 3496/576/1106 3497/578/1106
f 3498/576/1107 3499/577/1107 3500/578/1107
f 3501/578/1108 3502/577/1108 3503/579/1108
f 3504/577/1109 3505/574/1109 3506/579/1109
f 3507/579/1110 3508/574/1110 3509/575/1110
f 3510/574/1111 3511/570/1111 3512/575/1111
f 3513/575/1112 3514/570/1112 3515/571/1112
f 3516/570/1113 3517/41/1113 3518/571/1113
f 3519/571/1114 3520/41/1114 3521/39/1114
f 3522/41/1115 3523/566/1115 3524/39/1115
f 3525/39/1116 3526/566/1116 3527/567/1116
f 3528/566/1117 3529/39/1117 3530/567/1117
f 3531/567/1118 3532/39/1118 3533/568/1118
f 3534/39/1119 3535/569/1119 3536/568/1119
f 3537/568/1120 3538/569/1120 3539/39/1120
f 3540/569/1121 3541/573/1121 3542/39/1121
f 3543/39/1122 3544/573/1122 3545/572/1122
f 3546/570/1123 3547/39/1123 3548/41/1123
f 3549/41/1124 3550/39/1124 3551/566/1124
f 3552/578/1125 3553/581/1125 3554/582/1125
f 3555/568/1126 3556/39/1126 3557/567/1126
f 3558/580/1127 3559/578/1127 3560/35/1127
f 3561/571/1128 3562/39/1128 3563/572/1128
f 3564/585/1129 3565/586/1129 3566/587/1129
f 3567/587/1130 3568/586/1130 3569/588/1130
f 3570/586/1131 3571/589/1131 3572/588/1131
f 3573/588/1132 3574/589/1132 3575/590/1132
f 3576/589/1133 3577/591/1133 3578/590/1133
f 3579/590/1134 3580/591/1134 3581/592/1134
f 3582/591/1135 3583/593/1135 3584/592/1135
f 3585/592/1135 3586/593/1135 3587/594/1135
f 3588/593/1136 3589/595/1136 3590/594/1136
f 3591/594/1137 3592/595/1137 3593/596/1137
f 3594/595/1138 3595/597/1138 3596/596/1138
f 3597/596/1139 3598/597/1139 3599/598/1139
f 3600/597/1140 3601/599/1140 3602/598/1140
f 3603/598/1141 3604/599/1141 3605/600/1141
f 3606/599/1142 3607/585/1142 3608/600/1142
f 3609/600/1143 3610/585/1143 3611/587/1143
f 3612/601/1144 3613/602/1144 3614/588/1144
f 3615/588/1145 3616/602/1145 3617/587/1145
f 3618/602/1146 3619/603/1146 3620/587/1146
f 3621/587/1147 3622/603/1147 3623/600/1147
f 3624/603/1148 3625/604/1148 3626/600/1148
f 3627/600/1149 3628/604/1149 3629/598/1149
f 3630/604/1150 3631/605/1150 3632/598/1150
f 3633/598/1151 3634/605/1151 3635/596/1151
f 3636/605/1152 3637/606/1152 3638/596/1152
f 3639/596/1153 3640/606/1153 3641/594/1153
f 3642/606/1154 3643/607/1154 3644/594/1154
f 3645/594/1155 3646/607/1155 3647/592/1155
f 3648/607/1156 3649/608/1156 3650/592/1156
f 3651/592/1157 3652/608/1157 3653/590/1157
f 3654/608/1158 3655/601/1158 3656/590/1158
f 3657/590/1159 3658/601/1159 3659/588/1159
f 3660/597/1160 3661/605/1160 3662/599/1160
f 3663/585/1161 3664/599/1161 3665/604/1161
f 3666/604/1162 3667/599/1162 3668/605/1162
f 3669/603/1163 3670/585/1163 3671/604/1163
f 3672/585/1164 3673/603/1164 3674/586/1164
f 3675/602/1165 3676/586/1165 3677/603/1165
f 3678/605/1166 3679/597/1166 3680/606/1166
f 3681/595/1167 3682/606/1167 3683/597/1167
f 3684/606/1168 3685/595/1168 3686/607/1168
f 3687/593/1169 3688/607/1169 3689/595/1169
f 3690/607/1170 3691/593/1170 3692/608/1170
f 3693/591/1171 3694/608/1171 3695/593/1171
f 3696/608/1172 3697/591/1172 3698/601/1172
f 3699/589/1173 3700/601/1173 3701/591/1173
f 3702/602/1174 3703/601/1174 3704/586/1174
f 3705/586/1175 3706/601/1175 3707/589/1175
f 3708/609/1176 3709/609/1176 3710/610/1176
f 3711/609/1177 3712/611/1177 3713/610/1177
f 3714/610/1178 3715/611/1178 3716/612/1178
f 3717/611/1179 3718/613/1179 3719/612/1179
f 3720/612/1180 3721/613/1180 3722/610/1180
f 3723/613/1181 3724/611/1181 3725/610/1181
f 3726/610/1182 3727/611/1182 3728/614/1182
f 3729/611/1182 3730/614/1182 3731/614/1182
f 3732/614/1183 3733/614/1183 3734/613/1183
f 3735/614/1183 3736/613/1183 3737/613/1183
f 3738/615/1184 3739/609/1184 3740/616/1184
s 1
f 3741/609/1185 3742/610/1185 3743/616/1185
s 0
f 3744/616/1186 3745/610/1186 3746/617/1186
f 3747/610/1187 3748/612/1187 3749/617/1187
f 3750/617/1188 3751/612/1188 3752/616/1188
f 3753/612/1189 3754/610/1189 3755/616/1189
f 3756/616/1190 3757/618/1190 3758/617/1190
f 3759/618/1191 3760/619/1191 3761/617/1191
f 3762/617/1192 3763/619/1192 3764/616/1192
f 3765/619/1193 3766/618/1193 3767/616/1193
f 3768/616/1194 3769/618/1194 3770/615/1194
f 3771/618/1195 3772/620/1195 3773/615/1195
f 3774/621/1196 3775/622/1196 3776/623/1196
f 3777/623/1197 3778/622/1197 3779/624/1197
f 3780/622/1198 3781/625/1198 3782/624/1198
f 3783/624/1199 3784/625/1199 3785/626/1199
f 3786/623/1200 3787/624/1200 3788/613/1200
f 3789/613/1201 3790/624/1201 3791/614/1201
f 3792/624/1202 3793/610/1202 3794/614/1202
f 3795/610/1203 3796/624/1203 3797/626/1203
f 3798/627/1204 3799/628/1204 3800/625/1204
f 3801/613/1205 3802/613/1205 3803/614/1205
f 3804/613/1205 3805/614/1205 3806/614/1205
f 3807/614/1206 3808/614/1206 3809/610/1206
f 3810/614/1207 3811/611/1207 3812/610/1207
f 3813/610/1208 3814/611/1208 3815/612/1208
f 3816/611/1209 3817/613/1209 3818/612/1209
f 3819/612/1210 3820/613/1210 3821/610/1210
f 3822/613/1211 3823/611/1211 3824/610/1211
f 3825/610/1212 3826/611/1212 3827/609/1212
f 3828/611/1213 3829/609/1213 3830/609/1213
f 3831/615/1214 3832/616/1214 3833/609/1214
f 3834/609/1215 3835/616/1215 3836/610/1215
f 3837/616/1216 3838/617/1216 3839/610/1216
f 3840/610/1217 3841/617/1217 3842/612/1217
f 3843/617/1218 3844/616/1218 3845/612/1218
f 3846/612/1219 3847/616/1219 3848/610/1219
f 3849/620/1220 3850/618/1220 3851/615/1220
f 3852/615/1221 3853/618/1221 3854/616/1221
s 1
f 3855/618/1222 3856/619/1222 3857/616/1222
s 0
f 3858/616/1223 3859/619/1223 3860/617/1223
f 3861/619/1224 3862/618/1224 3863/617/1224
f 3864/617/1225 3865/618/1225 3866/616/1225
f 3867/621/1226 3868/623/1226 3869/622/1226
f 3870/622/1227 3871/623/1227 3872/624/1227
f 3873/623/1228 3874/613/1228 3875/624/1228
f 3876/624/1229 3877/613/1229 3878/614/1229
f 3879/622/1230 3880/624/1230 3881/625/1230
f 3882/625/1231 3883/624/1231 3884/626/1231
f 3885/624/1232 3886/610/1232 3887/626/1232
f 3888/610/1233 3889/624/1233 3890/614/1233
f 3891/629/1234 3892/630/1234 3893/631/1234
f 3894/631/1235 3895/630/1235 3896/629/1235
f 3897/630/1236 3898/632/1236 3899/629/1236
f 3900/629/1237 3901/632/1237 3902/633/1237
f 3903/629/1238 3904/633/1238 3905/634/1238
f 3906/634/1239 3907/633/1239 3908/631/1239
f 3909/633/1240 3910/630/1240 3911/631/1240
f 3912/632/1241 3913/630/1241 3914/629/1241
f 3915/630/1242 3916/629/1242 3917/632/1242
f 3918/632/1243 3919/629/1243 3920/633/1243
f 3921/629/1244 3922/634/1244 3923/633/1244
f 3924/633/1245 3925/634/1245 3926/631/1245
f 3927/629/1246 3928/630/1246 3929/631/1246
f 3930/631/1247 3931/630/1247 3932/629/1247
f 3933/630/1248 3934/632/1248 3935/629/1248
f 3936/630/1249 3937/633/1249 3938/631/1249
f 3939/635/1250 3940/636/1250 3941/637/1250
s 1
f 3942/637/1251 3943/636/1251 3944/638/1251
s 0
f 3945/636/1252 3946/639/1252 3947/638/1252
f 3948/638/1253 3949/639/1253 3950/640/1253
f 3951/639/1254 3952/641/1254 3953/640/1254
f 3954/642/1255 3955/643/1255 3956/635/1255
f 3957/635/1256 3958/643/1256 3959/636/1256
f 3960/641/1257 3961/639/1257 3962/640/1257
f 3963/640/1258 3964/639/1258 3965/638/1258
f 3966/639/1259 3967/636/1259 3968/638/1259
f 3969/638/1260 3970/636/1260 3971/637/1260
f 3972/636/1261 3973/635/1261 3974/637/1261
f 3975/642/1262 3976/635/1262 3977/643/1262
f 3978/643/1256 3979/635/1256 3980/636/1256
f 3981/644/1263 3982/645/1263 3983/646/1263
f 3984/646/1264 3985/645/1264 3986/647/1264
f 3987/647/1265 3988/645/1265 3989/646/1265
f 3990/646/1266 3991/645/1266 3992/644/1266
f 3993/628/1267 3994/627/1267 3995/625/1267
f 3996/615/1268 3997/609/1268 3998/616/1268
f 3999/609/1269 4000/610/1269 4001/616/1269
f 4002/616/1270 4003/610/1270 4004/617/1270
f 4005/610/1271 4006/612/1271 4007/617/1271
f 4008/617/1272 4009/612/1272 4010/616/1272
f 4011/612/1273 4012/610/1273 4013/616/1273
f 4014/616/1274 4015/618/1274 4016/617/1274
f 4017/618/1275 4018/619/1275 4019/617/1275
f 4020/617/1276 4021/619/1276 4022/616/1276
f 4023/619/1277 4024/618/1277 4025/616/1277
f 4026/616/1278 4027/618/1278 4028/615/1278
f 4029/618/1279 4030/620/1279 4031/615/1279
f 4032/621/1280 4033/622/1280 4034/623/1280
f 4035/623/1281 4036/622/1281 4037/624/1281
f 4038/622/1282 4039/625/1282 4040/624/1282
f 4041/624/1283 4042/625/1283 4043/626/1283
f 4044/623/1284 4045/624/1284 4046/613/1284
f 4047/613/1285 4048/624/1285 4049/614/1285
f 4050/624/1286 4051/610/1286 4052/614/1286
f 4053/610/1287 4054/624/1287 4055/626/1287
f 4056/627/1288 4057/628/1288 4058/625/1288
f 4059/615/1289 4060/616/1289 4061/609/1289
f 4062/609/1290 4063/616/1290 4064/610/1290
f 4065/616/1291 4066/617/1291 4067/610/1291
f 4068/610/1292 4069/617/1292 4070/612/1292
f 4071/617/1293 4072/616/1293 4073/612/1293
f 4074/612/1294 4075/616/1294 4076/610/1294
f 4077/620/1295 4078/618/1295 4079/615/1295
f 4080/615/1296 4081/618/1296 4082/616/1296
f 4083/618/1297 4084/619/1297 4085/616/1297
f 4086/616/1298 4087/619/1298 4088/617/1298
f 4089/619/1299 4090/618/1299 4091/617/1299
f 4092/617/1300 4093/618/1300 4094/616/1300
f 4095/621/1301 4096/623/1301 4097/622/1301
f 4098/622/1302 4099/623/1302 4100/624/1302
f 4101/623/1303 4102/613/1303 4103/624/1303
f 4104/624/1304 4105/613/1304 4106/614/1304
f 4107/622/1305 4108/624/1305 4109/625/1305
f 4110/625/1306 4111/624/1306 4112/626/1306
f 4113/624/1307 4114/610/1307 4115/626/1307
f 4116/610/1308 4117/624/1308 4118/614/1308
f 4119/628/1309 4120/627/1309 4121/625/1309
f 4122/472/1310 4123/470/1310 4124/471/1310
f 4125/471/1311 4126/470/1311 4127/469/1311
f 4128/470/1312 4129/465/1312 4130/469/1312
f 4131/469/1313 4132/465/1313 4133/648/1313
f 4134/465/1313 4135/649/1313 4136/648/1313
f 4137/648/1314 4138/649/1314 4139/648/1314
f 4140/649/1315 4141/650/1315 4142/648/1315
f 4143/649/1316 4144/465/1316 4145/648/1316
f 4146/465/1317 4147/469/1317 4148/648/1317
f 4149/648/1318 4150/469/1318 4151/445/1318
f 4152/469/1318 4153/471/1318 4154/445/1318
f 4155/471/1319 4156/469/1319 4157/445/1319
f 4158/445/1320 4159/469/1320 4160/648/1320
f 4161/445/1321 4162/648/1321 4163/445/1321
f 4164/445/1322 4165/648/1322 4166/648/1322
f 4167/464/612 4168/650/612 4169/465/612
f 4169/465/612 4168/650/612 4170/649/612
f 4171/473/1323 4172/465/1323 4173/470/1323
f 4174/484/1324 4175/475/1324 4176/485/1324
f 4177/485/1324 4178/475/1324 4179/486/1324
f 4180/475/1324 4181/478/1324 4182/486/1324
f 4183/486/1325 4184/478/1325 4185/487/1325
f 4186/478/1326 4187/480/1326 4188/487/1326
f 4189/487/1327 4190/480/1327 4191/488/1327
f 4192/480/1327 4193/482/1327 4194/488/1327
f 4195/488/1327 4196/482/1327 4197/489/1327
f 4198/483/1328 4199/482/1328 4200/481/1328
f 4201/482/1328 4202/480/1328 4203/481/1328
f 4204/481/1329 4205/480/1329 4206/479/1329
f 4207/480/1330 4208/478/1330 4209/479/1330
f 4210/479/1331 4211/478/1331 4212/477/1331
f 4213/478/1331 4214/475/1331 4215/477/1331
f 4216/477/1332 4217/475/1332 4218/476/1332
f 4219/475/1333 4220/474/1333 4221/476/1333
f 4222/475/1334 4223/484/1334 4224/474/1334
f 4225/474/1335 4226/484/1335 4227/490/1335
